state_code,state_name_english,state_census2011_code,district_code,district_name_english,district_census2011_code,subdistrict_code,subdistrict_name_english,subdistrict_census2011_code,state_or_ut
8,Rajasthan,8.0,783,Jaipur (Gramin),,7140,Aandhi,0.0,S
24,Gujarat,24.0,449,Kachchh,468.0,3728,Abdasa,3728.0,S
22,Chhattisgarh,22.0,387,Raipur,410.0,3331,Abhanpur,3331.0,S
24,Gujarat,24.0,459,Surat,492.0,6518,Adajan,0.0,S
21,Odisha,21.0,353,Gajapati,389.0,3100,Adava,3100.0,S
36,Telangana,0.0,514,Nalgonda,539.0,6304,Adavidevulapalli,0.0,S
36,Telangana,0.0,697,Yadadri Bhuvanagiri,0.0,6310,Adda Guduru,0.0,S
23,Madhya Pradesh,23.0,411,Jabalpur,451.0,7024,Adhartal,0.0,S
20,Jharkhand,20.0,341,Saraikela Kharsawan,369.0,2752,Adityapur(Gamharia),2752.0,S
28,Andhra Pradesh,28.0,511,Kurnool,552.0,5271,Adoni,5271.0,S
18,Assam,18.0,285,Dhubri,301.0,2006,Agamoni,2006.0,S
21,Odisha,21.0,348,Bhadrak,378.0,2910,Agarpada,2910.0,S
24,Gujarat,24.0,444,Dangs,489.0,3921,Ahwa,3921.0,S
22,Chhattisgarh,22.0,379,Janjgir-Champa,405.0,3278,Akaltara,3278.0,S
9,Uttar Pradesh,9.0,121,Ambedkar Nagar,178.0,910,Akbarpur,910.0,S
1,Jammu And Kashmir,1.0,5,Jammu,21.0,78,Akhnoor,78.0,U
27,Maharashtra,27.0,467,Akola,501.0,3991,Akola,3991.0,S
13,Nagaland,13.0,251,Zunheboto,263.0,1768,Akuluto,1768.0,S
33,Tamil Nadu,33.0,568,Chennai,603.0,5704,Alandur,5704.0,S
33,Tamil Nadu,33.0,581,Perambalur,615.0,5951,Alathur,0.0,S
9,Uttar Pradesh,9.0,120,Prayagraj,175.0,890,Allahabad,890.0,S
8,Rajasthan,8.0,87,Alwar,104.0,499,Alwar,499.0,S
27,Maharashtra,27.0,478,Jalgaon,499.0,3969,Amalner,3969.0,S
36,Telangana,0.0,518,Ranga Reddy,537.0,4563,Amangal,4563.0,S
10,Bihar,10.0,190,Banka,225.0,1346,Amarpur,1346.0,S
21,Odisha,21.0,370,Rayagada,396.0,3172,Ambadala,3172.0,S
16,Tripura,16.0,269,Dhalai,291.0,6697,Ambassa,0.0,S
33,Tamil Nadu,33.0,568,Chennai,603.0,5700,Ambattur,5700.0,S
27,Maharashtra,27.0,490,Pune,521.0,4188,Ambegaon,4188.0,S
27,Maharashtra,27.0,470,Beed,523.0,4225,Ambejogai,4225.0,S
33,Tamil Nadu,33.0,732,Tirupathur,0.0,5719,Ambur,5719.0,S
10,Bihar,10.0,201,Katihar,212.0,1157,Amdabad,1157.0,S
8,Rajasthan,8.0,112,Rajsamand,123.0,641,Amet,641.0,S
33,Tamil Nadu,33.0,568,Chennai,603.0,7161,Aminjikarai,0.0,S
17,Meghalaya,17.0,275,West Jaintia Hills,299.0,1998,Amlarem,1998.0,S
3,Punjab,3.0,30,Fatehgarh Sahib,40.0,222,Amloh,222.0,S
3,Punjab,3.0,27,Amritsar,49.0,256,Amritsar -I,256.0,S
19,West Bengal,19.0,313,Howrah,341.0,2399,Amta - II,2399.0,S
28,Andhra Pradesh,28.0,744,Anakapalli,0.0,4871,Anakapalli,4871.0,S
24,Gujarat,24.0,440,Anand,482.0,6530,Anand City,0.0,S
24,Gujarat,24.0,440,Anand,482.0,3864,Anand Rural,3864.0,S
1,Jammu And Kashmir,1.0,1,Anantnag,14.0,55,Anantnag,55.0,U
1,Jammu And Kashmir,1.0,1,Anantnag,14.0,6822,Anantnag East,0.0,U
10,Bihar,10.0,206,Madhubani,207.0,1096,Andhratharhi,1096.0,S
31,Lakshadweep,31.0,553,Lakshadweep District,587.0,5627,Andrott,5627.0,U
27,Maharashtra,27.0,468,Amravati,503.0,4003,Anjangaon Surji,4003.0,S
36,Telangana,0.0,690,Bhadradri Kothagudem,0.0,6268,Annapureddypalli,0.0,S
29,Karnataka,29.0,536,Dharwad,562.0,7080,Annigeri,0.0,S
21,Odisha,21.0,344,Anugul,384.0,3011,Anugul,3011.0,S
8,Rajasthan,8.0,776,Anupgarh,,462,Anupgarh,462.0,S
9,Uttar Pradesh,9.0,134,Bulandshahr,142.0,748,Anupshahr,748.0,S
10,Bihar,10.0,188,Araria,209.0,1116,Araria,1116.0,S
1,Jammu And Kashmir,1.0,11,Pulwama,12.0,6795,Aripal,0.0,U
27,Maharashtra,27.0,476,Gondia,507.0,4050,Arjuni Morgaon,4050.0,S
29,Karnataka,29.0,539,Hassan,574.0,5558,Arkalgud,5558.0,S
29,Karnataka,29.0,539,Hassan,574.0,5555,Arsikere,5555.0,S
23,Madhya Pradesh,23.0,427,Sehore,445.0,3584,Ashta,3584.0,S
27,Maharashtra,27.0,470,Beed,523.0,4215,Ashti,4215.0,S
8,Rajasthan,8.0,105,Jhalawar,129.0,6055,Asnawar,0.0,S
28,Andhra Pradesh,28.0,511,Kurnool,552.0,5275,Aspari,5275.0,S
9,Uttar Pradesh,9.0,128,Banda,170.0,873,Atarra,873.0,S
21,Odisha,21.0,344,Anugul,384.0,3017,Athmallik,3017.0,S
29,Karnataka,29.0,527,Belagavi,555.0,5434,Athni,5434.0,S
33,Tamil Nadu,33.0,572,Dindigul,612.0,5994,Athoor,0.0,S
28,Andhra Pradesh,28.0,523,West Godavari,546.0,4973,Attili,4973.0,S
19,West Bengal,19.0,306,Purba Bardhaman,335.0,2277,Ausgram - I,2277.0,S
23,Madhya Pradesh,23.0,430,Shajapur,436.0,6510,Avantipur Barodia,0.0,S
33,Tamil Nadu,33.0,568,Chennai,603.0,7163,Ayanavaram,0.0,S
29,Karnataka,29.0,530,Vijayapura,557.0,7069,Babaleshwar,0.0,S
10,Bihar,10.0,206,Madhubani,207.0,1088,Babubarhi,1088.0,S
36,Telangana,0.0,689,Jangoan,0.0,4674,Bachannapet,4674.0,S
21,Odisha,21.0,354,Ganjam,388.0,3077,Badagada,3077.0,S
22,Chhattisgarh,22.0,376,Dakshin Bastar Dantewada,416.0,6509,Bade Bacheli,0.0,S
6,Haryana,6.0,60,Faridabad,88.0,6407,Badkhal,0.0,S
23,Madhya Pradesh,23.0,435,Ujjain,435.0,3514,Badnagar,3514.0,S
27,Maharashtra,27.0,479,Jalna,514.0,4128,Badnapur,4128.0,S
6,Haryana,6.0,62,Gurugram,86.0,6421,Badshahpur St,0.0,S
19,West Bengal,19.0,303,North 24 Parganas,337.0,2328,Baduria,2328.0,S
28,Andhra Pradesh,28.0,504,Y.S.R.,551.0,5210,Badvel,5210.0,S
10,Bihar,10.0,211,Pashchim Champaran,203.0,1019,Bagaha,1019.0,S
27,Maharashtra,27.0,487,Nashik,516.0,4145,Baglan,4145.0,S
19,West Bengal,19.0,313,Howrah,341.0,2409,Bagnan - II,2409.0,S
18,Assam,18.0,294,Kokrajhar,300.0,2005,Bagribari (Pt),2005.0,S
10,Bihar,10.0,195,Darbhanga,215.0,1189,Bahadurpur,1189.0,S
23,Madhya Pradesh,23.0,391,Ashoknagar,459.0,6978,Bahadurpur,0.0,S
6,Haryana,6.0,59,Bhiwani,81.0,6432,Bahal St,0.0,S
20,Jharkhand,20.0,327,East Singhbum,357.0,2614,Baharagora,2614.0,S
34,Puducherry,34.0,600,Puducherry,635.0,5912,Bahour,5912.0,U
23,Madhya Pradesh,23.0,423,Ratlam,434.0,3505,Bajna,3505.0,S
8,Rajasthan,8.0,105,Jhalawar,129.0,6666,Bakani,0.0,S
10,Bihar,10.0,191,Begusarai,222.0,1316,Bakhri,1316.0,S
36,Telangana,0.0,700,Medchal Malkajgiri,0.0,4517,Balanagar,4517.0,S
12,Arunachal Pradesh,12.0,242,West Kameng,246.0,6564,Balemu Circle,0.0,S
21,Odisha,21.0,346,Baleshwar,377.0,2897,Baleshwar Sadar,2897.0,S
8,Rajasthan,8.0,771,Gangapurcity,,7360,Balghat,0.0,S
21,Odisha,21.0,346,Baleshwar,377.0,2893,Baliapal,2893.0,S
6,Haryana,6.0,60,Faridabad,88.0,426,Ballabgarh,426.0,S
10,Bihar,10.0,201,Katihar,212.0,1146,Balrampur,1146.0,S
8,Rajasthan,8.0,771,Gangapurcity,,527,Bamanwas,527.0,S
21,Odisha,21.0,357,Jharsuguda,371.0,2773,Banaharapali,2773.0,S
19,West Bengal,19.0,314,Jalpaiguri,328.0,7118,Banarhat,0.0,S
23,Madhya Pradesh,23.0,436,Umaria,431.0,3482,Bandhavgarh,3482.0,S
1,Jammu And Kashmir,1.0,623,Bandipora,9.0,41,Bandipora,41.0,U
21,Odisha,21.0,373,Sundargarh,374.0,2830,Banei,2830.0,S
5,Uttarakhand,5.0,53,Pithoragarh,62.0,6356,Bangapani,0.0,S
10,Bihar,10.0,218,Saran,219.0,1252,Baniapur,1252.0,S
10,Bihar,10.0,213,Purbi Champaran,204.0,1035,Banjaria,1035.0,S
10,Bihar,10.0,196,Gaya,236.0,1500,Banke Bazar,1500.0,S
24,Gujarat,24.0,453,Navsari,490.0,3926,Bansda,3926.0,S
20,Jharkhand,20.0,342,Simdega,367.0,2726,Bansjor,2726.0,S
36,Telangana,0.0,685,Kamareddy,0.0,4383,Banswada,4383.0,S
28,Andhra Pradesh,28.0,510,Krishna,547.0,5019,Bantumilli,5019.0,S
8,Rajasthan,8.0,772,Phalodi,,6048,Bap,0.0,S
10,Bihar,10.0,190,Banka,225.0,1349,Barahat,1349.0,S
23,Madhya Pradesh,23.0,421,Raisen,446.0,3594,Baraily,3594.0,S
27,Maharashtra,27.0,490,Pune,521.0,4199,Baramati,4199.0,S
19,West Bengal,19.0,303,North 24 Parganas,337.0,2326,Barasat - II,2326.0,S
10,Bihar,10.0,197,Gopalganj,217.0,1226,Barauli,1226.0,S
21,Odisha,21.0,361,Kendujhar,375.0,2834,Barbil,2834.0,S
30,Goa,30.0,551,North Goa,585.0,5610,Bardez,5610.0,S
20,Jharkhand,20.0,340,Sahebganj,352.0,2567,Barhait,2567.0,S
21,Odisha,21.0,361,Kendujhar,375.0,2841,Baria,2841.0,S
21,Odisha,21.0,365,Mayurbhanj,376.0,2888,Baripada (M),2888.0,S
21,Odisha,21.0,365,Mayurbhanj,376.0,2872,Baripada Sadar,2872.0,S
20,Jharkhand,20.0,332,Hazaribagh,360.0,2650,Barkatha,2650.0,S
8,Rajasthan,8.0,771,Gangapurcity,,7224,Barnala,0.0,S
2,Himachal Pradesh,2.0,18,Kangra,24.0,102,Baroh,102.0,S
10,Bihar,10.0,189,Aurangabad,235.0,1482,Barun,1482.0,S
6,Haryana,6.0,70,Panchkula,69.0,6460,Barwala St,0.0,S
19,West Bengal,19.0,303,North 24 Parganas,337.0,2329,Basirhat - I,2329.0,S
10,Bihar,10.0,206,Madhubani,207.0,1082,Basopatti,1082.0,S
8,Rajasthan,8.0,95,Chittorgarh,126.0,7133,Bassi,0.0,S
22,Chhattisgarh,22.0,374,Bastar,414.0,3363,Bastar,3363.0,S
21,Odisha,21.0,348,Bhadrak,378.0,2915,Basudebpur,2915.0,S
17,Meghalaya,17.0,278,West Garo Hills,293.0,7339,Batabari,0.0,S
3,Punjab,3.0,28,Bathinda,46.0,245,Bathinda,245.0,S
21,Odisha,21.0,349,Boudh,391.0,3129,Baunsuni,3129.0,S
8,Rajasthan,8.0,91,Bharatpur,105.0,513,Bayana,513.0,S
27,Maharashtra,27.0,470,Beed,523.0,4221,Beed,4221.0,S
28,Andhra Pradesh,28.0,753,Annamayya,0.0,5391,Beerongi Kothakota,5391.0,S
21,Odisha,21.0,362,Khordha,386.0,3035,Begunia,3035.0,S
9,Uttar Pradesh,9.0,177,Saharanpur,132.0,701,Behat,701.0,S
10,Bihar,10.0,193,Bhojpur,231.0,1427,Behea,1427.0,S
36,Telangana,0.0,692,Siddipet,0.0,4437,Bejjanki,4437.0,S
8,Rajasthan,8.0,97,Dausa,109.0,7135,Bejupada,0.0,S
10,Bihar,10.0,196,Gaya,236.0,1489,Belaganj,1489.0,S
10,Bihar,10.0,212,Patna,230.0,1416,Belchhi,1416.0,S
10,Bihar,10.0,202,Khagaria,223.0,1326,Beldaur,1326.0,S
36,Telangana,0.0,684,Mancherial,0.0,4350,Bellampally,4350.0,S
29,Karnataka,29.0,525,Bengaluru Urban,572.0,5542,Bengaluru North,5542.0,S
29,Karnataka,29.0,525,Bengaluru Urban,572.0,5543,Bengaluru South,5543.0,S
18,Assam,18.0,612,Chirang,320.0,2113,Bengtol,2113.0,S
10,Bihar,10.0,206,Madhubani,207.0,1091,Benipatti,1091.0,S
10,Bihar,10.0,195,Darbhanga,215.0,1188,Benipur,1188.0,S
23,Madhya Pradesh,23.0,429,Shahdol,460.0,3689,Beohari,3689.0,S
6,Haryana,6.0,64,Jhajjar,83.0,407,Beri,407.0,S
1,Jammu And Kashmir,1.0,12,Rajouri,6.0,6776,Beri Pattan,0.0,U
5,Uttarakhand,5.0,51,Nainital,66.0,339,Betalghat,339.0,S
21,Odisha,21.0,365,Mayurbhanj,376.0,2881,Betanati,2881.0,S
23,Madhya Pradesh,23.0,394,Betul,447.0,3600,Betul,3600.0,S
10,Bihar,10.0,200,Kaimur (Bhabua),233.0,1453,Bhabua,1453.0,S
24,Gujarat,24.0,449,Kachchh,468.0,3724,Bhachau,3724.0,S
9,Uttar Pradesh,9.0,179,Bhadohi,198.0,997,Bhadohi,997.0,S
21,Odisha,21.0,348,Bhadrak,378.0,2914,Bhadrak Rural,2914.0,S
19,West Bengal,19.0,319,Murshidabad,333.0,2231,Bhagawangola - I,2231.0,S
23,Madhya Pradesh,23.0,394,Betul,447.0,3598,Bhainsdehi,3598.0,S
22,Chhattisgarh,22.0,648,Surajpur,0.0,3244,Bhaiyathan,3244.0,S
1,Jammu And Kashmir,1.0,4,Doda,16.0,6755,Bhalla,0.0,U
28,Andhra Pradesh,28.0,743,Parvathipuram Manyam,0.0,4771,Bhamini,4771.0,S
27,Maharashtra,27.0,471,Bhandara,506.0,4039,Bhandara,4039.0,S
13,Nagaland,13.0,250,Wokha,264.0,1782,Bhandari,1782.0,S
23,Madhya Pradesh,23.0,416,Mandsaur,433.0,3492,Bhanpura,3492.0,S
22,Chhattisgarh,22.0,374,Bastar,414.0,7312,Bhanpuri,0.0,S
2,Himachal Pradesh,2.0,15,Bilaspur,30.0,153,Bharari,153.0,S
22,Chhattisgarh,22.0,760,Manendragarh-Chirmiri-Bharatpur(M C B),0.0,3231,Bharatpur,3231.0,S
8,Rajasthan,8.0,91,Bharatpur,105.0,511,Bharatpur,511.0,S
19,West Bengal,19.0,319,Murshidabad,333.0,2247,Bharatpur - I,2247.0,S
9,Uttar Pradesh,9.0,139,Etawah,161.0,839,Bharthana,839.0,S
21,Odisha,21.0,373,Sundargarh,374.0,2806,Bhasma,2806.0,S
22,Chhattisgarh,22.0,644,Balodabazar-Bhatapara,0.0,3325,Bhatapara,3325.0,S
22,Chhattisgarh,22.0,648,Surajpur,0.0,7310,Bhatgaon,0.0,S
5,Uttarakhand,5.0,57,Uttar Kashi,56.0,283,Bhatwari,283.0,S
33,Tamil Nadu,33.0,573,Erode,610.0,5750,Bhavani,5750.0,S
2,Himachal Pradesh,2.0,18,Kangra,24.0,6939,Bhawarna,0.0,S
24,Gujarat,24.0,448,Junagadh,479.0,3828,Bhesan,3828.0,S
22,Chhattisgarh,22.0,378,Durg,409.0,7329,Bhilai-3,0.0,S
28,Andhra Pradesh,28.0,523,West Godavari,546.0,4984,Bhimavaram,4984.0,S
23,Madhya Pradesh,23.0,395,Bhind,420.0,6994,Bhind Nagar,0.0,S
6,Haryana,6.0,59,Bhiwani,81.0,398,Bhiwani,398.0,S
36,Telangana,0.0,697,Yadadri Bhuvanagiri,0.0,4628,Bhongir,4628.0,S
8,Rajasthan,8.0,95,Chittorgarh,126.0,6057,Bhopalsagar,0.0,S
10,Bihar,10.0,197,Gopalganj,217.0,1217,Bhorey,1217.0,S
21,Odisha,21.0,362,Khordha,386.0,3055,Bhubaneswar (M.Corp.),3055.0,S
2,Himachal Pradesh,2.0,20,Kullu,26.0,6887,Bhuntar,0.0,S
10,Bihar,10.0,217,Samastipur,221.0,1299,Bibhutpur,1299.0,S
36,Telangana,0.0,685,Kamareddy,0.0,6242,Bibipet,0.0,S
22,Chhattisgarh,22.0,636,Bijapur,417.0,3378,Bijapur,3378.0,S
21,Odisha,21.0,344,Anugul,384.0,3008,Bikrampur,3008.0,S
23,Madhya Pradesh,23.0,436,Umaria,431.0,6974,Bilaspur,0.0,S
22,Chhattisgarh,22.0,375,Bilaspur,406.0,3295,Bilaspur,3295.0,S
23,Madhya Pradesh,23.0,425,Sagar,427.0,3443,Bina,3443.0,S
10,Bihar,10.0,209,Nalanda,229.0,1383,Bind,1383.0,S
9,Uttar Pradesh,9.0,142,Fatehpur,172.0,877,Bindki,877.0,S
19,West Bengal,19.0,703,Jhargram,0.0,2442,Binpur - I,2442.0,S
21,Odisha,21.0,373,Sundargarh,374.0,2816,Biramitrapur,2816.0,S
21,Odisha,21.0,355,Jagatsinghapur,380.0,2941,Biridi,2941.0,S
23,Madhya Pradesh,23.0,392,Balaghat,457.0,7033,Birsa,0.0,S
20,Jharkhand,20.0,338,Palamu,358.0,2624,Bishrampur,2624.0,S
20,Jharkhand,20.0,328,Garhwa,346.0,2502,Bishunpura,2502.0,S
8,Rajasthan,8.0,106,Jhunjhunu,103.0,7218,Bissau,0.0,S
31,Lakshadweep,31.0,553,Lakshadweep District,587.0,5621,Bitra,5621.0,U
36,Telangana,0.0,501,Adilabad,532.0,4324,Boath,4324.0,S
10,Bihar,10.0,196,Gaya,236.0,1505,Bodh Gaya,1505.0,S
28,Andhra Pradesh,28.0,515,Sri Potti Sriramulu Nellore,550.0,5159,Bogole,5159.0,S
12,Arunachal Pradesh,12.0,679,Siang,0.0,1643,Boleng Adc,1643.0,S
12,Arunachal Pradesh,12.0,242,West Kameng,246.0,6568,Bomdila Hq,0.0,S
21,Odisha,21.0,373,Sundargarh,374.0,2819,Bondamunda,2819.0,S
18,Assam,18.0,281,Bongaigaon,319.0,2110,Bongaigaon (Pt),2110.0,S
12,Arunachal Pradesh,12.0,229,Changlang,253.0,1683,Bordumsa Adc,1683.0,S
21,Odisha,21.0,363,Koraput,398.0,3200,Boriguma,3200.0,S
14,Manipur,14.0,713,Jiribam,0.0,6490,Borobekra,0.0,S
24,Gujarat,24.0,676,Botad,0.0,3850,Botad,3850.0,S
21,Odisha,21.0,373,Sundargarh,374.0,2820,Brahmani Tarang,2820.0,S
21,Odisha,21.0,354,Ganjam,388.0,3099,Brahmapur (M.Corp.),3099.0,S
21,Odisha,21.0,357,Jharsuguda,371.0,2775,Brajarajnagar,2775.0,S
23,Madhya Pradesh,23.0,427,Sehore,445.0,3588,Budni,3588.0,S
8,Rajasthan,8.0,94,Bundi,121.0,626,Bundi,626.0,S
15,Mizoram,15.0,265,Lunglei,286.0,1912,Bunghmun,1912.0,S
15,Mizoram,15.0,264,Lawngtlai,287.0,1918,Bungtlang S,1918.0,S
23,Madhya Pradesh,23.0,397,Burhanpur,467.0,6972,Burhanpur Nagar,0.0,S
19,West Bengal,19.0,319,Murshidabad,333.0,2248,Burwan,2248.0,S
35,Andaman And Nicobar Islands,35.0,603,Nicobars,638.0,5916,Car Nicobar,5916.0,U
29,Karnataka,29.0,530,Vijayapura,557.0,7070,Chadachan,0.0,S
28,Andhra Pradesh,28.0,505,East Godavari,545.0,4959,Chagallu,4959.0,S
9,Uttar Pradesh,9.0,158,Kaushambi,174.0,887,Chail,887.0,S
21,Odisha,21.0,359,Kandhamal,390.0,3116,Chakapada,3116.0,S
9,Uttar Pradesh,9.0,135,Chandauli,196.0,994,Chakia,994.0,S
10,Bihar,10.0,213,Purbi Champaran,204.0,1051,Chakia(Pipra),1051.0,S
8,Rajasthan,8.0,783,Jaipur (Gramin),,550,Chaksu,550.0,S
27,Maharashtra,27.0,481,Latur,524.0,4230,Chakur,4230.0,S
32,Kerala,32.0,566,Thrissur,594.0,5939,Chalakkudy,0.0,S
14,Manipur,14.0,712,Kangpokpi,0.0,6489,Champhai,0.0,S
19,West Bengal,19.0,316,Malda,332.0,2210,Chanchal - I,2210.0,S
21,Odisha,21.0,369,Puri,387.0,3065,Chandanpur,3065.0,S
10,Bihar,10.0,209,Nalanda,229.0,1381,Chandi,1381.0,S
20,Jharkhand,20.0,341,Saraikela Kharsawan,369.0,2748,Chandil,2748.0,S
19,West Bengal,19.0,312,Hooghly,338.0,2351,Chanditala - I,2351.0,S
19,West Bengal,19.0,312,Hooghly,338.0,2352,Chanditala - II,2352.0,S
22,Chhattisgarh,22.0,649,Balrampur-Ramanujganj,0.0,7254,Chando,0.0,S
9,Uttar Pradesh,9.0,132,Bijnor,134.0,716,Chandpur,716.0,S
27,Maharashtra,27.0,468,Amravati,503.0,4013,Chandur Railway,4013.0,S
20,Jharkhand,20.0,335,Latehar,359.0,2643,Chandwa,2643.0,S
20,Jharkhand,20.0,334,Koderma,348.0,2530,Chandwara,2530.0,S
20,Jharkhand,20.0,339,Ranchi,364.0,2694,Chanho,2694.0,S
29,Karnataka,29.0,535,Davangere,567.0,5514,Channagiri,5514.0,S
29,Karnataka,29.0,539,Hassan,574.0,5560,Channarayapatna,5560.0,S
28,Andhra Pradesh,28.0,504,Y.S.R.,551.0,5213,Chapad,5213.0,S
10,Bihar,10.0,218,Saran,219.0,1258,Chapra,1258.0,S
21,Odisha,21.0,371,Sambalpur,372.0,2796,Charamal,2796.0,S
10,Bihar,10.0,193,Bhojpur,231.0,1430,Charpokhari,1430.0,S
20,Jharkhand,20.0,322,Bokaro,355.0,2595,Chas,2595.0,S
2,Himachal Pradesh,2.0,23,Shimla,33.0,185,Chaupal,185.0,S
8,Rajasthan,8.0,109,Kota,127.0,7375,Chechat,0.0,S
13,Nagaland,13.0,247,Mon,261.0,1753,Chen,1753.0,S
32,Kerala,32.0,554,Alappuzha,598.0,5677,Chengannur,5677.0,S
28,Andhra Pradesh,28.0,754,Sri Sathya Sai,0.0,5347,Chennekothapalli,5347.0,S
36,Telangana,0.0,692,Siddipet,0.0,4672,Cherial,4672.0,S
36,Telangana,0.0,518,Ranga Reddy,537.0,4529,Chevella,4529.0,S
33,Tamil Nadu,33.0,730,Chengalpattu,0.0,5711,Cheyyur,5711.0,S
23,Madhya Pradesh,23.0,428,Seoni,456.0,3660,Chhapara,3660.0,S
23,Madhya Pradesh,23.0,398,Chhatarpur,425.0,3429,Chhatarpur,3429.0,S
23,Madhya Pradesh,23.0,398,Chhatarpur,425.0,7006,Chhatarpur Nagar,0.0,S
19,West Bengal,19.0,305,Bankura,339.0,2359,Chhatna,2359.0,S
21,Odisha,21.0,354,Ganjam,388.0,3085,Chhatrapur,3085.0,S
22,Chhattisgarh,22.0,642,Sukma,0.0,3374,Chhindgarh,3374.0,S
23,Madhya Pradesh,23.0,399,Chhindwara,455.0,7020,Chhindwara Nagar,0.0,S
8,Rajasthan,8.0,99,Dungarpur,124.0,6059,Chikhali,0.0,S
1,Jammu And Kashmir,1.0,4,Doda,16.0,6754,Chilly Pingal,0.0,U
36,Telangana,0.0,689,Jangoan,0.0,6259,Chilpur,0.0,S
28,Andhra Pradesh,28.0,750,Bapatla,0.0,5125,Chinaganjam,5125.0,S
13,Nagaland,13.0,249,Tuensang,267.0,1822,Chingmei,1822.0,S
28,Andhra Pradesh,28.0,752,Tirupati,0.0,5385,Chinnagottigallu,5385.0,S
36,Telangana,0.0,692,Siddipet,0.0,4460,Chinnakodur,4460.0,S
36,Telangana,0.0,693,Wanaparthy,0.0,6287,Chinnambavi,0.0,S
36,Telangana,0.0,699,Kumuram Bheem Asifabad,0.0,6314,Chintalamanepally,0.0,S
36,Telangana,0.0,509,Khammam,541.0,4760,Chinthakani,4760.0,S
28,Andhra Pradesh,28.0,504,Y.S.R.,551.0,5231,Chinthakommadinne,5231.0,S
8,Rajasthan,8.0,106,Jhunjhunu,103.0,488,Chirawa,488.0,S
8,Rajasthan,8.0,779,Sanchore,,6046,Chitalwana,0.0,S
20,Jharkhand,20.0,607,Ramgarh,361.0,2664,Chitarpur,2664.0,S
1,Jammu And Kashmir,1.0,625,Shopian,13.0,6799,Chitragam,0.0,U
23,Madhya Pradesh,23.0,638,Singrauli,463.0,3703,Chitrangi,3703.0,S
32,Kerala,32.0,563,Palakkad,593.0,5650,Chittur,5650.0,S
12,Arunachal Pradesh,12.0,678,Namsai,0.0,1731,Chongkham Eac,1731.0,S
24,Gujarat,24.0,459,Surat,492.0,3938,Chorasi,3938.0,S
21,Odisha,21.0,350,Cuttack,381.0,2954,Choudwar,2954.0,S
13,Nagaland,13.0,757,Tseminyu,0.0,5987,Chunlikha,0.0,S
23,Madhya Pradesh,23.0,433,Sidhi,462.0,3698,Churhat,3698.0,S
33,Tamil Nadu,33.0,569,Coimbatore,632.0,5897,Coimbatore North,5897.0,S
33,Tamil Nadu,33.0,569,Coimbatore,632.0,5898,Coimbatore South,5898.0,S
21,Odisha,21.0,344,Anugul,384.0,3007,Colliery,3007.0,S
19,West Bengal,19.0,308,Cooch Behar,329.0,2184,Cooch Behar - II,2184.0,S
33,Tamil Nadu,33.0,570,Cuddalore,617.0,5789,Cuddalore,5789.0,S
22,Chhattisgarh,22.0,762,Sakti,0.0,3284,Dabhra,3284.0,S
23,Madhya Pradesh,23.0,407,Gwalior,421.0,3400,Dabra,3400.0,S
6,Haryana,6.0,74,Sirsa,79.0,389,Dabwali,389.0,S
2,Himachal Pradesh,2.0,18,Kangra,24.0,6918,Dadasiba,0.0,S
6,Haryana,6.0,701,Charki Dadri,0.0,402,Dadri,402.0,S
28,Andhra Pradesh,28.0,515,Sri Potti Sriramulu Nellore,550.0,5166,Dagadarthi,5166.0,S
38,The Dadra And Nagar Haveli And Daman And Diu,,463,Daman,495.0,3948,Daman,3948.0,U
36,Telangana,0.0,721,Narayanpet,0.0,4553,Damargidda,4553.0,S
12,Arunachal Pradesh,12.0,235,Lower Dibang Valley,258.0,1725,Dambuk Adc,1725.0,S
36,Telangana,0.0,514,Nalgonda,539.0,4663,Dameracherla,4663.0,S
23,Madhya Pradesh,23.0,400,Damoh,428.0,6999,Damyanti Nagar,0.0,S
18,Assam,18.0,281,Bongaigaon,319.0,7110,Dangtal Revenue Circle,0.0,S
1,Jammu And Kashmir,1.0,5,Jammu,21.0,6712,Dansal,0.0,U
22,Chhattisgarh,22.0,376,Dakshin Bastar Dantewada,416.0,3369,Dantewada,3369.0,S
12,Arunachal Pradesh,12.0,243,West Siang,250.0,1628,Darak Circle,1628.0,S
22,Chhattisgarh,22.0,374,Bastar,414.0,3366,Darbha,3366.0,S
2,Himachal Pradesh,2.0,18,Kangra,24.0,6901,Dareeni,0.0,S
1,Jammu And Kashmir,1.0,12,Rajouri,6.0,21,Darhal,21.0,U
10,Bihar,10.0,218,Saran,219.0,1264,Dariapur,1264.0,S
21,Odisha,21.0,359,Kandhamal,390.0,3125,Daringbadi,3125.0,S
12,Arunachal Pradesh,12.0,724,Leparada,0.0,1637,Daring Circle,1637.0,S
15,Mizoram,15.0,261,Aizawl,283.0,1902,Darlawn,1902.0,S
27,Maharashtra,27.0,468,Amravati,503.0,4011,Daryapur,4011.0,S
19,West Bengal,19.0,318,Paschim Medinipur,344.0,2450,Daspur - II,2450.0,S
36,Telangana,0.0,680,Nirmal,0.0,6207,Dasturabad,0.0,S
9,Uttar Pradesh,9.0,133,Budaun,149.0,783,Dataganj,783.0,S
23,Madhya Pradesh,23.0,401,Datia,422.0,3405,Datia,3405.0,S
28,Andhra Pradesh,28.0,521,Vizianagaram,543.0,4823,Dattirajeru,4823.0,S
10,Bihar,10.0,189,Aurangabad,235.0,1476,Daudnagar,1476.0,S
22,Chhattisgarh,22.0,649,Balrampur-Ramanujganj,0.0,7251,Daura-Kochali,0.0,S
8,Rajasthan,8.0,97,Dausa,109.0,536,Dausa,536.0,S
21,Odisha,21.0,351,Deogarh,373.0,2800,Debagarh,2800.0,S
19,West Bengal,19.0,318,Paschim Medinipur,344.0,2462,Debra,2462.0,S
24,Gujarat,24.0,452,Narmada,487.0,3911,Dediapada,3911.0,S
8,Rajasthan,8.0,110,Nagaur,112.0,563,Degana,563.0,S
2,Himachal Pradesh,2.0,23,Shimla,33.0,6958,Deha,0.0,S
10,Bihar,10.0,215,Rohtas,234.0,1473,Dehri,1473.0,S
21,Odisha,21.0,369,Puri,387.0,3056,Delanga,3056.0,S
7,Delhi,7.0,79,New Delhi,94.0,452,Delhi Cantonment,452.0,U
28,Andhra Pradesh,28.0,748,Eluru,0.0,4967,Denduluru,4967.0,S
27,Maharashtra,27.0,472,Buldhana,500.0,3985,Deolgaon Raja,3985.0,S
18,Assam,18.0,288,Golaghat,313.0,2084,Dergaon,2084.0,S
27,Maharashtra,27.0,475,Gadchiroli,508.0,4052,Desaiganj (Vadasa),4052.0,S
10,Bihar,10.0,224,Vaishali,220.0,1281,Desri,1281.0,S
24,Gujarat,24.0,438,Ahmedabad,474.0,3778,Detroj-Rampura,3778.0,S
33,Tamil Nadu,33.0,585,Sivaganga,622.0,5831,Devakottai,5831.0,S
22,Chhattisgarh,22.0,378,Durg,409.0,3316,Dhamdha,3316.0,S
24,Gujarat,24.0,441,Banas Kantha,469.0,3734,Dhanera,3734.0,S
19,West Bengal,19.0,312,Hooghly,338.0,2343,Dhaniakhali,2343.0,S
22,Chhattisgarh,22.0,643,Kondagaon,0.0,7320,Dhanora,0.0,S
21,Odisha,21.0,354,Ganjam,388.0,3079,Dharakote,3079.0,S
3,Punjab,3.0,38,Moga,42.0,5996,Dharamkot,0.0,S
27,Maharashtra,27.0,478,Jalgaon,499.0,3968,Dharangaon,3968.0,S
24,Gujarat,24.0,439,Amreli,480.0,3845,Dhari,3845.0,S
8,Rajasthan,8.0,629,Pratapgarh,131.0,696,Dhariawad,696.0,S
3,Punjab,3.0,662,Pathankot,0.0,200,Dhar Kalan,200.0,S
27,Maharashtra,27.0,485,Nanded,511.0,4104,Dharmabad,4104.0,S
27,Maharashtra,27.0,468,Amravati,503.0,4001,Dharni,4001.0,S
21,Odisha,21.0,373,Sundargarh,374.0,2807,Dharuadihi,2807.0,S
6,Haryana,6.0,72,Rewari,85.0,6463,Dharuhera St,0.0,S
36,Telangana,0.0,698,Vikarabad,0.0,4531,Dharur,4531.0,S
27,Maharashtra,27.0,470,Beed,523.0,4223,Dharur,4223.0,S
18,Assam,18.0,284,Dhemaji,308.0,2055,Dhemaji,2055.0,S
21,Odisha,21.0,352,Dhenkanal,383.0,2999,Dhenkanal Sadar,2999.0,S
8,Rajasthan,8.0,114,Sikar,111.0,6387,Dhod,0.0,S
24,Gujarat,24.0,438,Ahmedabad,474.0,6167,Dholera,0.0,S
8,Rajasthan,8.0,90,Barmer,115.0,6050,Dhorimanna,0.0,S
1,Jammu And Kashmir,1.0,622,Kulgam,15.0,61,D H Pora,61.0,U
24,Gujarat,24.0,460,Surendranagar,475.0,3789,Dhrangadhra,3789.0,S
24,Gujarat,24.0,447,Jamnagar,477.0,3816,Dhrol,3816.0,S
23,Madhya Pradesh,23.0,397,Burhanpur,467.0,7402,Dhulcot,0.0,S
10,Bihar,10.0,190,Banka,225.0,1348,Dhuraiya,1348.0,S
19,West Bengal,19.0,304,South 24 Parganas,343.0,2427,Diamond Harbour - II,2427.0,S
8,Rajasthan,8.0,768,Didwana-Kuchaman,,558,Didwana,558.0,S
21,Odisha,21.0,354,Ganjam,388.0,3096,Digapahandi,3096.0,S
38,The Dadra And Nagar Haveli And Daman And Diu,,464,Diu,494.0,3947,Diu,3947.0,U
18,Assam,18.0,709,Hojai,0.0,2039,Doboka,2039.0,S
29,Karnataka,29.0,526,Bengaluru Rural,583.0,5602,Dodda Ballapur,5602.0,S
2,Himachal Pradesh,2.0,23,Shimla,33.0,193,Dodra Kwar,193.0,S
24,Gujarat,24.0,641,Tapi,493.0,6200,Dolvan,0.0,S
19,West Bengal,19.0,319,Murshidabad,333.0,2235,Domkal,2235.0,S
22,Chhattisgarh,22.0,388,Rajnandgaon,408.0,3304,Dongargarh,3304.0,S
28,Andhra Pradesh,28.0,517,Prakasam,549.0,5100,Dornala,5100.0,S
1,Jammu And Kashmir,1.0,8,Kupwara,1.0,6786,Drugmulla,0.0,U
19,West Bengal,19.0,307,Birbhum,334.0,2266,Dubrajpur,2266.0,S
20,Jharkhand,20.0,327,East Singhbum,357.0,2610,Dumaria,2610.0,S
28,Andhra Pradesh,28.0,745,Alluri Sitharama Raju,0.0,4843,Dumbriguda,4843.0,S
10,Bihar,10.0,194,Buxar,232.0,1440,Dumraon,1440.0,S
20,Jharkhand,20.0,329,Giridih,349.0,2543,Dumri,2543.0,S
10,Bihar,10.0,220,Sheohar,205.0,1061,Dumri Katsari,1061.0,S
8,Rajasthan,8.0,116,Tonk,120.0,6910,Duni,0.0,S
28,Andhra Pradesh,28.0,751,Palnadu,0.0,5042,Durgi,5042.0,S
28,Andhra Pradesh,28.0,748,Eluru,0.0,4955,Dwarakatirumala,4955.0,S
33,Tamil Nadu,33.0,584,Salem,608.0,5738,Edappadi,5738.0,S
19,West Bengal,19.0,317,Purba Medinipur,345.0,2491,Egra - I,2491.0,S
36,Telangana,0.0,508,Karimnagar,534.0,6234,Ellandakunta,0.0,S
21,Odisha,21.0,355,Jagatsinghapur,380.0,2938,Ersama,2938.0,S
36,Telangana,0.0,720,Mulugu,0.0,4685,Eturunagaram,4685.0,S
6,Haryana,6.0,60,Faridabad,88.0,425,Faridabad,425.0,S
6,Haryana,6.0,62,Gurugram,86.0,418,Farrukhnagar,418.0,S
3,Punjab,3.0,30,Fatehgarh Sahib,40.0,221,Fatehgarh Sahib,221.0,S
8,Rajasthan,8.0,114,Sikar,111.0,551,Fatehpur,551.0,S
2,Himachal Pradesh,2.0,18,Kangra,24.0,95,Fatehpur,95.0,S
20,Jharkhand,20.0,333,Jamtara,363.0,2680,Fatehpur,2680.0,S
24,Gujarat,24.0,445,Dahod,485.0,3890,Fatepura,3890.0,S
5,Uttarakhand,5.0,56,Udam Singh Nagar,67.0,350,Gadarpur,350.0,S
22,Chhattisgarh,22.0,642,Sukma,0.0,7273,Gadiras,0.0,S
21,Odisha,21.0,369,Puri,387.0,3068,Gadisagada,3068.0,S
28,Andhra Pradesh,28.0,755,Nandyal,0.0,5281,Gadivemula,5281.0,S
10,Bihar,10.0,208,Muzaffarpur,216.0,1209,Gaighat,1209.0,S
21,Odisha,21.0,347,Bargarh,370.0,2759,Gaisilet,2759.0,S
29,Karnataka,29.0,537,Gadag,561.0,7082,Gajendragad,0.0,S
6,Haryana,6.0,75,Sonipat,76.0,379,Ganaur,379.0,S
24,Gujarat,24.0,446,Gandhinagar,473.0,3775,Gandhinagar,3775.0,S
21,Odisha,21.0,352,Dhenkanal,383.0,2991,Gandia,2991.0,S
28,Andhra Pradesh,28.0,754,Sri Sathya Sai,0.0,5342,Gandlapenta,5342.0,S
28,Andhra Pradesh,28.0,503,Chittoor,554.0,5420,Gangadhara Nellore,5420.0,S
8,Rajasthan,8.0,771,Gangapurcity,,526,Gangapur,526.0,S
5,Uttarakhand,5.0,53,Pithoragarh,62.0,319,Gangolihat,319.0,S
12,Arunachal Pradesh,12.0,677,Kra Daadi,0.0,1710,Gangte Circle,1710.0,S
28,Andhra Pradesh,28.0,519,Srikakulam,542.0,4797,Ganguvarisigadam,4797.0,S
21,Odisha,21.0,354,Ganjam,388.0,3086,Ganjam,3086.0,S
28,Andhra Pradesh,28.0,510,Krishna,547.0,5012,Gannavaram,5012.0,S
36,Telangana,0.0,508,Karimnagar,534.0,6232,Ganneruvaram,0.0,S
8,Rajasthan,8.0,88,Banswara,125.0,6611,Ganoda,0.0,S
10,Bihar,10.0,191,Begusarai,222.0,1306,Garhpura,1306.0,S
20,Jharkhand,20.0,335,Latehar,359.0,2638,Garu,2638.0,S
5,Uttarakhand,5.0,46,Bageshwar,63.0,324,Garud,324.0,S
28,Andhra Pradesh,28.0,743,Parvathipuram Manyam,0.0,4811,Garugubilli,4811.0,S
10,Bihar,10.0,211,Pashchim Champaran,203.0,1015,Gaunaha,1015.0,S
29,Karnataka,29.0,630,Chikkaballapura,582.0,5595,Gauribidanur,5595.0,S
23,Madhya Pradesh,23.0,398,Chhatarpur,425.0,3424,Gaurihar,3424.0,S
18,Assam,18.0,285,Dhubri,301.0,7115,Gauripur,0.0,S
9,Uttar Pradesh,9.0,144,Gautam Buddha Nagar,141.0,743,Gautam Buddha Nagar,743.0,S
1,Jammu And Kashmir,1.0,624,Samba,22.0,6721,Ghagwal,0.0,U
2,Himachal Pradesh,2.0,26,Una,29.0,6888,Ghanari,0.0,S
9,Uttar Pradesh,9.0,178,Sant Kabir Nagar,186.0,943,Ghanghata,943.0,S
10,Bihar,10.0,195,Darbhanga,215.0,1194,Ghanshyampur,1194.0,S
8,Rajasthan,8.0,772,Phalodi,,7221,Ghantiyali,0.0,S
24,Gujarat,24.0,443,Bhavnagar,481.0,3855,Ghogha,3855.0,S
23,Madhya Pradesh,23.0,415,Mandla,454.0,3644,Ghughari,3644.0,S
28,Andhra Pradesh,28.0,745,Alluri Sitharama Raju,0.0,4848,G.Madugula,4848.0,S
33,Tamil Nadu,33.0,573,Erode,610.0,5751,Gobichettipalayam,5751.0,S
22,Chhattisgarh,22.0,387,Raipur,410.0,7259,Gobra Nawapara,0.0,S
12,Arunachal Pradesh,12.0,628,Anjaw,260.0,1738,Goiliang Circle,1738.0,S
29,Karnataka,29.0,527,Belagavi,555.0,5436,Gokak,5436.0,S
20,Jharkhand,20.0,607,Ramgarh,361.0,2665,Gola,2665.0,S
18,Assam,18.0,285,Dhubri,301.0,6015,Golakganj Pt,2007.0,S
20,Jharkhand,20.0,327,East Singhbum,357.0,2606,Golmuri-Cum-Jugsalai,2606.0,S
28,Andhra Pradesh,28.0,744,Anakapalli,0.0,4853,Golugonda,4853.0,S
9,Uttar Pradesh,9.0,147,Gonda,183.0,928,Gonda,928.0,S
28,Andhra Pradesh,28.0,511,Kurnool,552.0,5270,Gonegandla,5270.0,S
21,Odisha,21.0,369,Puri,387.0,3062,Gop,3062.0,S
28,Andhra Pradesh,28.0,520,Visakhapatnam,544.0,6838,Gopalapatnam,0.0,S
10,Bihar,10.0,197,Gopalganj,217.0,1224,Gopalganj,1224.0,S
36,Telangana,0.0,693,Wanaparthy,0.0,4596,Gopalpeta,4596.0,S
10,Bihar,10.0,195,Darbhanga,215.0,1196,Gora Bauram,1196.0,S
10,Bihar,10.0,224,Vaishali,220.0,1272,Goraul,1272.0,S
27,Maharashtra,27.0,476,Gondia,507.0,4045,Goregaon,4045.0,S
10,Bihar,10.0,222,Siwan,218.0,1232,Goriakothi,1232.0,S
6,Haryana,6.0,74,Sirsa,79.0,6471,Goriwala St,0.0,S
19,West Bengal,19.0,304,South 24 Parganas,343.0,2435,Gosaba,2435.0,S
8,Rajasthan,8.0,90,Barmer,115.0,581,Gudha Malani,581.0,S
36,Telangana,0.0,501,Adilabad,532.0,4310,Gudihatnoor,4310.0,S
33,Tamil Nadu,33.0,595,Vellore,605.0,5712,Gudiyatham,5712.0,S
28,Andhra Pradesh,28.0,503,Chittoor,554.0,5426,Gudupalle,5426.0,S
23,Madhya Pradesh,23.0,437,Vidisha,443.0,3578,Gulabganj,3578.0,S
28,Andhra Pradesh,28.0,502,Ananthapuramu,553.0,5319,Gummagatta,5319.0,S
33,Tamil Nadu,33.0,589,Thiruvallur,602.0,5693,Gummidipoondi,5693.0,S
12,Arunachal Pradesh,12.0,237,Papum Pare,248.0,6602,Gumto Circle,0.0,S
23,Madhya Pradesh,23.0,406,Guna,458.0,3677,Guna,3677.0,S
22,Chhattisgarh,22.0,646,Balod,0.0,3319,Gunderdehi,3319.0,S
1,Jammu And Kashmir,1.0,4,Doda,16.0,6749,Gundna,0.0,U
23,Madhya Pradesh,23.0,420,Panna,426.0,3438,Gunnor,3438.0,S
6,Haryana,6.0,62,Gurugram,86.0,417,Gurgaon,417.0,S
28,Andhra Pradesh,28.0,753,Annamayya,0.0,5370,Gurramkonda,5370.0,S
21,Odisha,21.0,350,Cuttack,381.0,2952,Gurudijhatia,2952.0,S
21,Odisha,21.0,373,Sundargarh,374.0,2828,Gurundia,2828.0,S
22,Chhattisgarh,22.0,646,Balod,0.0,3323,Gurur,3323.0,S
10,Bihar,10.0,222,Siwan,218.0,1241,Guthani,1241.0,S
10,Bihar,10.0,205,Madhepura,213.0,1165,Gwalpara,1165.0,S
9,Uttar Pradesh,9.0,179,Bhadohi,198.0,998,Gyanpur,998.0,S
20,Jharkhand,20.0,338,Palamu,358.0,2616,Haidernagar,2616.0,S
29,Karnataka,29.0,550,Uttara Kannada,563.0,5480,Haliyal,5480.0,S
8,Rajasthan,8.0,93,Bikaner,101.0,7378,Handa,0.0,S
23,Madhya Pradesh,23.0,408,Harda,448.0,3609,Handiya,3609.0,S
8,Rajasthan,8.0,101,Hanumangarh,100.0,468,Hanumangarh,468.0,S
29,Karnataka,29.0,738,Vijayanagar,0.0,5510,Harapanahalli,5510.0,S
22,Chhattisgarh,22.0,383,Korba,404.0,7271,Hardibazar,0.0,S
5,Uttarakhand,5.0,50,Haridwar,68.0,354,Hardwar,354.0,S
29,Karnataka,29.0,535,Davangere,567.0,5509,Harihar,5509.0,S
2,Himachal Pradesh,2.0,24,Sirmaur,32.0,6953,Haripurdhar,0.0,S
19,West Bengal,19.0,316,Malda,332.0,2209,Harischandrapur - II,2209.0,S
10,Bihar,10.0,213,Purbi Champaran,204.0,1043,Harsidhi,1043.0,S
36,Telangana,0.0,686,Hanumakonda,0.0,4678,Hasanparthy,4678.0,S
10,Bihar,10.0,217,Samastipur,221.0,1302,Hasanpur,1302.0,S
9,Uttar Pradesh,9.0,154,Amroha,137.0,731,Hasanpur,731.0,S
29,Karnataka,29.0,539,Hassan,574.0,5556,Hassan,5556.0,S
20,Jharkhand,20.0,343,West Singhbhum,368.0,2738,Hat Gamharia,2738.0,S
6,Haryana,6.0,619,Palwal,89.0,428,Hathin,428.0,S
36,Telangana,0.0,691,Sangareddy,0.0,4489,Hathnoora,4489.0,S
27,Maharashtra,27.0,480,Kolhapur,530.0,4285,Hatkanangle,4285.0,S
7,Delhi,7.0,83,South,98.0,454,Hauz Khas,454.0,U
1,Jammu And Kashmir,1.0,10,Poonch,5.0,16,Haveli,16.0,U
36,Telangana,0.0,518,Ranga Reddy,537.0,4525,Hayathnagar,4525.0,S
19,West Bengal,19.0,310,Dakshin Dinajpur,331.0,2203,Hilli,2203.0,S
28,Andhra Pradesh,28.0,754,Sri Sathya Sai,0.0,5364,Hindupur,5364.0,S
18,Assam,18.0,709,Hojai,0.0,2038,Hojai,2038.0,S
29,Karnataka,29.0,738,Vijayanagar,0.0,5498,Hosapete,5498.0,S
32,Kerala,32.0,558,Kasaragod,588.0,5631,Hosdurg,5631.0,S
23,Madhya Pradesh,23.0,409,Narmadapuram,449.0,3614,Hoshangabad,3614.0,S
3,Punjab,3.0,33,Hoshiarpur,38.0,216,Hoshiarpur,216.0,S
29,Karnataka,29.0,536,Dharwad,562.0,7079,Hubballi Urban,0.0,S
29,Karnataka,29.0,527,Belagavi,555.0,5437,Hukeri,5437.0,S
28,Andhra Pradesh,28.0,745,Alluri Sitharama Raju,0.0,4846,Hukumpeta,4846.0,S
10,Bihar,10.0,199,Jehanabad,239.0,1541,Hulasganj,1541.0,S
29,Karnataka,29.0,529,Bidar,558.0,7086,Hulsoor,0.0,S
23,Madhya Pradesh,23.0,424,Rewa,430.0,3479,Huzur,3479.0,S
23,Madhya Pradesh,23.0,396,Bhopal,444.0,3581,Huzur,3581.0,S
23,Madhya Pradesh,23.0,424,Rewa,430.0,7041,Huzur Nagar,0.0,S
36,Telangana,0.0,681,Jagitial,0.0,4393,Ibrahimpatnam,4393.0,S
23,Madhya Pradesh,23.0,427,Sehore,445.0,3586,Ichhawar,3586.0,S
27,Maharashtra,27.0,487,Nashik,516.0,4153,Igatpuri,4153.0,S
9,Uttar Pradesh,9.0,119,Aligarh,143.0,756,Iglas,756.0,S
33,Tamil Nadu,33.0,582,Pudukkottai,621.0,5818,Iluppur,5818.0,S
10,Bihar,10.0,196,Gaya,236.0,1501,Imamganj,1501.0,S
36,Telangana,0.0,501,Adilabad,532.0,4311,Inderavelly,4311.0,S
6,Haryana,6.0,67,Karnal,74.0,371,Indri,371.0,S
28,Andhra Pradesh,28.0,515,Sri Potti Sriramulu Nellore,550.0,5179,Indukurpet,5179.0,S
21,Odisha,21.0,344,Anugul,384.0,3013,Industrial,3013.0,S
28,Andhra Pradesh,28.0,751,Palnadu,0.0,5065,Ipuru,5065.0,S
28,Andhra Pradesh,28.0,523,West Godavari,546.0,4979,Iragavaram,4979.0,S
19,West Bengal,19.0,311,Uttar Dinajpur,330.0,2192,Islampur,2192.0,S
21,Odisha,21.0,367,Nayagarh,385.0,3029,Itamati,3029.0,S
12,Arunachal Pradesh,12.0,237,Papum Pare,248.0,6604,Itanagar Eac,0.0,S
20,Jharkhand,20.0,323,Chatra,347.0,2520,Itkhori,2520.0,S
29,Karnataka,29.0,535,Davangere,567.0,5511,Jagalur,5511.0,S
28,Andhra Pradesh,28.0,749,Ntr,0.0,4991,Jaggaiahpeta,4991.0,S
36,Telangana,0.0,699,Kumuram Bheem Asifabad,0.0,4320,Jainoor,4320.0,S
23,Madhya Pradesh,23.0,429,Shahdol,460.0,3690,Jaisinghnagar,3690.0,S
8,Rajasthan,8.0,774,Beawar,,597,Jaitaran,597.0,S
21,Odisha,21.0,356,Jajapur,382.0,2977,Jajapur,2977.0,S
36,Telangana,0.0,696,Suryapet,0.0,4623,Jajireddygudem,4623.0,S
5,Uttarakhand,5.0,54,Rudra Prayag,58.0,292,Jakholi*,292.0,S
28,Andhra Pradesh,28.0,515,Sri Potti Sriramulu Nellore,550.0,5157,Jaladanki,5157.0,S
24,Gujarat,24.0,453,Navsari,490.0,3923,Jalalpore,3923.0,S
3,Punjab,3.0,34,Jalandhar,37.0,212,Jalandhar - I,212.0,S
3,Punjab,3.0,34,Jalandhar,37.0,213,Jalandhar - II,213.0,S
8,Rajasthan,8.0,104,Jalore,116.0,587,Jalor,587.0,S
19,West Bengal,19.0,306,Purba Bardhaman,335.0,2295,Jamalpur,2295.0,S
19,West Bengal,19.0,703,Jhargram,0.0,2455,Jamboni,2455.0,S
24,Gujarat,24.0,457,Rajkot,476.0,3808,Jamkandorna,3808.0,S
29,Karnataka,29.0,524,Bagalkote,556.0,5443,Jamkhandi,5443.0,S
27,Maharashtra,27.0,466,Ahmednagar,522.0,4214,Jamkhed,4214.0,S
1,Jammu And Kashmir,1.0,5,Jammu,21.0,6718,Jammu West,0.0,U
20,Jharkhand,20.0,333,Jamtara,363.0,2678,Jamtara,2678.0,S
20,Jharkhand,20.0,329,Giridih,349.0,2536,Jamua,2536.0,S
8,Rajasthan,8.0,767,Deeg,,7380,Januthar,0.0,S
27,Maharashtra,27.0,494,Satara,527.0,4263,Jaoli,4263.0,S
21,Odisha,21.0,354,Ganjam,388.0,3098,Jarada,3098.0,S
20,Jharkhand,20.0,322,Bokaro,355.0,2594,Jaridih,2594.0,S
20,Jharkhand,20.0,326,Dumka,362.0,2667,Jarmundi,2667.0,S
23,Madhya Pradesh,23.0,419,Neemuch,432.0,3487,Jawad,3487.0,S
8,Rajasthan,8.0,110,Nagaur,112.0,559,Jayal,559.0,S
23,Madhya Pradesh,23.0,422,Rajgarh,442.0,3563,Jeerapur,3563.0,S
12,Arunachal Pradesh,12.0,240,Upper Siang,252.0,1664,Jengging Circle,1664.0,S
14,Manipur,14.0,260,Ukhrul,279.0,6481,Jessami,0.0,S
24,Gujarat,24.0,442,Bharuch,488.0,3917,Jhagadia,3917.0,S
8,Rajasthan,8.0,105,Jhalawar,129.0,679,Jhalrapatan,679.0,S
8,Rajasthan,8.0,778,Jodhpur (Gramin),,7220,Jhanwar,0.0,S
36,Telangana,0.0,691,Sangareddy,0.0,4476,Jharasangam,4476.0,S
21,Odisha,21.0,347,Bargarh,370.0,2756,Jharbandha,2756.0,S
23,Madhya Pradesh,23.0,435,Ujjain,435.0,6983,Jharda,0.0,S
20,Jharkhand,20.0,325,Dhanbad,354.0,2585,Jharia-Cum-Jorapokhar-Cum-Sindri,2585.0,S
8,Rajasthan,8.0,106,Jhunjhunu,103.0,487,Jhunjhunun,487.0,S
6,Haryana,6.0,65,Jind,77.0,383,Jind,383.0,S
23,Madhya Pradesh,23.0,419,Neemuch,432.0,3490,Jiran,3490.0,S
28,Andhra Pradesh,28.0,743,Parvathipuram Manyam,0.0,4810,Jiyyammavalasa,4810.0,S
21,Odisha,21.0,364,Malkangiri,399.0,3225,Jodamba,3225.0,S
8,Rajasthan,8.0,107,Jodhpur,113.0,570,Jodhpur,570.0,S
2,Himachal Pradesh,2.0,22,Mandi,27.0,124,Jogindarnagar,124.0,S
2,Himachal Pradesh,2.0,26,Una,29.0,6890,Jol,0.0,S
12,Arunachal Pradesh,12.0,679,Siang,0.0,6606,Jomlo Mobuk Circle,0.0,S
19,West Bengal,19.0,309,Darjeeling,327.0,2159,Jorebunglow Sukiapokhri,2159.0,S
8,Rajasthan,8.0,99,Dungarpur,124.0,6070,Jothari,0.0,S
6,Haryana,6.0,65,Jind,77.0,384,Julana,384.0,S
36,Telangana,0.0,690,Bhadradri Kothagudem,0.0,4746,Julurpadu,4746.0,S
24,Gujarat,24.0,448,Junagadh,479.0,3827,Junagadh,3827.0,S
33,Tamil Nadu,33.0,583,Ramanathapuram,626.0,5859,Kadaladi,5859.0,S
28,Andhra Pradesh,28.0,505,East Godavari,545.0,4918,Kadiam,4918.0,S
36,Telangana,0.0,518,Ranga Reddy,537.0,6324,Kadthal,0.0,S
10,Bihar,10.0,201,Katihar,212.0,1145,Kadwa,1145.0,S
36,Telangana,0.0,699,Kumuram Bheem Asifabad,0.0,4318,Kagaznagar,4318.0,S
10,Bihar,10.0,192,Bhagalpur,224.0,1336,Kahalgaon,1336.0,S
10,Bihar,10.0,216,Saharsa,214.0,1174,Kahara,1174.0,S
28,Andhra Pradesh,28.0,748,Eluru,0.0,5016,Kaikaluru,5016.0,S
9,Uttar Pradesh,9.0,660,Shamli,0.0,706,Kairana,706.0,S
9,Uttar Pradesh,9.0,125,Bahraich,180.0,922,Kaiserganj,922.0,S
14,Manipur,14.0,711,Kakching,0.0,1878,Kakching,1878.0,S
19,West Bengal,19.0,304,South 24 Parganas,343.0,2437,Kakdwip,2437.0,S
28,Andhra Pradesh,28.0,746,Kakinada,0.0,4913,Kakinada (Rural),4913.0,S
1,Jammu And Kashmir,1.0,12,Rajouri,6.0,24,Kalakote,24.0,U
27,Maharashtra,27.0,500,Yavatmal,510.0,4081,Kalamb,4081.0,S
6,Haryana,6.0,73,Rohtak,82.0,6467,Kalanaur,0.0,S
33,Tamil Nadu,33.0,731,Ranipet,0.0,7059,Kalavai,0.0,S
19,West Bengal,19.0,664,Alipurduar,0.0,2171,Kalchini,2171.0,S
19,West Bengal,19.0,316,Malda,332.0,2222,Kaliachak - III,2222.0,S
21,Odisha,21.0,364,Malkangiri,399.0,3227,Kalimela,3227.0,S
7,Delhi,7.0,670,South East,0.0,456,Kalkaji,456.0,U
33,Tamil Nadu,33.0,575,Kanniyakumari,629.0,5882,Kalkulam,5882.0,S
36,Telangana,0.0,509,Khammam,541.0,4763,Kalluru,4763.0,S
10,Bihar,10.0,206,Madhubani,207.0,1090,Kaluahi,1090.0,S
19,West Bengal,19.0,320,Nadia,336.0,6966,Kalyani,0.0,S
36,Telangana,0.0,686,Hanumakonda,0.0,4447,Kamalapur,4447.0,S
18,Assam,18.0,291,Kamrup,321.0,2118,Kamalpur,2118.0,S
28,Andhra Pradesh,28.0,753,Annamayya,0.0,5372,Kambhamvaripalle,5372.0,S
12,Arunachal Pradesh,12.0,242,West Kameng,246.0,6567,Kamengbari Doimara Circle,0.0,S
33,Tamil Nadu,33.0,583,Ramanathapuram,626.0,5858,Kamuthi,5858.0,S
28,Andhra Pradesh,28.0,515,Sri Potti Sriramulu Nellore,550.0,5148,Kandukuru,5148.0,S
28,Andhra Pradesh,28.0,502,Ananthapuramu,553.0,5306,Kanekal,5306.0,S
14,Manipur,14.0,712,Kangpokpi,0.0,1861,Kangpokpi,1861.0,S
2,Himachal Pradesh,2.0,18,Kangra,24.0,100,Kangra,100.0,S
20,Jharkhand,20.0,323,Chatra,347.0,2519,Kanha Chatti,2519.0,S
19,West Bengal,19.0,704,Paschim Bardhaman,0.0,2275,Kanksa,2275.0,S
36,Telangana,0.0,720,Mulugu,0.0,6251,Kannaigudem,0.0,S
21,Odisha,21.0,349,Boudh,391.0,3127,Kantamal,3127.0,S
12,Arunachal Pradesh,12.0,229,Changlang,253.0,6608,Kantang Circle,0.0,S
7,Delhi,7.0,84,South West,97.0,6085,Kapeshera,0.0,U
23,Madhya Pradesh,23.0,431,Sheopur,418.0,3384,Karahal,3384.0,S
19,West Bengal,19.0,311,Uttar Dinajpur,330.0,2195,Karandighi,2195.0,S
8,Rajasthan,8.0,108,Karauli,107.0,523,Karauli,523.0,S
28,Andhra Pradesh,28.0,751,Palnadu,0.0,5046,Karempudi,5046.0,S
37,Ladakh,0.0,6,Kargil,4.0,13,Kargil,13.0,U
18,Assam,18.0,293,Karimganj,317.0,2101,Karimganj,2101.0,S
36,Telangana,0.0,508,Karimnagar,534.0,4428,Karimnagar Rural,4428.0,S
29,Karnataka,29.0,549,Udupi,569.0,5524,Karkal,5524.0,S
1,Jammu And Kashmir,1.0,8,Kupwara,1.0,3,Karnah,3.0,U
7,Delhi,7.0,77,Central,95.0,447,Karol Bagh,447.0,U
22,Chhattisgarh,22.0,374,Bastar,414.0,7344,Karpawand,0.0,S
32,Kerala,32.0,559,Kollam,600.0,5684,Karunagappally,5684.0,S
29,Karnataka,29.0,550,Uttara Kannada,563.0,5478,Karwar,5478.0,S
10,Bihar,10.0,214,Purnia,211.0,1135,Kasba,1135.0,S
9,Uttar Pradesh,9.0,633,Kasganj,202.0,1010,Kasganj,1010.0,S
10,Bihar,10.0,210,Nawada,237.0,1514,Kashi Chak,1514.0,S
5,Uttarakhand,5.0,56,Udam Singh Nagar,67.0,346,Kashipur,346.0,S
20,Jharkhand,20.0,322,Bokaro,355.0,2593,Kasmar,2593.0,S
21,Odisha,21.0,371,Sambalpur,372.0,2783,Katarbaga,2783.0,S
20,Jharkhand,20.0,326,Dumka,362.0,2670,Kathikund,2670.0,S
18,Assam,18.0,282,Cachar,316.0,2096,Katigora,2096.0,S
20,Jharkhand,20.0,332,Hazaribagh,360.0,2654,Katkamsandi,2654.0,S
33,Tamil Nadu,33.0,570,Cuddalore,617.0,5792,Kattumannarkoil,5792.0,S
22,Chhattisgarh,22.0,760,Manendragarh-Chirmiri-Bharatpur(M C B),0.0,7269,Kelhari,0.0,S
1,Jammu And Kashmir,1.0,625,Shopian,13.0,6091,Keller,0.0,U
23,Madhya Pradesh,23.0,428,Seoni,456.0,3663,Keolari,3663.0,S
1,Jammu And Kashmir,1.0,8,Kupwara,1.0,6782,Keran,0.0,U
20,Jharkhand,20.0,342,Simdega,367.0,2721,Kersai,2721.0,S
19,West Bengal,19.0,318,Paschim Medinipur,344.0,2466,Keshiary,2466.0,S
36,Telangana,0.0,514,Nalgonda,539.0,4637,Kethepally,4637.0,S
19,West Bengal,19.0,306,Purba Bardhaman,335.0,2280,Ketugram - II,2280.0,S
23,Madhya Pradesh,23.0,435,Ujjain,435.0,3508,Khacharod,3508.0,S
9,Uttar Pradesh,9.0,160,Kushinagar,189.0,6878,Khadda,0.0,S
9,Uttar Pradesh,9.0,142,Fatehpur,172.0,879,Khaga,879.0,S
21,Odisha,21.0,346,Baleshwar,377.0,2906,Khaira,2906.0,S
36,Telangana,0.0,507,Hyderabad,536.0,4505,Khairatabad,4505.0,S
37,Ladakh,0.0,9,Leh Ladakh,3.0,12,Khaltsi,12.0,U
36,Telangana,0.0,509,Khammam,541.0,6326,Khammam Urban,0.0,S
19,West Bengal,19.0,306,Purba Bardhaman,335.0,2297,Khandaghosh,2297.0,S
1,Jammu And Kashmir,1.0,13,Srinagar,10.0,6801,Khanyar,0.0,U
19,West Bengal,19.0,318,Paschim Medinipur,344.0,2461,Kharagpur - II,2461.0,S
19,West Bengal,19.0,309,Darjeeling,327.0,2165,Kharibari,2165.0,S
10,Bihar,10.0,192,Bhagalpur,224.0,1331,Kharik,1331.0,S
17,Meghalaya,17.0,274,East Khasi Hills,298.0,1992,Khatarshnong Laitkroh,1992.0,S
9,Uttar Pradesh,9.0,172,Muzaffarnagar,133.0,710,Khatauli,710.0,S
27,Maharashtra,27.0,494,Satara,527.0,4260,Khatav,4260.0,S
19,West Bengal,19.0,305,Bankura,339.0,2373,Khatra,2373.0,S
1,Jammu And Kashmir,1.0,12,Rajouri,6.0,6771,Khawas,0.0,U
15,Mizoram,15.0,262,Champhai,284.0,1909,Khawbung,1909.0,S
20,Jharkhand,20.0,339,Ranchi,364.0,2683,Khelari,2683.0,S
19,West Bengal,19.0,307,Birbhum,334.0,2267,Khoyrasol,2267.0,S
10,Bihar,10.0,191,Begusarai,222.0,1304,Khudabandpur,1304.0,S
27,Maharashtra,27.0,469,Chhatrapati Sambhajinagar,515.0,4138,Khuldabad,4138.0,S
23,Madhya Pradesh,23.0,425,Sagar,427.0,3444,Khurai,3444.0,S
33,Tamil Nadu,33.0,569,Coimbatore,632.0,5956,Kinathukadavu,0.0,S
10,Bihar,10.0,195,Darbhanga,215.0,1195,Kiratpur,1195.0,S
8,Rajasthan,8.0,86,Ajmer,119.0,606,Kishangarh,606.0,S
8,Rajasthan,8.0,783,Jaipur (Gramin),,6026,Kishangarh Renwal,0.0,S
20,Jharkhand,20.0,336,Lohardaga,356.0,2597,Kisko,2597.0,S
32,Kerala,32.0,566,Thrissur,594.0,5655,Kodungallur,5655.0,S
36,Telangana,0.0,691,Sangareddy,0.0,4475,Kohir,4475.0,S
21,Odisha,21.0,358,Kalahandi,395.0,3169,Kokasara,3169.0,S
23,Madhya Pradesh,23.0,396,Bhopal,444.0,7034,Kolar,0.0,S
36,Telangana,0.0,683,Rajanna Sircilla,0.0,4431,Konaraopet,4431.0,S
28,Andhra Pradesh,28.0,515,Sri Potti Sriramulu Nellore,550.0,5156,Kondapuram,5156.0,S
22,Chhattisgarh,22.0,642,Sukma,0.0,3373,Konta,3373.0,S
29,Karnataka,29.0,543,Koppal,560.0,5467,Koppal,5467.0,S
9,Uttar Pradesh,9.0,120,Prayagraj,175.0,895,Koraon,895.0,S
28,Andhra Pradesh,28.0,750,Bapatla,0.0,5122,Korisapadu,5122.0,S
36,Telangana,0.0,681,Jagitial,0.0,4416,Korutla,4416.0,S
5,Uttarakhand,5.0,51,Nainital,66.0,338,Kosya Kutauli,338.0,S
28,Andhra Pradesh,28.0,519,Srikakulam,542.0,4791,Kotabommali,4791.0,S
21,Odisha,21.0,359,Kandhamal,390.0,3123,Kotagarh,3123.0,S
36,Telangana,0.0,516,Nizamabad,533.0,4371,Kotagiri,4371.0,S
36,Telangana,0.0,684,Mancherial,0.0,4351,Kotapally,4351.0,S
8,Rajasthan,8.0,782,Kotputli-Behror,,538,Kotputli,538.0,S
28,Andhra Pradesh,28.0,511,Kurnool,552.0,5252,Kowthalam,5252.0,S
22,Chhattisgarh,22.0,381,Uttar Bastar Kanker,413.0,7345,Koylibeda,0.0,S
28,Andhra Pradesh,28.0,748,Eluru,0.0,4952,Koyyalagudem,4952.0,S
19,West Bengal,19.0,314,Jalpaiguri,328.0,7119,Kranti,0.0,S
36,Telangana,0.0,721,Narayanpet,0.0,6264,Krishna,0.0,S
19,West Bengal,19.0,320,Nadia,336.0,2309,Krishnaganj,2309.0,S
19,West Bengal,19.0,320,Nadia,336.0,2308,Krishnagar - I,2308.0,S
29,Karnataka,29.0,544,Mandya,573.0,5546,Krishnarajpet,5546.0,S
28,Andhra Pradesh,28.0,502,Ananthapuramu,553.0,5323,Kudair,5323.0,S
27,Maharashtra,27.0,495,Sindhudurg,529.0,4280,Kudal,4280.0,S
23,Madhya Pradesh,23.0,403,Dhar,438.0,3536,Kukshi,3536.0,S
1,Jammu And Kashmir,1.0,622,Kulgam,15.0,59,Kulgam,59.0,U
2,Himachal Pradesh,2.0,20,Kullu,26.0,118,Kullu,118.0,S
20,Jharkhand,20.0,343,West Singhbhum,368.0,2744,Kumardungi,2744.0,S
2,Himachal Pradesh,2.0,23,Shimla,33.0,179,Kumarsain,179.0,S
33,Tamil Nadu,33.0,587,The Nilgiris,611.0,5759,Kundah,5759.0,S
8,Rajasthan,8.0,97,Dausa,109.0,7382,Kundal,0.0,S
21,Odisha,21.0,363,Koraput,398.0,3210,Kundura,3210.0,S
36,Telangana,0.0,680,Nirmal,0.0,4337,Kuntala,4337.0,S
2,Himachal Pradesh,2.0,23,Shimla,33.0,6962,Kupvi,0.0,S
1,Jammu And Kashmir,1.0,8,Kupwara,1.0,1,Kupwara,1.0,U
8,Rajasthan,8.0,117,Udaipur,130.0,7156,Kurabad,0.0,S
20,Jharkhand,20.0,342,Simdega,367.0,2720,Kurdeg,2720.0,S
33,Tamil Nadu,33.0,570,Cuddalore,617.0,5790,Kurinjipadi,5790.0,S
28,Andhra Pradesh,28.0,511,Kurnool,552.0,5259,Kurnool Rural,5259.0,S
10,Bihar,10.0,201,Katihar,212.0,1155,Kursela,1155.0,S
19,West Bengal,19.0,309,Darjeeling,327.0,2161,Kurseong,2161.0,S
22,Chhattisgarh,22.0,377,Dhamtari,412.0,3344,Kurud,3344.0,S
21,Odisha,21.0,373,Sundargarh,374.0,2813,Kutra,2813.0,S
12,Arunachal Pradesh,12.0,231,East Kameng,247.0,6098,Lada Circle,0.0,S
8,Rajasthan,8.0,109,Kota,127.0,667,Ladpura,667.0,S
9,Uttar Pradesh,9.0,183,Sitapur,154.0,805,Laharpur,805.0,S
2,Himachal Pradesh,2.0,21,Lahaul And Spiti,25.0,115,Lahul,115.0,S
27,Maharashtra,27.0,471,Bhandara,506.0,4041,Lakhani,4041.0,S
6,Haryana,6.0,73,Rohtak,82.0,6468,Lakhan Majra St,0.0,S
21,Odisha,21.0,357,Jharsuguda,371.0,2771,Lakhanpur,2771.0,S
24,Gujarat,24.0,449,Kachchh,468.0,3722,Lakhpat,3722.0,S
33,Tamil Nadu,33.0,591,Tiruchirappalli,614.0,5777,Lalgudi,5777.0,S
2,Himachal Pradesh,2.0,17,Hamirpur,28.0,7285,Lambloo,0.0,S
1,Jammu And Kashmir,1.0,8,Kupwara,1.0,6789,Langate,0.0,U
10,Bihar,10.0,211,Pashchim Champaran,203.0,1018,Lauriya,1018.0,S
24,Gujarat,24.0,445,Dahod,485.0,3892,Limkheda,3892.0,S
12,Arunachal Pradesh,12.0,243,West Siang,250.0,1632,Liromoba Eac,1632.0,S
20,Jharkhand,20.0,337,Pakur,353.0,2573,Litipara,2573.0,S
24,Gujarat,24.0,457,Rajkot,476.0,3804,Lodhika,3804.0,S
5,Uttarakhand,5.0,48,Champawat,65.0,336,Lohaghat,336.0,S
22,Chhattisgarh,22.0,374,Bastar,414.0,3361,Lohandiguda,3361.0,S
20,Jharkhand,20.0,336,Lohardaga,356.0,2601,Lohardaga,2601.0,S
6,Haryana,6.0,59,Bhiwani,81.0,401,Loharu,401.0,S
13,Nagaland,13.0,246,Mokokchung,262.0,1758,Longchem,1758.0,S
13,Nagaland,13.0,249,Tuensang,267.0,1816,Longkhim,1816.0,S
3,Punjab,3.0,27,Amritsar,49.0,7341,Lopoke,0.0,S
17,Meghalaya,17.0,657,East Jaintia Hills,0.0,7337,Lumshnong,0.0,S
22,Chhattisgarh,22.0,389,Surguja,401.0,3251,Lundra,3251.0,S
15,Mizoram,15.0,265,Lunglei,286.0,1913,Lungsen,1913.0,S
1,Jammu And Kashmir,1.0,620,Kishtwar,18.0,6767,Machail,0.0,U
21,Odisha,21.0,363,Koraput,398.0,3212,Machh Kund,3212.0,S
5,Uttarakhand,5.0,45,Almora,64.0,6339,Machhor,0.0,S
1,Jammu And Kashmir,1.0,8,Kupwara,1.0,6785,Machil,0.0,U
5,Uttarakhand,5.0,55,Tehri Garhwal,59.0,6362,Madannegi,0.0,S
29,Karnataka,29.0,541,Kodagu,576.0,5566,Madikeri,5566.0,S
36,Telangana,0.0,685,Kamareddy,0.0,4372,Madnoor,4372.0,S
33,Tamil Nadu,33.0,578,Madurai,623.0,5841,Madurai South,5841.0,S
29,Karnataka,29.0,631,Ramanagara,584.0,5605,Magadi,5605.0,S
19,West Bengal,19.0,304,South 24 Parganas,343.0,2423,Magrahat - II,2423.0,S
27,Maharashtra,27.0,491,Raigad,520.0,4185,Mahad,4185.0,S
1,Jammu And Kashmir,1.0,7,Kathua,7.0,6725,Mahanpur,0.0,U
9,Uttar Pradesh,9.0,175,Rae Bareli,158.0,823,Maharajganj,823.0,S
6,Haryana,6.0,69,Mahendragarh,84.0,411,Mahendragarh,411.0,S
24,Gujarat,24.0,451,Mahesana,471.0,3757,Mahesana,3757.0,S
9,Uttar Pradesh,9.0,161,Lalitpur,167.0,863,Mahroni,863.0,S
10,Bihar,10.0,224,Vaishali,220.0,1275,Mahua,1275.0,S
20,Jharkhand,20.0,335,Latehar,359.0,2637,Mahuadanr,2637.0,S
27,Maharashtra,27.0,485,Nanded,511.0,4095,Mahur,4095.0,S
8,Rajasthan,8.0,97,Dausa,109.0,534,Mahwa,534.0,S
1,Jammu And Kashmir,1.0,5,Jammu,21.0,6702,Maira Mandrian,0.0,U
23,Madhya Pradesh,23.0,411,Jabalpur,451.0,3628,Majholi,3628.0,S
3,Punjab,3.0,27,Amritsar,49.0,6854,Majitha,0.0,S
28,Andhra Pradesh,28.0,743,Parvathipuram Manyam,0.0,4813,Makkuva,4813.0,S
19,West Bengal,19.0,314,Jalpaiguri,328.0,2167,Mal,2167.0,S
19,West Bengal,19.0,316,Malda,332.0,2217,Maldah (Old),2217.0,S
3,Punjab,3.0,39,Sri Muktsar Sahib,44.0,239,Malout,239.0,S
8,Rajasthan,8.0,116,Tonk,120.0,615,Malpura,615.0,S
27,Maharashtra,27.0,496,Solapur,526.0,4250,Malshiras,4250.0,S
23,Madhya Pradesh,23.0,425,Sagar,427.0,3445,Malthon,3445.0,S
27,Maharashtra,27.0,495,Sindhudurg,529.0,4278,Malwan,4278.0,S
2,Himachal Pradesh,2.0,20,Kullu,26.0,117,Manali,117.0,S
33,Tamil Nadu,33.0,582,Pudukkottai,621.0,5827,Manamelkudi,5827.0,S
21,Odisha,21.0,349,Boudh,391.0,3128,Manamunda,3128.0,S
33,Tamil Nadu,33.0,591,Tiruchirappalli,614.0,5781,Manapparai,5781.0,S
24,Gujarat,24.0,448,Junagadh,479.0,3825,Manavadar,3825.0,S
36,Telangana,0.0,684,Mancherial,0.0,4352,Mandamarri,4352.0,S
28,Andhra Pradesh,28.0,519,Srikakulam,542.0,4776,Mandasa,4776.0,S
8,Rajasthan,8.0,108,Karauli,107.0,524,Mandrayal,524.0,S
23,Madhya Pradesh,23.0,416,Mandsaur,433.0,3496,Mandsaur,3496.0,S
29,Karnataka,29.0,544,Mandya,573.0,5550,Mandya,5550.0,S
24,Gujarat,24.0,459,Surat,492.0,3933,Mangrol,3933.0,S
8,Rajasthan,8.0,89,Baran,128.0,670,Mangrol,670.0,S
8,Rajasthan,8.0,98,Dholpur,106.0,6933,Mania,0.0,S
19,West Bengal,19.0,316,Malda,332.0,2219,Manikchak,2219.0,S
9,Uttar Pradesh,9.0,136,Chitrakoot,171.0,5930,Manikpur,0.0,S
32,Kerala,32.0,563,Palakkad,593.0,5648,Mannarkad,5648.0,S
36,Telangana,0.0,513,Medak,535.0,6273,Manoharabad,0.0,S
3,Punjab,3.0,37,Mansa,47.0,249,Mansa,249.0,S
19,West Bengal,19.0,306,Purba Bardhaman,335.0,2285,Manteswar,2285.0,S
33,Tamil Nadu,33.0,592,Tirunelveli,628.0,6647,Manur,0.0,S
20,Jharkhand,20.0,324,Deoghar,350.0,2551,Margo Munda,2551.0,S
18,Assam,18.0,290,Jorhat,312.0,2081,Mariani,2081.0,S
36,Telangana,0.0,721,Narayanpet,0.0,6263,Marikal,0.0,S
28,Andhra Pradesh,28.0,517,Prakasam,549.0,5115,Markapuram,5115.0,S
36,Telangana,0.0,698,Vikarabad,0.0,4512,Marpalle,4512.0,S
28,Andhra Pradesh,28.0,515,Sri Potti Sriramulu Nellore,550.0,5163,Marripadu,5163.0,S
28,Andhra Pradesh,28.0,750,Bapatla,0.0,5106,Martur,5106.0,S
1,Jammu And Kashmir,1.0,620,Kishtwar,18.0,69,Marwah,69.0,U
10,Bihar,10.0,218,Saran,219.0,1248,Mashrakh,1248.0,S
9,Uttar Pradesh,9.0,167,Mathura,145.0,762,Mat,762.0,S
24,Gujarat,24.0,450,Kheda,483.0,3875,Matar,3875.0,S
19,West Bengal,19.0,308,Cooch Behar,329.0,2182,Mathabhanga II,2182.0,S
21,Odisha,21.0,364,Malkangiri,399.0,3221,Mathili,3221.0,S
18,Assam,18.0,287,Goalpara,302.0,2015,Matia,2015.0,S
3,Punjab,3.0,28,Bathinda,46.0,6858,Maur,0.0,S
8,Rajasthan,8.0,769,Dudu,,543,Mauzamabad,543.0,S
9,Uttar Pradesh,9.0,169,Meerut,138.0,733,Mawana,733.0,S
17,Meghalaya,17.0,274,East Khasi Hills,298.0,6540,Mawlai,0.0,S
17,Meghalaya,17.0,279,West Khasi Hills,296.0,1979,Mawshynrut,1979.0,S
19,West Bengal,19.0,314,Jalpaiguri,328.0,2177,Maynaguri,2177.0,S
19,West Bengal,19.0,307,Birbhum,334.0,2255,Mayureswar - I,2255.0,S
9,Uttar Pradesh,9.0,161,Lalitpur,167.0,6369,Mdawara,0.0,S
12,Arunachal Pradesh,12.0,725,Shi Yomi,0.0,1622,Mechuka Adc,1622.0,S
36,Telangana,0.0,681,Jagitial,0.0,4415,Medipalli,4415.0,S
36,Telangana,0.0,700,Medchal Malkajgiri,0.0,6318,Medipally,0.0,S
13,Nagaland,13.0,758,Chumoukedima,0.0,1799,Medziphema,1799.0,S
9,Uttar Pradesh,9.0,169,Meerut,138.0,734,Meerut,734.0,S
24,Gujarat,24.0,672,Arvalli,0.0,3765,Meghraj,3765.0,S
8,Rajasthan,8.0,110,Nagaur,112.0,562,Merta,562.0,S
33,Tamil Nadu,33.0,584,Salem,608.0,5736,Mettur,5736.0,S
12,Arunachal Pradesh,12.0,229,Changlang,253.0,1680,Miao Adc,1680.0,S
12,Arunachal Pradesh,12.0,240,Upper Siang,252.0,1659,Migging Circle,1659.0,S
9,Uttar Pradesh,9.0,125,Bahraich,180.0,6862,Mihinpurwa Motipur,0.0,S
9,Uttar Pradesh,9.0,170,Mirzapur,199.0,1000,Mirzapur,1000.0,S
9,Uttar Pradesh,9.0,145,Ghaziabad,140.0,738,Modinagar,738.0,S
23,Madhya Pradesh,23.0,399,Chhindwara,455.0,3655,Mohkhed,3655.0,S
23,Madhya Pradesh,23.0,430,Shajapur,436.0,3521,Moman Badodiya,3521.0,S
12,Arunachal Pradesh,12.0,725,Shi Yomi,0.0,1623,Monigong Eac,1623.0,S
29,Karnataka,29.0,534,Dakshina Kannada,575.0,7102,Moodubidire,0.0,S
28,Andhra Pradesh,28.0,510,Krishna,547.0,5036,Mopidevi,5036.0,S
13,Nagaland,13.0,247,Mon,261.0,1755,Mopong,1755.0,S
9,Uttar Pradesh,9.0,171,Moradabad,135.0,719,Moradabad,719.0,S
14,Manipur,14.0,716,Tengnoupal,0.0,6498,Moreh,0.0,S
24,Gujarat,24.0,673,Morbi,0.0,3799,Morvi,3799.0,S
29,Karnataka,29.0,527,Belagavi,555.0,7099,Mudalgi,0.0,S
28,Andhra Pradesh,28.0,754,Sri Sathya Sai,0.0,5339,Mudigubba,5339.0,S
10,Bihar,10.0,196,Gaya,236.0,1492,Muhra,1492.0,S
3,Punjab,3.0,39,Sri Muktsar Sahib,44.0,241,Muktsar,241.0,S
28,Andhra Pradesh,28.0,520,Visakhapatnam,544.0,6839,Mulagada,0.0,S
29,Karnataka,29.0,542,Kolar,581.0,5594,Mulbagal,5594.0,S
27,Maharashtra,27.0,475,Gadchiroli,508.0,4059,Mulchera,4059.0,S
36,Telangana,0.0,690,Bhadradri Kothagudem,0.0,4748,Mulkalapally,4748.0,S
36,Telangana,0.0,696,Suryapet,0.0,4642,Munagala,4642.0,S
29,Karnataka,29.0,550,Uttara Kannada,563.0,5482,Mundgod,5482.0,S
36,Telangana,0.0,691,Sangareddy,0.0,4477,Munipally,4477.0,S
5,Uttarakhand,5.0,53,Pithoragarh,62.0,315,Munsiari,315.0,S
36,Telangana,0.0,514,Nalgonda,539.0,4647,Munugode,4647.0,S
27,Maharashtra,27.0,497,Thane,517.0,4171,Murbad,4171.0,S
36,Telangana,0.0,683,Rajanna Sircilla,0.0,4434,Mustabad,4434.0,S
33,Tamil Nadu,33.0,590,Thiruvarur,619.0,7408,Muthupettai,0.0,S
19,West Bengal,19.0,320,Nadia,336.0,2307,Nabadwip,2307.0,S
12,Arunachal Pradesh,12.0,241,Upper Subansiri,249.0,1609,Nacho Sdo,1609.0,S
2,Himachal Pradesh,2.0,17,Hamirpur,28.0,141,Nadaun,141.0,S
18,Assam,18.0,301,Sonitpur,306.0,7416,Naduar,0.0,S
29,Karnataka,29.0,544,Mandya,573.0,5547,Nagamangala,5547.0,S
33,Tamil Nadu,33.0,579,Nagapattinam,618.0,5799,Nagapattinam,5799.0,S
8,Rajasthan,8.0,767,Deeg,,507,Nagar,507.0,S
36,Telangana,0.0,694,Nagarkurnool,0.0,4583,Nagarkurnool,4583.0,S
6,Haryana,6.0,604,Nuh,87.0,6477,Nagina St,0.0,S
13,Nagaland,13.0,247,Mon,261.0,1744,Naginimora,1744.0,S
23,Madhya Pradesh,23.0,426,Satna,429.0,3464,Nagod,3464.0,S
10,Bihar,10.0,218,Saran,219.0,1259,Nagra,1259.0,S
20,Jharkhand,20.0,339,Ranchi,364.0,2692,Nagri,2692.0,S
22,Chhattisgarh,22.0,377,Dhamtari,412.0,3347,Nagri,3347.0,S
2,Himachal Pradesh,2.0,18,Kangra,24.0,101,Nagrota Bagwan,101.0,S
2,Himachal Pradesh,2.0,18,Kangra,24.0,6895,Nagrota Surian,0.0,S
28,Andhra Pradesh,28.0,517,Prakasam,549.0,5126,Naguluppala Padu,5126.0,S
18,Assam,18.0,286,Dibrugarh,310.0,2069,Naharkatiya,2069.0,S
12,Arunachal Pradesh,12.0,237,Papum Pare,248.0,1596,Naharlagun Eac,1596.0,S
6,Haryana,6.0,72,Rewari,85.0,6465,Nahar St,0.0,S
21,Odisha,21.0,348,Bhadrak,378.0,2916,Naikanidihi,2916.0,S
5,Uttarakhand,5.0,51,Nainital,66.0,340,Nainital,340.0,S
19,West Bengal,19.0,320,Nadia,336.0,2304,Nakashipara,2304.0,S
20,Jharkhand,20.0,333,Jamtara,363.0,2679,Nala,2679.0,S
19,West Bengal,19.0,307,Birbhum,334.0,2252,Nalhati - II,2252.0,S
23,Madhya Pradesh,23.0,667,Agar-Malwa,0.0,3516,Nalkheda,3516.0,S
36,Telangana,0.0,522,Warangal,540.0,4692,Nallabelli,4692.0,S
28,Andhra Pradesh,28.0,754,Sri Sathya Sai,0.0,5344,Nallamada,5344.0,S
14,Manipur,14.0,252,Bishnupur,275.0,1873,Nambol,1873.0,S
36,Telangana,0.0,514,Nalgonda,539.0,4654,Nampally,4654.0,S
28,Andhra Pradesh,28.0,753,Annamayya,0.0,5243,Nandalur,5243.0,S
28,Andhra Pradesh,28.0,749,Ntr,0.0,4993,Nandigama,4993.0,S
28,Andhra Pradesh,28.0,755,Nandyal,0.0,5284,Nandyal,5284.0,S
33,Tamil Nadu,33.0,592,Tirunelveli,628.0,5879,Nanguneri,5879.0,S
29,Karnataka,29.0,545,Mysuru,577.0,5574,Nanjangud,5574.0,S
19,West Bengal,19.0,307,Birbhum,334.0,2263,Nanoor,2263.0,S
9,Uttar Pradesh,9.0,125,Bahraich,180.0,919,Nanpara,919.0,S
21,Odisha,21.0,358,Kalahandi,395.0,3161,Narala,3161.0,S
28,Andhra Pradesh,28.0,751,Palnadu,0.0,5067,Narasaraopet,5067.0,S
21,Odisha,21.0,350,Cuttack,381.0,2944,Narasinghpur,2944.0,S
36,Telangana,0.0,692,Siddipet,0.0,6670,Narayanaraopet,0.0,S
21,Odisha,21.0,363,Koraput,398.0,3204,Narayanpatana,3204.0,S
7,Delhi,7.0,80,North,91.0,430,Narela,430.0,U
12,Arunachal Pradesh,12.0,719,Lower Siang,0.0,1651,Nari Adc,1651.0,S
36,Telangana,0.0,514,Nalgonda,539.0,4634,Narketpally,4634.0,S
36,Telangana,0.0,680,Nirmal,0.0,6208,Narsapur G,0.0,S
36,Telangana,0.0,688,Mahabubabad,0.0,4719,Narsimhulapet,4719.0,S
28,Andhra Pradesh,28.0,744,Anakapalli,0.0,4852,Nathavaram,4852.0,S
10,Bihar,10.0,212,Patna,230.0,1404,Naubatpur,1404.0,S
21,Odisha,21.0,355,Jagatsinghapur,380.0,2942,Naugaon,2942.0,S
9,Uttar Pradesh,9.0,182,Siddharthnagar,184.0,933,Naugarh,933.0,S
24,Gujarat,24.0,453,Navsari,490.0,3922,Navsari,3922.0,S
9,Uttar Pradesh,9.0,130,Bareilly,150.0,788,Nawabganj,788.0,S
3,Punjab,3.0,40,Shahid Bhagat Singh Nagar,39.0,218,Nawanshahr,218.0,S
19,West Bengal,19.0,319,Murshidabad,333.0,2243,Nawda,2243.0,S
21,Odisha,21.0,367,Nayagarh,385.0,3030,Nayagarh Sadar,3030.0,S
19,West Bengal,19.0,703,Jhargram,0.0,2458,Nayagram,2458.0,S
32,Kerala,32.0,565,Thiruvananthapuram,601.0,5690,Nedumangad,5690.0,S
23,Madhya Pradesh,23.0,419,Neemuch,432.0,3489,Neemuch,3489.0,S
28,Andhra Pradesh,28.0,751,Palnadu,0.0,5060,Nekarikallu,5060.0,S
36,Telangana,0.0,522,Warangal,540.0,4713,Nekkonda,4713.0,S
29,Karnataka,29.0,530,Vijayapura,557.0,7075,Nidagundi,0.0,S
20,Jharkhand,20.0,338,Palamu,358.0,2632,Nilambar-Pitambarpur(Lesliganj),2632.0,S
12,Arunachal Pradesh,12.0,241,Upper Subansiri,249.0,6552,Nilling Circle,0.0,S
8,Rajasthan,8.0,95,Chittorgarh,126.0,663,Nimbahera,663.0,S
36,Telangana,0.0,516,Nizamabad,533.0,6233,Nizamabad Rural,0.0,S
24,Gujarat,24.0,641,Tapi,493.0,3942,Nizar,3942.0,S
18,Assam,18.0,295,Lakhimpur,307.0,2052,North Lakhimpur,2052.0,S
15,Mizoram,15.0,263,Kolasib,282.0,1899,N Thingdawl,1899.0,S
21,Odisha,21.0,344,Anugul,384.0,3004,N.T.P.C.,3004.0,S
14,Manipur,14.0,714,Noney,0.0,1867,Nungba,1867.0,S
2,Himachal Pradesh,2.0,18,Kangra,24.0,93,Nurpur,93.0,S
12,Arunachal Pradesh,12.0,233,Kurung Kumey,256.0,1706,Nyapin Adc,1706.0,S
12,Arunachal Pradesh,12.0,233,Kurung Kumey,256.0,6844,Nyobia Circle,0.0,S
37,Ladakh,0.0,9,Leh Ladakh,3.0,7162,Nyoma,0.0,U
22,Chhattisgarh,22.0,648,Surajpur,0.0,3243,Odgi,3243.0,S
22,Chhattisgarh,22.0,637,Narayanpur,415.0,3368,Orchha,3368.0,S
23,Madhya Pradesh,23.0,722,Niwari,0.0,3416,Orchha,3416.0,S
21,Odisha,21.0,346,Baleshwar,377.0,2905,Oupada,2905.0,S
28,Andhra Pradesh,28.0,743,Parvathipuram Manyam,0.0,4818,Pachipenta,4818.0,S
10,Bihar,10.0,222,Siwan,218.0,1237,Pachrukhi,1237.0,S
9,Uttar Pradesh,9.0,160,Kushinagar,189.0,955,Padrauna,955.0,S
20,Jharkhand,20.0,342,Simdega,367.0,2719,Pakar Tanr,2719.0,S
12,Arunachal Pradesh,12.0,231,East Kameng,247.0,6848,Pakoti Circle,0.0,S
10,Bihar,10.0,213,Purbi Champaran,204.0,1052,Pakri Dayal,1052.0,S
20,Jharkhand,20.0,337,Pakur,353.0,2578,Pakuria,2578.0,S
28,Andhra Pradesh,28.0,523,West Godavari,546.0,4977,Palacoderu,4977.0,S
36,Telangana,0.0,696,Suryapet,0.0,6301,Palakeedu,0.0,S
33,Tamil Nadu,33.0,571,Dharmapuri,630.0,5885,Palakkodu,5885.0,S
21,Odisha,21.0,344,Anugul,384.0,3000,Palalahada,3000.0,S
24,Gujarat,24.0,441,Banas Kantha,469.0,3739,Palanpur,3739.0,S
28,Andhra Pradesh,28.0,503,Chittoor,554.0,5432,Palasamudram,5432.0,S
10,Bihar,10.0,188,Araria,209.0,1119,Palasi,1119.0,S
33,Tamil Nadu,33.0,592,Tirunelveli,628.0,5877,Palayamkottai,5877.0,S
23,Madhya Pradesh,23.0,434,Tikamgarh,424.0,3420,Palera,3420.0,S
6,Haryana,6.0,72,Rewari,85.0,6418,Palhawas St,0.0,S
9,Uttar Pradesh,9.0,159,Kheri,153.0,798,Palia,798.0,S
10,Bihar,10.0,212,Patna,230.0,1407,Paliganj,1407.0,S
36,Telangana,0.0,687,Jayashankar Bhupalapally,0.0,6250,Palimela,0.0,S
1,Jammu And Kashmir,1.0,14,Udhampur,19.0,6735,Panchari,0.0,U
22,Chhattisgarh,22.0,382,Kabeerdham,407.0,3301,Pandariya,3301.0,S
5,Uttarakhand,5.0,53,Pithoragarh,62.0,6358,Pankhu,0.0,S
21,Odisha,21.0,364,Malkangiri,399.0,3224,Paparmetla,3224.0,S
23,Madhya Pradesh,23.0,399,Chhindwara,455.0,3652,Parasia,3652.0,S
36,Telangana,0.0,698,Vikarabad,0.0,4540,Pargi,4540.0,S
10,Bihar,10.0,221,Sitamarhi,206.0,1067,Parihar,1067.0,S
36,Telangana,0.0,686,Hanumakonda,0.0,4679,Parkal,4679.0,S
10,Bihar,10.0,208,Muzaffarpur,216.0,1201,Paroo,1201.0,S
10,Bihar,10.0,218,Saran,219.0,1263,Parsa,1263.0,S
28,Andhra Pradesh,28.0,743,Parvathipuram Manyam,0.0,4812,Parvathipuram,4812.0,S
2,Himachal Pradesh,2.0,25,Solan,31.0,7126,Parwanoo,0.0,S
12,Arunachal Pradesh,12.0,723,Pakke Kessang,0.0,6846,Passa Valley Circle,0.0,S
6,Haryana,6.0,62,Gurugram,86.0,416,Pataudi,416.0,S
10,Bihar,10.0,224,Vaishali,220.0,1274,Patepur,1274.0,S
22,Chhattisgarh,22.0,380,Jashpur,402.0,3262,Pathalgaon,3262.0,S
32,Kerala,32.0,559,Kollam,600.0,5686,Pathanapuram,5686.0,S
23,Madhya Pradesh,23.0,400,Damoh,428.0,3457,Patharia,3457.0,S
18,Assam,18.0,283,Darrang,325.0,2146,Pathorighat (Pt),2146.0,S
22,Chhattisgarh,22.0,384,Korea,400.0,7309,Patna,0.0,S
27,Maharashtra,27.0,470,Beed,523.0,4216,Patoda,4216.0,S
8,Rajasthan,8.0,775,Balotra,,7368,Patodi,0.0,S
19,West Bengal,19.0,305,Bankura,339.0,2365,Patrasayer,2365.0,S
14,Manipur,14.0,256,Imphal West,277.0,1880,Patsoi,1880.0,S
21,Odisha,21.0,360,Kendrapara,379.0,2926,Pattamundai,2926.0,S
1,Jammu And Kashmir,1.0,3,Baramulla,8.0,34,Pattan,34.0,U
3,Punjab,3.0,609,Tarn Taran,50.0,260,Patti,260.0,S
27,Maharashtra,27.0,467,Akola,501.0,3993,Patur,3993.0,S
5,Uttarakhand,5.0,55,Tehri Garhwal,59.0,6363,Pawkidevi,0.0,S
28,Andhra Pradesh,28.0,755,Nandyal,0.0,5294,Peapully,5294.0,S
28,Andhra Pradesh,28.0,745,Alluri Sitharama Raju,0.0,4842,Peda Bayalu,4842.0,S
28,Andhra Pradesh,28.0,748,Eluru,0.0,4964,Pedavegi,4964.0,S
36,Telangana,0.0,693,Wanaparthy,0.0,4594,Peddamandadi,4594.0,S
28,Andhra Pradesh,28.0,746,Kakinada,0.0,4903,Peddapuram,4903.0,S
36,Telangana,0.0,688,Mahabubabad,0.0,6256,Peddavangara,0.0,S
36,Telangana,0.0,680,Nirmal,0.0,6206,Pembi,0.0,S
28,Andhra Pradesh,28.0,520,Visakhapatnam,544.0,4862,Pendurthi,4862.0,S
36,Telangana,0.0,509,Khammam,541.0,4752,Penuballi,4752.0,S
20,Jharkhand,20.0,336,Lohardaga,356.0,2598,Peshrar,2598.0,S
24,Gujarat,24.0,440,Anand,482.0,3865,Petlad,3865.0,S
3,Punjab,3.0,35,Kapurthala,36.0,208,Phagwara,208.0,S
8,Rajasthan,8.0,117,Udaipur,130.0,7385,Phalasia,0.0,S
9,Uttar Pradesh,9.0,164,Mahrajganj,187.0,946,Pharenda,946.0,S
10,Bihar,10.0,213,Purbi Champaran,204.0,1054,Phenhara,1054.0,S
13,Nagaland,13.0,247,Mon,261.0,1752,Phomching,1752.0,S
27,Maharashtra,27.0,469,Chhatrapati Sambhajinagar,515.0,4136,Phulambri,4136.0,S
28,Andhra Pradesh,28.0,752,Tirupati,0.0,5401,Pichatur,5401.0,S
9,Uttar Pradesh,9.0,173,Pilibhit,151.0,790,Pilibhit,790.0,S
36,Telangana,0.0,690,Bhadradri Kothagudem,0.0,4725,Pinapaka,4725.0,S
20,Jharkhand,20.0,338,Palamu,358.0,2619,Pipra,2619.0,S
23,Madhya Pradesh,23.0,391,Ashoknagar,459.0,7036,Piprai,0.0,S
36,Telangana,0.0,685,Kamareddy,0.0,4384,Pitlam,4384.0,S
28,Andhra Pradesh,28.0,750,Bapatla,0.0,5091,Pittalavanipalem,5091.0,S
33,Tamil Nadu,33.0,577,Krishnagiri,631.0,5893,Pochampalli,5893.0,S
28,Andhra Pradesh,28.0,515,Sri Potti Sriramulu Nellore,550.0,5176,Podalakur,5176.0,S
28,Andhra Pradesh,28.0,523,West Godavari,546.0,4982,Poduru,4982.0,S
1,Jammu And Kashmir,1.0,621,Ramban,17.0,6760,Pogal Paristan,0.0,U
28,Andhra Pradesh,28.0,519,Srikakulam,542.0,4800,Polaki,4800.0,S
19,West Bengal,19.0,312,Hooghly,338.0,2347,Polba - Dadpur,2347.0,S
28,Andhra Pradesh,28.0,517,Prakasam,549.0,5143,Ponnaluru,5143.0,S
2,Himachal Pradesh,2.0,19,Kinnaur,34.0,195,Poo,195.0,S
20,Jharkhand,20.0,330,Godda,351.0,2562,Poreyahat,2562.0,S
24,Gujarat,24.0,458,Sabar Kantha,472.0,6088,Poshina,0.0,S
19,West Bengal,19.0,317,Purba Medinipur,345.0,2478,Potashpur - II,2478.0,S
2,Himachal Pradesh,2.0,18,Kangra,24.0,6905,Pragpur,0.0,S
18,Assam,18.0,283,Darrang,325.0,7415,Pub Mangaldai,0.0,S
36,Telangana,0.0,698,Vikarabad,0.0,4541,Pudur,4541.0,S
10,Bihar,10.0,212,Patna,230.0,1410,Punpun,1410.0,S
10,Bihar,10.0,221,Sitamarhi,206.0,1077,Pupri,1077.0,S
33,Tamil Nadu,33.0,568,Chennai,603.0,7167,Purasawalkam,0.0,S
19,West Bengal,19.0,306,Purba Bardhaman,335.0,2283,Purbasthali - I,2283.0,S
19,West Bengal,19.0,306,Purba Bardhaman,335.0,2284,Purbasthali - II,2284.0,S
10,Bihar,10.0,220,Sheohar,205.0,1058,Purnahiya,1058.0,S
10,Bihar,10.0,214,Purnia,211.0,1134,Purnia East,1134.0,S
23,Madhya Pradesh,23.0,390,Anuppur,461.0,3696,Pushparajgarh,3696.0,S
28,Andhra Pradesh,28.0,503,Chittoor,554.0,5410,Puthalapattu,5410.0,S
28,Andhra Pradesh,28.0,754,Sri Sathya Sai,0.0,5357,Puttaparthy,5357.0,S
29,Karnataka,29.0,534,Dakshina Kannada,575.0,5564,Puttur,5564.0,S
28,Andhra Pradesh,28.0,752,Tirupati,0.0,5407,Puttur,5407.0,S
1,Jammu And Kashmir,1.0,8,Kupwara,1.0,6788,Qaziabad,0.0,U
1,Jammu And Kashmir,1.0,12,Rajouri,6.0,6773,Qila Darhal,0.0,U
21,Odisha,21.0,373,Sundargarh,374.0,2821,Raghunathapali,2821.0,S
19,West Bengal,19.0,311,Uttar Dinajpur,330.0,2196,Raiganj,2196.0,S
19,West Bengal,19.0,305,Bankura,339.0,2376,Raipur,2376.0,S
22,Chhattisgarh,22.0,387,Raipur,410.0,3332,Raipur,3332.0,S
23,Madhya Pradesh,23.0,420,Panna,426.0,3442,Raipura,3442.0,S
21,Odisha,21.0,365,Mayurbhanj,376.0,2865,Rairangpur,2865.0,S
6,Haryana,6.0,75,Sonipat,76.0,6473,Rai St,0.0,S
28,Andhra Pradesh,28.0,521,Vizianagaram,543.0,4796,Rajam,4796.0,S
8,Rajasthan,8.0,87,Alwar,104.0,502,Rajgarh,502.0,S
1,Jammu And Kashmir,1.0,621,Ramban,17.0,6762,Rajgarh,0.0,U
23,Madhya Pradesh,23.0,422,Rajgarh,442.0,3565,Rajgarh,3565.0,S
2,Himachal Pradesh,2.0,24,Sirmaur,32.0,167,Rajgarh,167.0,S
10,Bihar,10.0,209,Nalanda,229.0,1394,Rajgir,1394.0,S
22,Chhattisgarh,22.0,645,Gariyaband,0.0,3333,Rajim,3333.0,S
24,Gujarat,24.0,457,Rajkot,476.0,6523,Rajkot West,0.0,S
36,Telangana,0.0,695,Jogulamba Gadwal,0.0,6296,Rajoli,0.0,S
23,Madhya Pradesh,23.0,393,Barwani,441.0,3558,Rajpur,3558.0,S
1,Jammu And Kashmir,1.0,624,Samba,22.0,6719,Rajpura,0.0,U
8,Rajasthan,8.0,112,Rajsamand,123.0,643,Rajsamand,643.0,S
27,Maharashtra,27.0,473,Chandrapur,509.0,4077,Rajura,4077.0,S
2,Himachal Pradesh,2.0,18,Kangra,24.0,106,Rakkar,106.0,S
27,Maharashtra,27.0,500,Yavatmal,510.0,4091,Ralegaon,4091.0,S
23,Madhya Pradesh,23.0,412,Jhabua,464.0,7004,Rama,0.0,S
36,Telangana,0.0,508,Karimnagar,534.0,4423,Ramadugu,4423.0,S
36,Telangana,0.0,682,Peddapalli,0.0,4399,Ramagundam,4399.0,S
22,Chhattisgarh,22.0,649,Balrampur-Ramanujganj,0.0,7238,Ramchandrapur,0.0,S
8,Rajasthan,8.0,87,Alwar,104.0,498,Ramgarh,498.0,S
9,Uttar Pradesh,9.0,129,Bara Banki,176.0,900,Ramsanehighat,900.0,S
1,Jammu And Kashmir,1.0,621,Ramban,17.0,7201,Ramsoo,0.0,U
23,Madhya Pradesh,23.0,412,Jhabua,464.0,3710,Ranapur,3710.0,S
18,Assam,18.0,287,Goalpara,302.0,2017,Rangjuli,2017.0,S
10,Bihar,10.0,192,Bhagalpur,224.0,1333,Rangra Chowk,1333.0,S
21,Odisha,21.0,365,Mayurbhanj,376.0,2879,Rasagobindapur,2879.0,S
33,Tamil Nadu,33.0,580,Namakkal,609.0,5746,Rasipuram,5746.0,S
8,Rajasthan,8.0,96,Churu,102.0,485,Ratangarh,485.0,S
6,Haryana,6.0,61,Fatehabad,78.0,386,Ratia,386.0,S
23,Madhya Pradesh,23.0,423,Ratlam,434.0,3507,Ratlam,3507.0,S
10,Bihar,10.0,199,Jehanabad,239.0,1535,Ratni Faridpur,1535.0,S
20,Jharkhand,20.0,339,Ranchi,364.0,2691,Ratu,2691.0,S
23,Madhya Pradesh,23.0,410,Indore,439.0,7016,Rau,0.0,S
21,Odisha,21.0,373,Sundargarh,374.0,2833,Raurkela (Its)P.S.,2833.0,S
11,Sikkim,11.0,227,Namchi,243.0,1552,Ravangla,1552.0,S
8,Rajasthan,8.0,95,Chittorgarh,126.0,658,Rawatbhata,658.0,S
8,Rajasthan,8.0,101,Hanumangarh,100.0,470,Rawatsar,470.0,S
10,Bihar,10.0,213,Purbi Champaran,204.0,1031,Raxaul,1031.0,S
21,Odisha,21.0,370,Rayagada,396.0,3181,Rayagada,3181.0,S
21,Odisha,21.0,351,Deogarh,373.0,2803,Reamal,2803.0,S
1,Jammu And Kashmir,1.0,627,Reasi,20.0,77,Reasi,77.0,U
8,Rajasthan,8.0,114,Sikar,111.0,7226,Reengus,0.0,S
23,Madhya Pradesh,23.0,425,Sagar,427.0,3451,Rehli,3451.0,S
23,Madhya Pradesh,23.0,427,Sehore,445.0,3589,Rehti,3589.0,S
21,Odisha,21.0,371,Sambalpur,372.0,2785,Rengali,2785.0,S
36,Telangana,0.0,516,Nizamabad,533.0,4357,Renjal,4357.0,S
2,Himachal Pradesh,2.0,24,Sirmaur,32.0,170,Renuka,170.0,S
12,Arunachal Pradesh,12.0,229,Changlang,253.0,6577,Renuk Circle,0.0,S
28,Andhra Pradesh,28.0,750,Bapatla,0.0,5096,Repalle,5096.0,S
2,Himachal Pradesh,2.0,18,Kangra,24.0,7287,Rey,0.0,S
5,Uttarakhand,5.0,49,Dehradun,60.0,305,Rishikesh,305.0,S
8,Rajasthan,8.0,111,Pali,118.0,600,Rohat,600.0,S
28,Andhra Pradesh,28.0,744,Anakapalli,0.0,4855,Rolugunta,4855.0,S
28,Andhra Pradesh,28.0,751,Palnadu,0.0,5066,Rompicharla,5066.0,S
28,Andhra Pradesh,28.0,503,Chittoor,554.0,5373,Rompicherla,5373.0,S
8,Rajasthan,8.0,86,Ajmer,119.0,6657,Roopangarh,0.0,S
28,Andhra Pradesh,28.0,746,Kakinada,0.0,4891,Rowthulapudi,4891.0,S
9,Uttar Pradesh,9.0,140,Ayodhya,177.0,902,Rudauli,902.0,S
21,Odisha,21.0,346,Baleshwar,377.0,2896,Rupsa,2896.0,S
24,Gujarat,24.0,438,Ahmedabad,474.0,3781,Sabarmati,3781.0,S
10,Bihar,10.0,192,Bhagalpur,224.0,1338,Sabour,1338.0,S
16,Tripura,16.0,272,West Tripura,289.0,6696,Sadar,0.0,S
21,Odisha,21.0,371,Sambalpur,372.0,2791,Sadar,2791.0,S
8,Rajasthan,8.0,100,Ganganagar,99.0,459,Sadulshahar,459.0,S
6,Haryana,6.0,65,Jind,77.0,385,Safidon,385.0,S
12,Arunachal Pradesh,12.0,237,Papum Pare,248.0,1601,Sagalee Adc,1601.0,S
23,Madhya Pradesh,23.0,425,Sagar,427.0,7030,Sagar Nagar,0.0,S
22,Chhattisgarh,22.0,382,Kabeerdham,407.0,3300,Sahaspur Lohara,3300.0,S
20,Jharkhand,20.0,340,Sahebganj,352.0,2564,Sahibganj,2564.0,S
36,Telangana,0.0,507,Hyderabad,536.0,4511,Saidabad,4511.0,S
14,Manipur,14.0,254,Churachandpur,274.0,6501,Saikot,0.0,S
21,Odisha,21.0,361,Kendujhar,375.0,2857,Sainkul,2857.0,S
8,Rajasthan,8.0,97,Dausa,109.0,7136,Sainthal,0.0,S
27,Maharashtra,27.0,476,Gondia,507.0,4048,Salekasa,4048.0,S
8,Rajasthan,8.0,777,Salumbar,,692,Salumbar,692.0,S
21,Odisha,21.0,344,Anugul,384.0,3005,Samal Barrage,3005.0,S
24,Gujarat,24.0,455,Patan,470.0,3749,Sami,3749.0,S
10,Bihar,10.0,212,Patna,230.0,1401,Sampatchak,1401.0,S
19,West Bengal,19.0,319,Murshidabad,333.0,2224,Samserganj,2224.0,S
24,Gujarat,24.0,438,Ahmedabad,474.0,3780,Sanand,3780.0,S
10,Bihar,10.0,193,Bhojpur,231.0,1425,Sandesh,1425.0,S
14,Manipur,14.0,254,Churachandpur,274.0,6503,Sangaikot,0.0,S
36,Telangana,0.0,691,Sangareddy,0.0,4492,Sangareddy,4492.0,S
8,Rajasthan,8.0,101,Hanumangarh,100.0,466,Sangaria,466.0,S
10,Bihar,10.0,213,Purbi Champaran,204.0,1046,Sangrampur,1046.0,S
10,Bihar,10.0,207,Munger,226.0,1364,Sangrampur,1364.0,S
24,Gujarat,24.0,445,Dahod,485.0,6204,Sanjeli,0.0,S
28,Andhra Pradesh,28.0,746,Kakinada,0.0,4892,Sankhavaram,4892.0,S
19,West Bengal,19.0,313,Howrah,341.0,2404,Sankrail,2404.0,S
24,Gujarat,24.0,455,Patan,470.0,3744,Santalpur,3744.0,S
28,Andhra Pradesh,28.0,750,Bapatla,0.0,5104,Santhamaguluru,5104.0,S
28,Andhra Pradesh,28.0,503,Chittoor,554.0,5425,Santhipuram,5425.0,S
16,Tripura,16.0,271,South Tripura,290.0,6683,Santirbazar,0.0,S
2,Himachal Pradesh,2.0,23,Shimla,33.0,6959,Sarahan,0.0,S
22,Chhattisgarh,22.0,385,Mahasamund,411.0,3340,Saraipali,3340.0,S
24,Gujarat,24.0,455,Patan,470.0,6196,Saraswati,0.0,S
6,Haryana,6.0,76,Yamunanagar,71.0,6476,Saraswati Nagar St,0.0,S
7,Delhi,7.0,82,North West,90.0,431,Saraswati Vihar,431.0,U
20,Jharkhand,20.0,324,Deoghar,350.0,2553,Sarath,2553.0,S
28,Andhra Pradesh,28.0,519,Srikakulam,542.0,4788,Saravakota,4788.0,S
9,Uttar Pradesh,9.0,169,Meerut,138.0,732,Sardhana,732.0,S
3,Punjab,3.0,37,Mansa,47.0,247,Sardulgarh,247.0,S
9,Uttar Pradesh,9.0,162,Lucknow,157.0,6094,Sarojani Nagar,0.0,S
22,Chhattisgarh,22.0,381,Uttar Bastar Kanker,413.0,7325,Sarona,0.0,S
36,Telangana,0.0,518,Ranga Reddy,537.0,4526,Saroornagar,4526.0,S
20,Jharkhand,20.0,324,Deoghar,350.0,2547,Sarwan,2547.0,S
8,Rajasthan,8.0,781,Kekri,,613,Sarwar,613.0,S
28,Andhra Pradesh,28.0,751,Palnadu,0.0,5058,Sattenapalli,5058.0,S
23,Madhya Pradesh,23.0,785,Pandhurna,,3656,Sausar,3656.0,S
27,Maharashtra,27.0,484,Nagpur,505.0,4026,Savner,4026.0,S
24,Gujarat,24.0,460,Surendranagar,475.0,3795,Sayla,3795.0,S
28,Andhra Pradesh,28.0,505,East Godavari,545.0,4896,Seethanagaram,4896.0,S
28,Andhra Pradesh,28.0,515,Sri Potti Sriramulu Nellore,550.0,5153,Seetharamapuram,5153.0,S
27,Maharashtra,27.0,498,Wardha,504.0,4018,Seloo,4018.0,S
21,Odisha,21.0,354,Ganjam,388.0,3092,Seragad,3092.0,S
19,West Bengal,19.0,312,Hooghly,338.0,2350,Serampur Uttarpara,2350.0,S
21,Odisha,21.0,353,Gajapati,389.0,3103,Serango,3103.0,S
21,Odisha,21.0,370,Rayagada,396.0,3182,Seskhal,3182.0,S
9,Uttar Pradesh,9.0,176,Rampur,136.0,727,Shahabad,727.0,S
6,Haryana,6.0,68,Kurukshetra,72.0,364,Shahbad,364.0,S
2,Himachal Pradesh,2.0,18,Kangra,24.0,98,Shahpur,98.0,S
23,Madhya Pradesh,23.0,404,Dindori,453.0,3639,Shahpura,3639.0,S
23,Madhya Pradesh,23.0,411,Jabalpur,451.0,3630,Shahpura,3630.0,S
8,Rajasthan,8.0,780,Shahpura,,629,Shahpura,629.0,S
8,Rajasthan,8.0,783,Jaipur (Gramin),,540,Shahpura,540.0,S
23,Madhya Pradesh,23.0,430,Shajapur,436.0,3519,Shajapur,3519.0,S
36,Telangana,0.0,514,Nalgonda,539.0,4624,Shaligouraram,4624.0,S
13,Nagaland,13.0,765,Shamator,0.0,1825,Shamator,1825.0,S
36,Telangana,0.0,513,Medak,535.0,4454,Shankarampet (A),4454.0,S
36,Telangana,0.0,508,Karimnagar,534.0,4441,Shankarapatnam,4441.0,S
22,Chhattisgarh,22.0,649,Balrampur-Ramanujganj,0.0,3241,Shankargarh,3241.0,S
24,Gujarat,24.0,455,Patan,470.0,6197,Shankheshvar,0.0,S
21,Odisha,21.0,365,Mayurbhanj,376.0,2886,Sharata,2886.0,S
36,Telangana,0.0,686,Hanumakonda,0.0,4691,Shayampet,4691.0,S
17,Meghalaya,17.0,274,East Khasi Hills,298.0,1994,Shella Bholaganj,1994.0,S
10,Bihar,10.0,220,Sheohar,205.0,1060,Sheohar,1060.0,S
10,Bihar,10.0,215,Rohtas,234.0,1470,Sheosagar,1470.0,S
10,Bihar,10.0,196,Gaya,236.0,1503,Sherghati,1503.0,S
27,Maharashtra,27.0,466,Ahmednagar,522.0,4207,Shevgaon,4207.0,S
29,Karnataka,29.0,540,Haveri,564.0,5489,Shiggaon,5489.0,S
20,Jharkhand,20.0,326,Dumka,362.0,2671,Shikaripara,2671.0,S
9,Uttar Pradesh,9.0,143,Firozabad,147.0,774,Shikohabad,774.0,S
27,Maharashtra,27.0,490,Pune,521.0,4189,Shirur,4189.0,S
10,Bihar,10.0,217,Samastipur,221.0,1286,Shivaji Nagar,1286.0,S
36,Telangana,0.0,513,Medak,535.0,4487,Shivampet,4487.0,S
1,Jammu And Kashmir,1.0,625,Shopian,13.0,52,Shopian,52.0,U
29,Karnataka,29.0,635,Yadgir,580.0,5587,Shorapur,5587.0,S
27,Maharashtra,27.0,466,Ahmednagar,522.0,4212,Shrigonda,4212.0,S
12,Arunachal Pradesh,12.0,719,Lower Siang,0.0,6573,Sibe Circle,0.0,S
24,Gujarat,24.0,455,Patan,470.0,3746,Sidhpur,3746.0,S
29,Karnataka,29.0,630,Chikkaballapura,582.0,5599,Sidlaghatta,5599.0,S
23,Madhya Pradesh,23.0,433,Sidhi,462.0,3700,Sihawal,3700.0,S
20,Jharkhand,20.0,339,Ranchi,364.0,2688,Silli,2688.0,S
20,Jharkhand,20.0,342,Simdega,367.0,2718,Simdega,2718.0,S
27,Maharashtra,27.0,473,Chandrapur,509.0,4069,Sindewahi,4069.0,S
21,Odisha,21.0,345,Balangir,393.0,3151,Sindhekela,3151.0,S
29,Karnataka,29.0,546,Raichur,559.0,5463,Sindhnur,5463.0,S
12,Arunachal Pradesh,12.0,240,Upper Siang,252.0,1662,Singa Circle,1662.0,S
12,Arunachal Pradesh,12.0,242,West Kameng,246.0,1573,Singchung Adc,1573.0,S
10,Bihar,10.0,205,Madhepura,213.0,1159,Singheshwar,1159.0,S
10,Bihar,10.0,195,Darbhanga,215.0,1182,Singhwara,1182.0,S
23,Madhya Pradesh,23.0,638,Singrauli,463.0,3705,Singrauli,3705.0,S
1,Jammu And Kashmir,1.0,12,Rajouri,6.0,6777,Siot,0.0,U
18,Assam,18.0,283,Darrang,325.0,2147,Sipajhar,2147.0,S
23,Madhya Pradesh,23.0,408,Harda,448.0,3607,Sirali,3607.0,S
8,Rajasthan,8.0,115,Sirohi,117.0,593,Sirohi,593.0,S
36,Telangana,0.0,699,Kumuram Bheem Asifabad,0.0,4315,Sirpur (T),4315.0,S
6,Haryana,6.0,74,Sirsa,79.0,390,Sirsa,390.0,S
29,Karnataka,29.0,550,Uttara Kannada,563.0,5483,Sirsi,5483.0,S
8,Rajasthan,8.0,775,Balotra,,580,Siwana,580.0,S
6,Haryana,6.0,66,Kaithal,73.0,6449,Siwan St,0.0,S
36,Telangana,0.0,680,Nirmal,0.0,6209,Soan,0.0,S
9,Uttar Pradesh,9.0,140,Ayodhya,177.0,904,Sohawal,904.0,S
5,Uttarakhand,5.0,45,Almora,64.0,331,Someshwar,331.0,S
18,Assam,18.0,282,Cachar,316.0,2099,Sonai,2099.0,S
1,Jammu And Kashmir,1.0,623,Bandipora,9.0,42,Sonawari,42.0,U
23,Madhya Pradesh,23.0,639,Alirajpur,465.0,6981,Sondawa,0.0,S
10,Bihar,10.0,218,Saran,219.0,1267,Sonepur,1267.0,S
22,Chhattisgarh,22.0,384,Korea,400.0,3233,Sonhat,3233.0,S
10,Bihar,10.0,192,Bhagalpur,224.0,1344,Sonhaula,1344.0,S
23,Madhya Pradesh,23.0,402,Dewas,437.0,3525,Sonkatch,3525.0,S
10,Bihar,10.0,198,Jamui,238.0,1533,Sono,1533.0,S
13,Nagaland,13.0,765,Shamator,0.0,1820,Sotokur,1820.0,S
18,Assam,18.0,707,South Salmara Mancachar,0.0,2011,South Salmara,2011.0,S
28,Andhra Pradesh,28.0,744,Anakapalli,0.0,4882,S.Rayavaram,4882.0,S
28,Andhra Pradesh,28.0,519,Srikakulam,542.0,4802,Srikakulam,4802.0,S
28,Andhra Pradesh,28.0,752,Tirupati,0.0,5378,Srikalahasti,5378.0,S
1,Jammu And Kashmir,1.0,13,Srinagar,10.0,6805,Srinagar Central,0.0,U
29,Karnataka,29.0,532,Chikkamagaluru,570.0,5525,Sringeri,5525.0,S
29,Karnataka,29.0,542,Kolar,581.0,5590,Srinivaspur,5590.0,S
33,Tamil Nadu,33.0,574,Kancheepuram,604.0,5702,Sriperumbudur,5702.0,S
28,Andhra Pradesh,28.0,503,Chittoor,554.0,5419,Srirangarajapuram,5419.0,S
28,Andhra Pradesh,28.0,755,Nandyal,0.0,6538,Srisailam,0.0,S
18,Assam,18.0,295,Lakhimpur,307.0,2054,Subansiri (Pt-I),2054.0,S
21,Odisha,21.0,356,Jajapur,382.0,2969,Sukinda,2969.0,S
3,Punjab,3.0,35,Kapurthala,36.0,207,Sultanpur Lodhi,207.0,S
32,Kerala,32.0,567,Wayanad,590.0,5636,Sulthanbathery,5636.0,S
1,Jammu And Kashmir,1.0,12,Rajouri,6.0,26,Sundarbani,26.0,U
12,Arunachal Pradesh,12.0,234,Lohit,259.0,1728,Sunpura Circle,1728.0,S
10,Bihar,10.0,221,Sitamarhi,206.0,1064,Suppi,1064.0,S
1,Jammu And Kashmir,1.0,10,Poonch,5.0,19,Surankote,19.0,U
19,West Bengal,19.0,307,Birbhum,334.0,2259,Suri - I,2259.0,S
20,Jharkhand,20.0,329,Giridih,349.0,2542,Suriya,2542.0,S
19,West Bengal,19.0,319,Murshidabad,333.0,2225,Suti - I,2225.0,S
23,Madhya Pradesh,23.0,416,Mandsaur,433.0,3499,Suwasara,3499.0,S
19,West Bengal,19.0,303,North 24 Parganas,337.0,2319,Swarupnagar,2319.0,S
28,Andhra Pradesh,28.0,515,Sri Potti Sriramulu Nellore,550.0,5185,Sydapuram,5185.0,S
28,Andhra Pradesh,28.0,752,Tirupati,0.0,5198,Tada,5198.0,S
28,Andhra Pradesh,28.0,754,Sri Sathya Sai,0.0,5338,Tadimarri,5338.0,S
36,Telangana,0.0,685,Kamareddy,0.0,4389,Tadwai,4389.0,S
9,Uttar Pradesh,9.0,153,Jhansi,166.0,858,Tahrauli,858.0,S
12,Arunachal Pradesh,12.0,241,Upper Subansiri,249.0,6549,Taksing Circle,0.0,S
21,Odisha,21.0,373,Sundargarh,374.0,2811,Talasara,2811.0,S
12,Arunachal Pradesh,12.0,241,Upper Subansiri,249.0,1611,Taliha Adc,1611.0,S
20,Jharkhand,20.0,339,Ranchi,364.0,2699,Tamar I,2699.0,S
14,Manipur,14.0,258,Tamenglong,273.0,1865,Tamenglong North,1865.0,S
22,Chhattisgarh,22.0,386,Raigarh,403.0,3266,Tamnar,3266.0,S
36,Telangana,0.0,684,Mancherial,0.0,4332,Tandur,4332.0,S
1,Jammu And Kashmir,1.0,3,Baramulla,8.0,39,Tangmarg,39.0,U
3,Punjab,3.0,605,Barnala,54.0,276,Tapa,276.0,S
9,Uttar Pradesh,9.0,147,Gonda,183.0,930,Tarabganj,930.0,S
10,Bihar,10.0,207,Munger,226.0,1362,Tarapur,1362.0,S
10,Bihar,10.0,195,Darbhanga,215.0,1186,Tardih,1186.0,S
28,Andhra Pradesh,28.0,517,Prakasam,549.0,5118,Tarlupadu,5118.0,S
20,Jharkhand,20.0,332,Hazaribagh,360.0,2648,Tati Jhariya,2648.0,S
5,Uttarakhand,5.0,53,Pithoragarh,62.0,6357,Tejam,0.0,S
36,Telangana,0.0,690,Bhadradri Kothagudem,0.0,4739,Tekulapalli,4739.0,S
36,Telangana,0.0,687,Jayashankar Bhupalapally,0.0,6248,Tekumatla,0.0,S
16,Tripura,16.0,652,Khowai,0.0,6698,Teliamura,0.0,S
21,Odisha,21.0,361,Kendujhar,375.0,2848,Telkoi,2848.0,S
23,Madhya Pradesh,23.0,418,Narsimhapur,452.0,3638,Tendukheda,3638.0,S
14,Manipur,14.0,716,Tengnoupal,0.0,1893,Tengnoupal,1893.0,S
21,Odisha,21.0,366,Nabarangpur,397.0,3197,Tentulikhunti,3197.0,S
29,Karnataka,29.0,524,Bagalkote,556.0,7398,Terdal,0.0,S
20,Jharkhand,20.0,330,Godda,351.0,2556,Thakurgangti,2556.0,S
36,Telangana,0.0,518,Ranga Reddy,537.0,4562,Thalakondapally,4562.0,S
28,Andhra Pradesh,28.0,517,Prakasam,549.0,5121,Thallur,5121.0,S
28,Andhra Pradesh,28.0,753,Annamayya,0.0,5368,Thamballapalle,5368.0,S
27,Maharashtra,27.0,497,Thane,517.0,4165,Thane,4165.0,S
33,Tamil Nadu,33.0,735,Mayiladuthurai,0.0,5798,Tharangambadi,5798.0,S
21,Odisha,21.0,371,Sambalpur,372.0,2784,Thelkoloi,2784.0,S
36,Telangana,0.0,514,Nalgonda,539.0,4645,Thipparthy,4645.0,S
33,Tamil Nadu,33.0,590,Thiruvarur,619.0,5809,Thiruthuraipoondi,5809.0,S
33,Tamil Nadu,33.0,590,Thiruvarur,619.0,5806,Thiruvarur,5806.0,S
33,Tamil Nadu,33.0,575,Kanniyakumari,629.0,6672,Thiruvattar,0.0,S
13,Nagaland,13.0,736,Noklak,0.0,1829,Thonoknyu,1829.0,S
33,Tamil Nadu,33.0,591,Tiruchirappalli,614.0,5773,Thottiyam,5773.0,S
33,Tamil Nadu,33.0,575,Kanniyakumari,629.0,5883,Thovala,5883.0,S
2,Himachal Pradesh,2.0,22,Mandi,27.0,136,Thunag,136.0,S
8,Rajasthan,8.0,101,Hanumangarh,100.0,467,Tibi,467.0,S
6,Haryana,6.0,60,Faridabad,88.0,6434,Tigaon St,0.0,S
8,Rajasthan,8.0,770,Khairthal-Tijara,,496,Tijara,496.0,S
21,Odisha,21.0,373,Sundargarh,374.0,2829,Tikaetpali,2829.0,S
23,Madhya Pradesh,23.0,434,Tikamgarh,424.0,3423,Tikamgarh,3423.0,S
21,Odisha,21.0,370,Rayagada,396.0,3179,Tikiri,3179.0,S
2,Himachal Pradesh,2.0,22,Mandi,27.0,6948,Tikken,0.0,S
24,Gujarat,24.0,452,Narmada,487.0,3909,Tilakwada,3909.0,S
9,Uttar Pradesh,9.0,180,Shahjahanpur,152.0,794,Tilhar,794.0,S
9,Uttar Pradesh,9.0,640,Amethi,0.0,824,Tiloi,824.0,S
33,Tamil Nadu,33.0,596,Viluppuram,607.0,5729,Tindivanam,5729.0,S
21,Odisha,21.0,365,Mayurbhanj,376.0,2858,Tiring,2858.0,S
23,Madhya Pradesh,23.0,392,Balaghat,457.0,3668,Tirodi,3668.0,S
21,Odisha,21.0,355,Jagatsinghapur,380.0,2939,Tirtol,2939.0,S
33,Tamil Nadu,33.0,729,Kallakurichi,0.0,5732,Tirukkoyilur,5732.0,S
36,Telangana,0.0,514,Nalgonda,539.0,6306,Tirumalagiri Sagar,0.0,S
33,Tamil Nadu,33.0,634,Tiruppur,633.0,5968,Tiruppursouth,0.0,S
18,Assam,18.0,290,Jorhat,312.0,2080,Titabor,2080.0,S
33,Tamil Nadu,33.0,570,Cuddalore,617.0,5794,Tittakudi,5794.0,S
15,Mizoram,15.0,265,Lunglei,286.0,7358,Tlabung,0.0,S
13,Nagaland,13.0,757,Tseminyu,0.0,1843,Tseminyu,1843.0,S
13,Nagaland,13.0,765,Shamator,0.0,1826,Tsurungto,1826.0,S
14,Manipur,14.0,254,Churachandpur,274.0,1870,Tuibong,1870.0,S
20,Jharkhand,20.0,325,Dhanbad,354.0,2579,Tundi,2579.0,S
28,Andhra Pradesh,28.0,746,Kakinada,0.0,4890,Tuni,4890.0,S
10,Bihar,10.0,213,Purbi Champaran,204.0,1042,Turkaulia,1042.0,S
8,Rajasthan,8.0,91,Bharatpur,105.0,6923,Uchhain,0.0,S
8,Rajasthan,8.0,773,Neem Ka Thana,,492,Udaipurwati,492.0,S
21,Odisha,21.0,365,Mayurbhanj,376.0,2884,Udala,2884.0,S
18,Assam,18.0,282,Cachar,316.0,2098,Udarbond,2098.0,S
24,Gujarat,24.0,459,Surat,492.0,6522,Udhna,0.0,S
29,Karnataka,29.0,549,Udupi,569.0,5523,Udupi,5523.0,S
10,Bihar,10.0,193,Bhojpur,231.0,1426,Udwant Nagar,1426.0,S
23,Madhya Pradesh,23.0,435,Ujjain,435.0,3513,Ujjain,3513.0,S
17,Meghalaya,17.0,276,Ri Bhoi,297.0,1985,Umling,1985.0,S
9,Uttar Pradesh,9.0,660,Shamli,0.0,6159,Un,0.0,S
8,Rajasthan,8.0,116,Tonk,120.0,621,Uniara,621.0,S
33,Tamil Nadu,33.0,578,Madurai,623.0,5838,Usilampatti,5838.0,S
33,Tamil Nadu,33.0,577,Krishnagiri,631.0,5894,Uthangarai,5894.0,S
33,Tamil Nadu,33.0,589,Thiruvallur,602.0,5695,Uthukkottai,5695.0,S
9,Uttar Pradesh,9.0,127,Balrampur,182.0,927,Utraula,927.0,S
24,Gujarat,24.0,441,Banas Kantha,469.0,3738,Vadgam,3738.0,S
33,Tamil Nadu,33.0,578,Madurai,623.0,5837,Vadipatti,5837.0,S
24,Gujarat,24.0,451,Mahesana,471.0,3755,Vadnagar,3755.0,S
27,Maharashtra,27.0,495,Sindhudurg,529.0,4276,Vaibhavvadi,4276.0,S
32,Kerala,32.0,560,Kottayam,597.0,5669,Vaikom,5669.0,S
10,Bihar,10.0,224,Vaishali,220.0,1268,Vaishali,1268.0,S
24,Gujarat,24.0,443,Bhavnagar,481.0,3851,Vallabhipur,3851.0,S
8,Rajasthan,8.0,117,Udaipur,130.0,690,Vallabhnagar,690.0,S
24,Gujarat,24.0,462,Valsad,491.0,3927,Valsad,3927.0,S
33,Tamil Nadu,33.0,730,Chengalpattu,0.0,7058,Vandalur,0.0,S
28,Andhra Pradesh,28.0,745,Alluri Sitharama Raju,0.0,4733,Vararamachandrapuram,4733.0,S
28,Andhra Pradesh,28.0,515,Sri Potti Sriramulu Nellore,550.0,5155,Varikuntapadu,5155.0,S
32,Kerala,32.0,565,Thiruvananthapuram,601.0,5946,Varkala,0.0,S
24,Gujarat,24.0,441,Banas Kantha,469.0,3732,Vav,3732.0,S
28,Andhra Pradesh,28.0,743,Parvathipuram Manyam,0.0,4769,Veeraghattam,4769.0,S
28,Andhra Pradesh,28.0,523,West Godavari,546.0,4983,Veeravasaram,4983.0,S
36,Telangana,0.0,683,Rajanna Sircilla,0.0,6220,Veernapalli,0.0,S
33,Tamil Nadu,33.0,568,Chennai,603.0,7171,Velachery,0.0,S
33,Tamil Nadu,33.0,595,Vellore,605.0,5717,Vellore,5717.0,S
33,Tamil Nadu,33.0,593,Tiruvannamalai,606.0,6624,Vembakkam,0.0,S
36,Telangana,0.0,509,Khammam,541.0,4768,Vemsoor,4768.0,S
36,Telangana,0.0,514,Nalgonda,539.0,4644,Vemulapally,4644.0,S
28,Andhra Pradesh,28.0,515,Sri Potti Sriramulu Nellore,550.0,5182,Venkatachalam,5182.0,S
33,Tamil Nadu,33.0,581,Perambalur,615.0,5974,Veppanthattai,0.0,S
28,Andhra Pradesh,28.0,750,Bapatla,0.0,5124,Vetapalem,5124.0,S
28,Andhra Pradesh,28.0,502,Ananthapuramu,553.0,5308,Vidapanakal,5308.0,S
8,Rajasthan,8.0,776,Anupgarh,,464,Vijainagar,464.0,S
1,Jammu And Kashmir,1.0,624,Samba,22.0,6722,Vijaypur,0.0,U
33,Tamil Nadu,33.0,594,Thoothukkudi,627.0,5864,Vilathikulam,5864.0,S
24,Gujarat,24.0,438,Ahmedabad,474.0,3779,Viramgam,3779.0,S
33,Tamil Nadu,33.0,570,Cuddalore,617.0,5793,Virudhachalam,5793.0,S
28,Andhra Pradesh,28.0,520,Visakhapatnam,544.0,4866,Visakhapatnam (Rural),4866.0,S
24,Gujarat,24.0,448,Junagadh,479.0,3829,Visavadar,3829.0,S
28,Andhra Pradesh,28.0,504,Y.S.R.,551.0,5228,Vontimitta,5228.0,S
36,Telangana,0.0,508,Karimnagar,534.0,4445,V.Saidapur,4445.0,S
27,Maharashtra,27.0,665,Palghar,0.0,4162,Wada,4162.0,S
13,Nagaland,13.0,247,Mon,261.0,1749,Wakching,1749.0,S
33,Tamil Nadu,33.0,574,Kancheepuram,604.0,6626,Walajabad,0.0,S
36,Telangana,0.0,693,Wanaparthy,0.0,4595,Wanaparthy,4595.0,S
14,Manipur,14.0,256,Imphal West,277.0,1882,Wangoi,1882.0,S
36,Telangana,0.0,699,Kumuram Bheem Asifabad,0.0,4314,Wankidi,4314.0,S
17,Meghalaya,17.0,657,East Jaintia Hills,0.0,1999,Wapung,1999.0,S
36,Telangana,0.0,522,Warangal,540.0,4706,Warangal,4706.0,S
27,Maharashtra,27.0,488,Dharashiv,525.0,4238,Washi,4238.0,S
1,Jammu And Kashmir,1.0,3,Baramulla,8.0,6825,Watergam,0.0,U
8,Rajasthan,8.0,91,Bharatpur,105.0,512,Weir,512.0,S
15,Mizoram,15.0,266,Mamit,281.0,1897,West Phaileng,1897.0,S
13,Nagaland,13.0,248,Phek,266.0,5992,Weziho,0.0,S
13,Nagaland,13.0,250,Wokha,264.0,1789,Wokha Sadar,1789.0,S
12,Arunachal Pradesh,12.0,236,Lower Subansiri,255.0,1697,Yachuli Adc,1697.0,S
36,Telangana,0.0,697,Yadadri Bhuvanagiri,0.0,4616,Yadagirigutta,4616.0,S
28,Andhra Pradesh,28.0,503,Chittoor,554.0,5430,Yadamarri,5430.0,S
36,Telangana,0.0,516,Nizamabad,533.0,4369,Yedapally,4369.0,S
29,Karnataka,29.0,525,Bengaluru Urban,572.0,7103,Yelahanka,0.0,S
28,Andhra Pradesh,28.0,523,West Godavari,546.0,4989,Yelamanchili,4989.0,S
29,Karnataka,29.0,543,Koppal,560.0,5464,Yelbarga,5464.0,S
36,Telangana,0.0,690,Bhadradri Kothagudem,0.0,4740,Yellandu,4740.0,S
36,Telangana,0.0,683,Rajanna Sircilla,0.0,4432,Yellareddipet,4432.0,S
36,Telangana,0.0,516,Nizamabad,533.0,6239,Yergatla,0.0,S
28,Andhra Pradesh,28.0,752,Tirupati,0.0,5374,Yerravaripalem,5374.0,S
1,Jammu And Kashmir,1.0,625,Shopian,13.0,6797,Zainapora,0.0,U
1,Jammu And Kashmir,1.0,3,Baramulla,8.0,6826,Zaingeer,0.0,U
13,Nagaland,13.0,251,Zunheboto,263.0,1772,Zunheboto Sadar,1772.0,S
12,Arunachal Pradesh,12.0,243,West Siang,250.0,6087,Aalo Hq,0.0,S
22,Chhattisgarh,22.0,381,Uttar Bastar Kanker,413.0,7346,Aamabeda,0.0,S
13,Nagaland,13.0,247,Mon,261.0,1750,Aboi,1750.0,S
36,Telangana,0.0,694,Nagarkurnool,0.0,4579,Achampet,4579.0,S
22,Chhattisgarh,22.0,762,Sakti,0.0,7255,Adbhar,0.0,S
28,Andhra Pradesh,28.0,750,Bapatla,0.0,5112,Addanki,5112.0,S
17,Meghalaya,17.0,656,North Garo Hills,0.0,7334,Adokgre,0.0,S
32,Kerala,32.0,564,Pathanamthitta,599.0,5683,Adoor,5683.0,S
29,Karnataka,29.0,538,Kalaburagi,579.0,5581,Afzalpur,5581.0,S
23,Madhya Pradesh,23.0,667,Agar-Malwa,0.0,3518,Agar,3518.0,S
31,Lakshadweep,31.0,553,Lakshadweep District,587.0,5626,Agatti,5626.0,U
28,Andhra Pradesh,28.0,748,Eluru,0.0,5005,Agiripalli,5005.0,S
9,Uttar Pradesh,9.0,118,Agra,146.0,766,Agra,766.0,S
22,Chhattisgarh,22.0,378,Durg,409.0,7331,Ahiwara,0.0,S
21,Odisha,21.0,362,Khordha,386.0,3045,Airfield (Kapila Prasad),3045.0,S
29,Karnataka,29.0,532,Chikkamagaluru,570.0,7078,Ajjampura,0.0,S
27,Maharashtra,27.0,496,Solapur,526.0,4254,Akkalkot,4254.0,S
27,Maharashtra,27.0,466,Ahmednagar,522.0,4201,Akole,4201.0,S
27,Maharashtra,27.0,467,Akola,501.0,3989,Akot,3989.0,S
36,Telangana,0.0,697,Yadadri Bhuvanagiri,0.0,4617,Alair,4617.0,S
2,Himachal Pradesh,2.0,18,Kangra,24.0,6900,Alampur,0.0,S
20,Jharkhand,20.0,331,Gumla,366.0,2715,Albert Ekka(Jari),2715.0,S
27,Maharashtra,27.0,491,Raigad,520.0,4177,Alibag,4177.0,S
7,Delhi,7.0,80,North,91.0,6076,Alipur,0.0,U
23,Madhya Pradesh,23.0,639,Alirajpur,465.0,3713,Alirajpur,3713.0,S
36,Telangana,0.0,513,Medak,535.0,4470,Alladurg,4470.0,S
5,Uttarakhand,5.0,45,Almora,64.0,330,Almora,330.0,S
13,Nagaland,13.0,246,Mokokchung,262.0,1759,Alongkima,1759.0,S
1,Jammu And Kashmir,1.0,623,Bandipora,9.0,6809,Aloosa,0.0,U
23,Madhya Pradesh,23.0,423,Ratlam,434.0,3502,Alot,3502.0,S
29,Karnataka,29.0,539,Hassan,574.0,5557,Alur,5557.0,S
13,Nagaland,13.0,614,Kiphire,269.0,1836,Amahator,1836.0,S
3,Punjab,3.0,737,Malerkotla,0.0,7122,Amargarh,0.0,S
2,Himachal Pradesh,2.0,26,Una,29.0,148,Amb,148.0,S
23,Madhya Pradesh,23.0,417,Morena,419.0,3385,Ambah,3385.0,S
33,Tamil Nadu,33.0,592,Tirunelveli,628.0,5878,Ambasamudram,5878.0,S
8,Rajasthan,8.0,102,Jaipur,110.0,547,Amber,547.0,S
22,Chhattisgarh,22.0,389,Surguja,401.0,3247,Ambikapur,3247.0,S
19,West Bengal,19.0,303,North 24 Parganas,337.0,2322,Amdanga,2322.0,S
36,Telangana,0.0,691,Sangareddy,0.0,6276,Ameenpur,0.0,S
18,Assam,18.0,300,Sivasagar,311.0,2072,Amguri,2072.0,S
24,Gujarat,24.0,442,Bharuch,488.0,3914,Amod,3914.0,S
33,Tamil Nadu,33.0,595,Vellore,605.0,5964,Anaicut,0.0,S
13,Nagaland,13.0,247,Mon,261.0,1754,Angjangyang,1754.0,S
2,Himachal Pradesh,2.0,20,Kullu,26.0,121,Ani,121.0,S
12,Arunachal Pradesh,12.0,230,Dibang Valley,257.0,1718,Anini,1718.0,S
22,Chhattisgarh,22.0,381,Uttar Bastar Kanker,413.0,3353,Antagarh,3353.0,S
28,Andhra Pradesh,28.0,515,Sri Potti Sriramulu Nellore,550.0,5165,Anumasamudrampeta,5165.0,S
9,Uttar Pradesh,9.0,130,Bareilly,150.0,786,Aonla,786.0,S
28,Andhra Pradesh,28.0,745,Alluri Sitharama Raju,0.0,4844,Araku Valley,4844.0,S
22,Chhattisgarh,22.0,387,Raipur,410.0,3330,Arang,3330.0,S
33,Tamil Nadu,33.0,593,Tiruvannamalai,606.0,5721,Arani,5721.0,S
33,Tamil Nadu,33.0,731,Ranipet,0.0,5716,Arcot,5716.0,S
2,Himachal Pradesh,2.0,25,Solan,31.0,158,Arki,158.0,S
36,Telangana,0.0,516,Nizamabad,533.0,4360,Armoor,4360.0,S
1,Jammu And Kashmir,1.0,5,Jammu,21.0,6717,Arnia,0.0,U
19,West Bengal,19.0,321,Purulia,340.0,2389,Arsha,2389.0,S
23,Madhya Pradesh,23.0,391,Ashoknagar,459.0,3686,Ashoknagar,3686.0,S
36,Telangana,0.0,699,Kumuram Bheem Asifabad,0.0,4319,Asifabad,4319.0,S
21,Odisha,21.0,369,Puri,387.0,3060,Astaranga,3060.0,S
13,Nagaland,13.0,251,Zunheboto,263.0,1770,Asuto,1770.0,S
6,Haryana,6.0,69,Mahendragarh,84.0,6457,Ateli,0.0,S
23,Madhya Pradesh,23.0,395,Bhind,420.0,3391,Ater,3391.0,S
13,Nagaland,13.0,613,Peren,271.0,1853,Athibung,1853.0,S
28,Andhra Pradesh,28.0,755,Nandyal,0.0,5265,Atmakur,5265.0,S
36,Telangana,0.0,697,Yadadri Bhuvanagiri,0.0,4626,Atmakur (M),4626.0,S
13,Nagaland,13.0,251,Zunheboto,263.0,1773,Atoizu,1773.0,S
9,Uttar Pradesh,9.0,119,Aligarh,143.0,754,Atrauli,754.0,S
10,Bihar,10.0,196,Gaya,236.0,1493,Atri,1493.0,S
33,Tamil Nadu,33.0,584,Salem,608.0,5743,Attur,5743.0,S
27,Maharashtra,27.0,477,Hingoli,512.0,4113,Aundha (Nagnath),4113.0,S
22,Chhattisgarh,22.0,761,Mohla-Manpur-Ambagarh Chouki,0.0,7278,Aundhi,0.0,S
9,Uttar Pradesh,9.0,122,Auraiya,162.0,842,Auraiya,842.0,S
10,Bihar,10.0,189,Aurangabad,235.0,1481,Aurangabad,1481.0,S
33,Tamil Nadu,33.0,582,Pudukkottai,621.0,5828,Avudayarkoil,5828.0,S
18,Assam,18.0,293,Karimganj,317.0,2102,Badarpur,2102.0,S
23,Madhya Pradesh,23.0,403,Dhar,438.0,3532,Badnawar,3532.0,S
23,Madhya Pradesh,23.0,667,Agar-Malwa,0.0,3517,Badod,3517.0,S
23,Madhya Pradesh,23.0,413,Katni,450.0,3623,Badwara,3623.0,S
18,Assam,18.0,616,Baksa,324.0,2139,Baganpara (Pt),2139.0,S
24,Gujarat,24.0,439,Amreli,480.0,3844,Bagasara,3844.0,S
3,Punjab,3.0,38,Moga,42.0,232,Bagha Purana,232.0,S
22,Chhattisgarh,22.0,380,Jashpur,402.0,3255,Bagicha,3255.0,S
8,Rajasthan,8.0,88,Banswara,125.0,653,Bagidora,653.0,S
19,West Bengal,19.0,321,Purulia,340.0,2392,Bagmundi,2392.0,S
2,Himachal Pradesh,2.0,22,Mandi,27.0,7174,Bagshad,0.0,S
10,Bihar,10.0,195,Darbhanga,215.0,1192,Baheri,1192.0,S
10,Bihar,10.0,197,Gopalganj,217.0,1228,Baikunthpur,1228.0,S
10,Bihar,10.0,214,Purnia,211.0,1140,Baisi,1140.0,S
21,Odisha,21.0,365,Mayurbhanj,376.0,2880,Baisinga,2880.0,S
17,Meghalaya,17.0,656,North Garo Hills,0.0,6544,Bajengdoba,0.0,S
10,Bihar,10.0,212,Patna,230.0,1414,Bakhtiarpur,1414.0,S
19,West Bengal,19.0,321,Purulia,340.0,2393,Balarampur,2393.0,S
23,Madhya Pradesh,23.0,434,Tikamgarh,424.0,3421,Baldeogarh,3421.0,S
9,Uttar Pradesh,9.0,185,Sultanpur,179.0,6868,Baldirai,0.0,S
8,Rajasthan,8.0,778,Jodhpur (Gramin),,6049,Balesar,0.0,S
21,Odisha,21.0,346,Baleshwar,377.0,2909,Baleshwar (M),2909.0,S
5,Uttarakhand,5.0,55,Tehri Garhwal,59.0,6374,Balganga,0.0,S
8,Rajasthan,8.0,111,Pali,118.0,605,Bali,605.0,S
21,Odisha,21.0,362,Khordha,386.0,3042,Balianta,3042.0,S
21,Odisha,21.0,362,Khordha,386.0,3043,Balipatna,3043.0,S
36,Telangana,0.0,516,Nizamabad,533.0,4361,Balkonda,4361.0,S
29,Karnataka,29.0,528,Ballari,565.0,5500,Ballari,5500.0,S
28,Andhra Pradesh,28.0,750,Bapatla,0.0,5105,Ballikurava,5105.0,S
19,West Bengal,19.0,313,Howrah,341.0,2403,Bally Jagachha,2403.0,S
36,Telangana,0.0,694,Nagarkurnool,0.0,4597,Balmoor,4597.0,S
22,Chhattisgarh,22.0,379,Janjgir-Champa,405.0,3279,Baloda,3279.0,S
22,Chhattisgarh,22.0,649,Balrampur-Ramanujganj,0.0,3237,Balrampur,3237.0,S
21,Odisha,21.0,362,Khordha,386.0,3053,Balugaon,3053.0,S
19,West Bengal,19.0,316,Malda,332.0,2215,Bamangola,2215.0,S
12,Arunachal Pradesh,12.0,231,East Kameng,247.0,1586,Bameng Adc,1586.0,S
23,Madhya Pradesh,23.0,406,Guna,458.0,3678,Bamori,3678.0,S
12,Arunachal Pradesh,12.0,231,East Kameng,247.0,6102,Bana Eac,0.0,S
21,Odisha,21.0,344,Anugul,384.0,3010,Banarpal,3010.0,S
23,Madhya Pradesh,23.0,425,Sagar,427.0,3446,Banda,3446.0,S
23,Madhya Pradesh,23.0,425,Sagar,427.0,7420,Bandari,0.0,S
22,Chhattisgarh,22.0,381,Uttar Bastar Kanker,413.0,7353,Bande,0.0,S
10,Bihar,10.0,208,Muzaffarpur,216.0,1210,Bandra,1210.0,S
18,Assam,18.0,298,Nalbari,323.0,2137,Banekuchi,2137.0,S
28,Andhra Pradesh,28.0,503,Chittoor,554.0,5429,Bangarupalem,5429.0,S
21,Odisha,21.0,365,Mayurbhanj,376.0,2875,Bangiriposi,2875.0,S
21,Odisha,21.0,367,Nayagarh,385.0,3024,Banigochha,3024.0,S
21,Odisha,21.0,350,Cuttack,381.0,2948,Banki,2948.0,S
9,Uttar Pradesh,9.0,182,Siddharthnagar,184.0,934,Bansi,934.0,S
19,West Bengal,19.0,310,Dakshin Dinajpur,331.0,2206,Bansihari,2206.0,S
21,Odisha,21.0,348,Bhadrak,378.0,2911,Bant,2911.0,S
21,Odisha,21.0,344,Anugul,384.0,3021,Bantala,3021.0,S
19,West Bengal,19.0,704,Paschim Bardhaman,0.0,2269,Barabani,2269.0,S
10,Bihar,10.0,196,Gaya,236.0,1510,Barachatti,1510.0,S
21,Odisha,21.0,350,Cuttack,381.0,2951,Barang,2951.0,S
9,Uttar Pradesh,9.0,124,Baghpat,139.0,735,Baraut,735.0,S
20,Jharkhand,20.0,332,Hazaribagh,360.0,2645,Barhi,2645.0,S
23,Madhya Pradesh,23.0,413,Katni,450.0,3622,Barhi,3622.0,S
21,Odisha,21.0,365,Mayurbhanj,376.0,2873,Baripada Town,2873.0,S
12,Arunachal Pradesh,12.0,241,Upper Subansiri,249.0,1620,Baririjo Circle,1620.0,S
18,Assam,18.0,298,Nalbari,323.0,2134,Barkhetri,2134.0,S
18,Assam,18.0,280,Barpeta,303.0,2018,Barnagar (Pt),2018.0,S
23,Madhya Pradesh,23.0,401,Datia,422.0,7001,Baroni,0.0,S
19,West Bengal,19.0,303,North 24 Parganas,337.0,2324,Barrackpur - II,2324.0,S
22,Chhattisgarh,22.0,376,Dakshin Bastar Dantewada,416.0,7232,Barsur,0.0,S
19,West Bengal,19.0,304,South 24 Parganas,343.0,2422,Baruipur,2422.0,S
10,Bihar,10.0,208,Muzaffarpur,216.0,1200,Baruraj (Motipur),1200.0,S
20,Jharkhand,20.0,335,Latehar,359.0,2636,Barwadih,2636.0,S
1,Jammu And Kashmir,1.0,14,Udhampur,19.0,6736,Basantgarh,0.0,U
20,Jharkhand,20.0,331,Gumla,366.0,2711,Basia,2711.0,S
28,Andhra Pradesh,28.0,754,Sri Sathya Sai,0.0,5337,Bathalapalli,5337.0,S
10,Bihar,10.0,221,Sitamarhi,206.0,1069,Bathnaha,1069.0,S
23,Madhya Pradesh,23.0,400,Damoh,428.0,3456,Batiyagarh,3456.0,S
8,Rajasthan,8.0,775,Balotra,,578,Baytoo,578.0,S
8,Rajasthan,8.0,774,Beawar,,609,Beawar,609.0,S
10,Bihar,10.0,191,Begusarai,222.0,1314,Begusarai,1314.0,S
36,Telangana,0.0,501,Adilabad,532.0,4308,Bela,4308.0,S
29,Karnataka,29.0,527,Belagavi,555.0,5438,Belagavi,5438.0,S
19,West Bengal,19.0,319,Murshidabad,333.0,2245,Beldanga - II,2245.0,S
22,Chhattisgarh,22.0,375,Bilaspur,406.0,7243,Belgahna,0.0,S
28,Andhra Pradesh,28.0,751,Palnadu,0.0,5049,Bellamkonda,5049.0,S
10,Bihar,10.0,221,Sitamarhi,206.0,1072,Belsand,1072.0,S
29,Karnataka,29.0,534,Dakshina Kannada,575.0,5563,Beltangadi,5563.0,S
29,Karnataka,29.0,525,Bengaluru Urban,572.0,5544,Bengaluru East,5544.0,S
23,Madhya Pradesh,23.0,396,Bhopal,444.0,3580,Berasia,3580.0,S
5,Uttarakhand,5.0,53,Pithoragarh,62.0,318,Berinag,318.0,S
17,Meghalaya,17.0,663,South West Garo Hills,0.0,1966,Betasing,1966.0,S
28,Andhra Pradesh,28.0,755,Nandyal,0.0,5279,Bethamcherla,5279.0,S
23,Madhya Pradesh,23.0,394,Betul,447.0,6989,Betul Nagar,0.0,S
24,Gujarat,24.0,441,Banas Kantha,469.0,3742,Bhabhar,3742.0,S
1,Jammu And Kashmir,1.0,4,Doda,16.0,65,Bhaderwah,65.0,U
10,Bihar,10.0,191,Begusarai,222.0,1308,Bhagwanpur,1308.0,S
10,Bihar,10.0,224,Vaishali,220.0,1271,Bhagwanpur,1271.0,S
23,Madhya Pradesh,23.0,427,Sehore,445.0,3587,Bhairunda,3587.0,S
22,Chhattisgarh,22.0,383,Korba,404.0,7328,Bhaisma,0.0,S
2,Himachal Pradesh,2.0,16,Chamba,23.0,86,Bhalai,86.0,S
1,Jammu And Kashmir,1.0,4,Doda,16.0,6753,Bhalessa,0.0,U
1,Jammu And Kashmir,1.0,5,Jammu,21.0,6709,Bhalwal,0.0,U
21,Odisha,21.0,354,Ganjam,388.0,3074,Bhanjanagar,3074.0,S
22,Chhattisgarh,22.0,381,Uttar Bastar Kanker,413.0,3349,Bhanupratappur,3349.0,S
10,Bihar,10.0,188,Araria,209.0,1114,Bhargama,1114.0,S
20,Jharkhand,20.0,331,Gumla,366.0,2709,Bharno,2709.0,S
2,Himachal Pradesh,2.0,18,Kangra,24.0,7414,Bharoli,0.0,S
24,Gujarat,24.0,442,Bharuch,488.0,3916,Bharuch,3916.0,S
19,West Bengal,19.0,306,Purba Bardhaman,335.0,2286,Bhatar,2286.0,S
27,Maharashtra,27.0,468,Amravati,503.0,4010,Bhatkuli,4010.0,S
21,Odisha,21.0,347,Bargarh,370.0,2767,Bhatli,2767.0,S
9,Uttar Pradesh,9.0,137,Deoria,190.0,963,Bhatpar Rani,963.0,S
2,Himachal Pradesh,2.0,16,Chamba,23.0,88,Bhattiyat,88.0,S
24,Gujarat,24.0,443,Bhavnagar,481.0,3854,Bhavnagar,3854.0,S
3,Punjab,3.0,43,Sangrur,53.0,6855,Bhawanigarh,0.0,S
36,Telangana,0.0,686,Hanumakonda,0.0,4448,Bheemadevarpalli,4448.0,S
28,Andhra Pradesh,28.0,748,Eluru,0.0,4963,Bheemadole,4963.0,S
36,Telangana,0.0,685,Kamareddy,0.0,4391,Bhiknoor,4391.0,S
23,Madhya Pradesh,23.0,394,Betul,447.0,7027,Bhimpur,0.0,S
8,Rajasthan,8.0,117,Udaipur,130.0,6917,Bhindar,0.0,S
10,Bihar,10.0,211,Pashchim Champaran,203.0,1022,Bhitaha,1022.0,S
28,Andhra Pradesh,28.0,521,Vizianagaram,543.0,4840,Bhogapuram,4840.0,S
9,Uttar Pradesh,9.0,156,Kanpur Dehat,163.0,846,Bhognipur,846.0,S
27,Maharashtra,27.0,485,Nanded,511.0,4102,Bhokar,4102.0,S
27,Maharashtra,27.0,490,Pune,521.0,4198,Bhor,4198.0,S
27,Maharashtra,27.0,480,Kolhapur,530.0,4291,Bhudargad,4291.0,S
3,Punjab,3.0,35,Kapurthala,36.0,205,Bhulath,205.0,S
36,Telangana,0.0,687,Jayashankar Bhupalapally,0.0,4682,Bhupalpally,4682.0,S
8,Rajasthan,8.0,91,Bharatpur,105.0,6665,Bhusawar,0.0,S
36,Telangana,0.0,697,Yadadri Bhuvanagiri,0.0,4629,Bibinagar,4629.0,S
10,Bihar,10.0,205,Madhepura,213.0,1166,Bihariganj,1166.0,S
22,Chhattisgarh,22.0,648,Surajpur,0.0,7245,Biharpur,0.0,S
10,Bihar,10.0,192,Bhagalpur,224.0,1330,Bihpur,1330.0,S
10,Bihar,10.0,212,Patna,230.0,1403,Bihta,1403.0,S
10,Bihar,10.0,215,Rohtas,234.0,1461,Bikramganj,1461.0,S
9,Uttar Pradesh,9.0,176,Rampur,136.0,725,Bilaspur,725.0,S
9,Uttar Pradesh,9.0,150,Hardoi,155.0,812,Bilgram,812.0,S
9,Uttar Pradesh,9.0,157,Kanpur Nagar,164.0,848,Bilhaur,848.0,S
21,Odisha,21.0,372,Sonepur,392.0,3135,Binika,3135.0,S
10,Bihar,10.0,195,Darbhanga,215.0,1193,Biraul,1193.0,S
2,Himachal Pradesh,2.0,26,Una,29.0,6892,Birhu Kalan,0.0,S
36,Telangana,0.0,685,Kamareddy,0.0,4375,Birkur,4375.0,S
23,Madhya Pradesh,23.0,426,Satna,429.0,3463,Birsinghpur,3463.0,S
14,Manipur,14.0,252,Bishnupur,275.0,1874,Bishnupur,1874.0,S
19,West Bengal,19.0,304,South 24 Parganas,343.0,2415,Bishnupur - I,2415.0,S
19,West Bengal,19.0,304,South 24 Parganas,343.0,2416,Bishnupur - II,2416.0,S
20,Jharkhand,20.0,332,Hazaribagh,360.0,2652,Bishungarh,2652.0,S
18,Assam,18.0,705,Biswanath,0.0,2045,Biswanath,2045.0,S
28,Andhra Pradesh,28.0,521,Vizianagaram,543.0,4816,Bobbili,4816.0,S
10,Bihar,10.0,208,Muzaffarpur,216.0,1206,Bochaha,1206.0,S
24,Gujarat,24.0,668,Chhotaudepur,0.0,6020,Bodeli,0.0,S
21,Odisha,21.0,368,Nuapada,394.0,3157,Boden,3157.0,S
18,Assam,18.0,281,Bongaigaon,319.0,2111,Boitamari,2111.0,S
10,Bihar,10.0,221,Sitamarhi,206.0,1079,Bokhara,1079.0,S
21,Odisha,21.0,361,Kendujhar,375.0,2835,Bolani,2835.0,S
36,Telangana,0.0,698,Vikarabad,0.0,4550,Bomaraspeta,4550.0,S
36,Telangana,0.0,697,Yadadri Bhuvanagiri,0.0,4613,Bommalaramaram,4613.0,S
28,Andhra Pradesh,28.0,521,Vizianagaram,543.0,4829,Bondapalli,4829.0,S
19,West Bengal,19.0,303,North 24 Parganas,337.0,2317,Bongaon,2317.0,S
1,Jammu And Kashmir,1.0,3,Baramulla,8.0,38,Boniyar,38.0,U
20,Jharkhand,20.0,327,East Singhbum,357.0,2605,Boram,2605.0,S
20,Jharkhand,20.0,340,Sahebganj,352.0,2566,Borio,2566.0,S
27,Maharashtra,27.0,483,Mumbai Suburban,518.0,7181,Borivali,0.0,S
24,Gujarat,24.0,440,Anand,482.0,3867,Borsad,3867.0,S
12,Arunachal Pradesh,12.0,237,Papum Pare,248.0,6013,Borum,0.0,S
28,Andhra Pradesh,28.0,504,Y.S.R.,551.0,5205,Brahmamgarimattam,5205.0,S
28,Andhra Pradesh,28.0,502,Ananthapuramu,553.0,5320,Brahmasamudram,5320.0,S
28,Andhra Pradesh,28.0,515,Sri Potti Sriramulu Nellore,550.0,5170,Buchireddipalem,5170.0,S
33,Tamil Nadu,33.0,586,Thanjavur,620.0,5966,Budalur,0.0,S
3,Punjab,3.0,37,Mansa,47.0,248,Budhlada,248.0,S
20,Jharkhand,20.0,339,Ranchi,364.0,2698,Bundu,2698.0,S
14,Manipur,14.0,712,Kangpokpi,0.0,6488,Bungte Chiru,0.0,S
9,Uttar Pradesh,9.0,123,Azamgarh,191.0,964,Burhanpur,964.0,S
21,Odisha,21.0,371,Sambalpur,372.0,2788,Burla,2788.0,S
20,Jharkhand,20.0,339,Ranchi,364.0,2682,Burmu,2682.0,S
28,Andhra Pradesh,28.0,744,Anakapalli,0.0,4873,Butchayyapeta,4873.0,S
28,Andhra Pradesh,28.0,748,Eluru,0.0,4948,Buttayagudem,4948.0,S
9,Uttar Pradesh,9.0,148,Gorakhpur,188.0,948,Campierganj,948.0,S
20,Jharkhand,20.0,343,West Singhbhum,368.0,2739,Chaibasa,2739.0,S
10,Bihar,10.0,198,Jamui,238.0,1534,Chakai,1534.0,S
14,Manipur,14.0,253,Chandel,280.0,1895,Chakpikarong,1895.0,S
5,Uttarakhand,5.0,49,Dehradun,60.0,300,Chakrata,300.0,S
28,Andhra Pradesh,28.0,504,Y.S.R.,551.0,5234,Chakrayapet,5234.0,S
20,Jharkhand,20.0,332,Hazaribagh,360.0,2651,Chalkusa,2651.0,S
29,Karnataka,29.0,533,Chitradurga,566.0,5504,Challakere,5504.0,S
29,Karnataka,29.0,531,Chamarajanagara,578.0,5577,Chamarajanagar,5577.0,S
27,Maharashtra,27.0,475,Gadchiroli,508.0,4058,Chamorshi,4058.0,S
5,Uttarakhand,5.0,48,Champawat,65.0,334,Champawat,334.0,S
15,Mizoram,15.0,262,Champhai,284.0,1908,Champhai,1908.0,S
28,Andhra Pradesh,28.0,749,Ntr,0.0,5008,Chandarlapadu,5008.0,S
23,Madhya Pradesh,23.0,436,Umaria,431.0,3483,Chandia,3483.0,S
4,Chandigarh,4.0,44,Chandigarh,55.0,277,Chandigarh,277.0,U
21,Odisha,21.0,346,Baleshwar,377.0,2899,Chandipur,2899.0,S
19,West Bengal,19.0,317,Purba Medinipur,345.0,2481,Chandipur,2481.0,S
22,Chhattisgarh,22.0,762,Sakti,0.0,7354,Chandrapur,0.0,S
23,Madhya Pradesh,23.0,639,Alirajpur,465.0,3711,Chandra Shekhar Azad Nagar,3711.0,S
21,Odisha,21.0,365,Mayurbhanj,376.0,2876,Chandua,2876.0,S
13,Nagaland,13.0,246,Mokokchung,262.0,1761,Changtongya,1761.0,S
22,Chhattisgarh,22.0,381,Uttar Bastar Kanker,413.0,3348,Charama,3348.0,S
1,Jammu And Kashmir,1.0,2,Budgam,2.0,9,Charar- E- Shrief,9.0,U
10,Bihar,10.0,221,Sitamarhi,206.0,1076,Charaut,1076.0,S
9,Uttar Pradesh,9.0,165,Mahoba,169.0,869,Charkhari,869.0,S
36,Telangana,0.0,507,Hyderabad,536.0,4510,Charminar,4510.0,S
28,Andhra Pradesh,28.0,748,Eluru,0.0,5001,Chatrai,5001.0,S
5,Uttarakhand,5.0,52,Pauri Garhwal,61.0,312,Chaubatta Khal,312.0,S
9,Uttar Pradesh,9.0,148,Gorakhpur,188.0,951,Chauri Chaura,951.0,S
10,Bihar,10.0,205,Madhepura,213.0,1170,Chausa,1170.0,S
10,Bihar,10.0,202,Khagaria,223.0,1325,Chautham,1325.0,S
8,Rajasthan,8.0,113,Sawai Madhopur,108.0,530,Chauth Ka Barwara,530.0,S
12,Arunachal Pradesh,12.0,231,East Kameng,247.0,1590,Chayangtajo Adc,1590.0,S
28,Andhra Pradesh,28.0,744,Anakapalli,0.0,4858,Cheedikada,4858.0,S
36,Telangana,0.0,684,Mancherial,0.0,4356,Chennur,4356.0,S
33,Tamil Nadu,33.0,592,Tirunelveli,628.0,6648,Cheranmahadevi,0.0,S
36,Telangana,0.0,690,Bhadradri Kothagudem,0.0,4726,Cherla,4726.0,S
6,Haryana,6.0,76,Yamunanagar,71.0,363,Chhachhrauli,363.0,S
27,Maharashtra,27.0,469,Chhatrapati Sambhajinagar,515.0,4137,Chhatrapati Sambhajinagar,4137.0,S
1,Jammu And Kashmir,1.0,620,Kishtwar,18.0,70,Chhatroo,70.0,U
9,Uttar Pradesh,9.0,155,Kannauj,160.0,833,Chhibramau,833.0,S
8,Rajasthan,8.0,88,Banswara,125.0,6042,Chhoti Sarwan,0.0,S
22,Chhattisgarh,22.0,759,Khairagarh-Chhuikhadan-Gandai,0.0,3302,Chhuikhadan,3302.0,S
22,Chhattisgarh,22.0,645,Gariyaband,0.0,3336,Chhura,3336.0,S
23,Madhya Pradesh,23.0,394,Betul,447.0,3601,Chicholi,3601.0,S
13,Nagaland,13.0,245,Kohima,270.0,1845,Chiephobozou,1845.0,S
27,Maharashtra,27.0,468,Amravati,503.0,4002,Chikhaldara,4002.0,S
29,Karnataka,29.0,630,Chikkaballapura,582.0,5596,Chikkaballapura,5596.0,S
29,Karnataka,29.0,532,Chikkamagaluru,570.0,5530,Chikkamagaluru,5530.0,S
29,Karnataka,29.0,548,Tumakuru,571.0,5532,Chiknayakanhalli,5532.0,S
29,Karnataka,29.0,527,Belagavi,555.0,5433,Chikodi,5433.0,S
28,Andhra Pradesh,28.0,751,Palnadu,0.0,5070,Chilakaluripet H/O.Purushotha Patnam,5070.0,S
36,Telangana,0.0,696,Suryapet,0.0,4667,Chilkur,4667.0,S
27,Maharashtra,27.0,473,Chandrapur,509.0,4065,Chimur,4065.0,S
29,Karnataka,29.0,538,Kalaburagi,579.0,5583,Chincholi,5583.0,S
36,Telangana,0.0,688,Mahabubabad,0.0,6254,Chinnagudur,0.0,S
28,Andhra Pradesh,28.0,753,Annamayya,0.0,5236,Chinnamandem,5236.0,S
23,Madhya Pradesh,23.0,407,Gwalior,421.0,3402,Chinour,3402.0,S
28,Andhra Pradesh,28.0,745,Alluri Sitharama Raju,0.0,4732,Chinturu,4732.0,S
27,Maharashtra,27.0,492,Ratnagiri,528.0,4269,Chiplun,4269.0,S
28,Andhra Pradesh,28.0,511,Kurnool,552.0,5291,Chippagiri,5291.0,S
10,Bihar,10.0,213,Purbi Champaran,204.0,1040,Chiraia,1040.0,S
28,Andhra Pradesh,28.0,750,Bapatla,0.0,5123,Chirala,5123.0,S
29,Karnataka,29.0,529,Bidar,558.0,7084,Chitaguppa,0.0,S
8,Rajasthan,8.0,95,Chittorgarh,126.0,659,Chittaurgarh,659.0,S
28,Andhra Pradesh,28.0,753,Annamayya,0.0,5245,Chitvel,5245.0,S
24,Gujarat,24.0,460,Surendranagar,475.0,3796,Chuda,3796.0,S
2,Himachal Pradesh,2.0,16,Chamba,23.0,84,Churah,84.0,S
23,Madhya Pradesh,23.0,407,Gwalior,421.0,7039,City Center,0.0,S
9,Uttar Pradesh,9.0,147,Gonda,183.0,929,Colonelganj,929.0,S
19,West Bengal,19.0,317,Purba Medinipur,345.0,2490,Contai - III,2490.0,S
33,Tamil Nadu,33.0,587,The Nilgiris,611.0,5758,Coonoor,5758.0,S
28,Andhra Pradesh,28.0,517,Prakasam,549.0,5117,Cumbum,5117.0,S
2,Himachal Pradesh,2.0,24,Sirmaur,32.0,171,Dadahu,171.0,S
20,Jharkhand,20.0,332,Hazaribagh,360.0,2659,Dadi,2659.0,S
9,Uttar Pradesh,9.0,144,Gautam Buddha Nagar,141.0,742,Dadri,742.0,S
27,Maharashtra,27.0,665,Palghar,0.0,4158,Dahanu,4158.0,S
28,Andhra Pradesh,28.0,752,Tirupati,0.0,5186,Dakkili,5186.0,S
23,Madhya Pradesh,23.0,416,Mandsaur,433.0,3497,Daloda,3497.0,S
20,Jharkhand,20.0,328,Garhwa,346.0,2510,Danda,2510.0,S
24,Gujarat,24.0,441,Banas Kantha,469.0,3737,Danta,3737.0,S
19,West Bengal,19.0,318,Paschim Medinipur,344.0,2468,Dantan - II,2468.0,S
8,Rajasthan,8.0,114,Sikar,111.0,554,Danta Ramgarh,554.0,S
10,Bihar,10.0,222,Siwan,218.0,1242,Darauli,1242.0,S
22,Chhattisgarh,22.0,650,Bemetara,0.0,7357,Darhi,0.0,S
19,West Bengal,19.0,309,Darjeeling,327.0,2154,Darjeeling Pulbazar,2154.0,S
21,Odisha,21.0,363,Koraput,398.0,3202,Dasamantapur,3202.0,S
24,Gujarat,24.0,438,Ahmedabad,474.0,3782,Daskroi,3782.0,S
19,West Bengal,19.0,318,Paschim Medinipur,344.0,2449,Daspur - I,2449.0,S
3,Punjab,3.0,33,Hoshiarpur,38.0,214,Dasua,214.0,S
23,Madhya Pradesh,23.0,401,Datia,422.0,6991,Datia Nagar,0.0,S
29,Karnataka,29.0,535,Davangere,567.0,5512,Davanagere,5512.0,S
8,Rajasthan,8.0,772,Phalodi,,6937,Dechu,0.0,S
8,Rajasthan,8.0,110,Nagaur,112.0,7223,Deh,0.0,S
5,Uttarakhand,5.0,49,Dehradun,60.0,304,Dehradun,304.0,S
28,Andhra Pradesh,28.0,521,Vizianagaram,543.0,4839,Denkada,4839.0,S
33,Tamil Nadu,33.0,577,Krishnagiri,631.0,5892,Denkanikottai,5892.0,S
11,Sikkim,11.0,228,Gyalshing,242.0,6398,Dentam,0.0,S
24,Gujarat,24.0,441,Banas Kantha,469.0,3741,Deodar,3741.0,S
27,Maharashtra,27.0,487,Nashik,516.0,4144,Deola,4144.0,S
23,Madhya Pradesh,23.0,421,Raisen,446.0,7010,Deori,0.0,S
23,Madhya Pradesh,23.0,425,Sagar,427.0,3453,Deori,3453.0,S
23,Madhya Pradesh,23.0,638,Singrauli,463.0,3704,Deosar,3704.0,S
23,Madhya Pradesh,23.0,410,Indore,439.0,3540,Depalpur,3540.0,S
3,Punjab,3.0,32,Gurdaspur,35.0,204,Dera Baba Nanak,204.0,S
3,Punjab,3.0,608,S.A.S Nagar,52.0,268,Dera Bassi,268.0,S
2,Himachal Pradesh,2.0,18,Kangra,24.0,103,Dera Gopipur,103.0,S
36,Telangana,0.0,689,Jangoan,0.0,4701,Devaruppula,4701.0,S
22,Chhattisgarh,22.0,645,Gariyaband,0.0,3338,Devbhog,3338.0,S
27,Maharashtra,27.0,495,Sindhudurg,529.0,4275,Devgad,4275.0,S
32,Kerala,32.0,556,Idukki,596.0,5664,Devikulam,5664.0,S
22,Chhattisgarh,22.0,650,Bemetara,0.0,7298,Devkar,0.0,S
2,Himachal Pradesh,2.0,22,Mandi,27.0,7175,Dhalwan,0.0,S
21,Odisha,21.0,348,Bhadrak,378.0,2913,Dhamanagar,2913.0,S
27,Maharashtra,27.0,468,Amravati,503.0,4014,Dhamangaon Railway,4014.0,S
8,Rajasthan,8.0,90,Barmer,115.0,6912,Dhanaau,0.0,S
10,Bihar,10.0,212,Patna,230.0,1409,Dhanarua,1409.0,S
5,Uttarakhand,5.0,55,Tehri Garhwal,59.0,298,Dhanaulti,298.0,S
21,Odisha,21.0,371,Sambalpur,372.0,2789,Dhanupali,2789.0,S
36,Telangana,0.0,721,Narayanpet,0.0,4572,Dhanwada,4572.0,S
22,Chhattisgarh,22.0,386,Raigarh,403.0,3263,Dharamjaigarh,3263.0,S
30,Goa,30.0,552,South Goa,586.0,5931,Dharbandora,0.0,S
16,Tripura,16.0,270,North Tripura,292.0,6691,Dharmanagar,0.0,S
36,Telangana,0.0,695,Jogulamba Gadwal,0.0,4591,Dharoor,4591.0,S
36,Telangana,0.0,516,Nizamabad,533.0,4378,Dharpally,4378.0,S
22,Chhattisgarh,22.0,387,Raipur,410.0,7292,Dharsiwa,0.0,S
6,Haryana,6.0,60,Faridabad,88.0,6414,Dhauj St,0.0,S
9,Uttar Pradesh,9.0,661,Hapur,0.0,6032,Dhaulana,0.0,S
8,Rajasthan,8.0,98,Dholpur,106.0,518,Dhaulpur,518.0,S
24,Gujarat,24.0,438,Ahmedabad,474.0,3783,Dholka,3783.0,S
28,Andhra Pradesh,28.0,755,Nandyal,0.0,5289,Dhone,5289.0,S
3,Punjab,3.0,43,Sangrur,53.0,270,Dhuri,270.0,S
19,West Bengal,19.0,304,South 24 Parganas,343.0,2426,Diamond Harbour - I,2426.0,S
10,Bihar,10.0,218,Saran,219.0,1266,Dighwara,1266.0,S
36,Telangana,0.0,680,Nirmal,0.0,4343,Dilawarpur,4343.0,S
18,Assam,18.0,300,Sivasagar,311.0,2070,Dimow,2070.0,S
3,Punjab,3.0,32,Gurdaspur,35.0,6860,Dinanagar,0.0,S
10,Bihar,10.0,212,Patna,230.0,1399,Dinapur-Cum-Khagaul,1399.0,S
23,Madhya Pradesh,23.0,404,Dindori,453.0,3640,Dindori,3640.0,S
19,West Bengal,19.0,308,Cooch Behar,329.0,2188,Dinhata - II,2188.0,S
18,Assam,18.0,292,Karbi Anglong,314.0,2089,Diphu,2089.0,S
12,Arunachal Pradesh,12.0,242,West Kameng,246.0,1566,Dirang Adc,1566.0,S
3,Punjab,3.0,43,Sangrur,53.0,6852,Dirba,0.0,S
24,Gujarat,24.0,445,Dahod,485.0,3893,Dohad,3893.0,S
28,Andhra Pradesh,28.0,752,Tirupati,0.0,5196,Doravarisatram,5196.0,S
22,Chhattisgarh,22.0,642,Sukma,0.0,7355,Dornapal,0.0,S
18,Assam,18.0,294,Kokrajhar,300.0,2003,Dotoma,2003.0,S
36,Telangana,0.0,698,Vikarabad,0.0,4552,Doulathabad,4552.0,S
8,Rajasthan,8.0,99,Dungarpur,124.0,7137,Dowda,0.0,S
36,Telangana,0.0,692,Siddipet,0.0,4458,Dubbak,4458.0,S
3,Punjab,3.0,41,Patiala,48.0,6849,Dudhan Sadhan,0.0,S
8,Rajasthan,8.0,105,Jhalawar,129.0,6926,Dug,0.0,S
20,Jharkhand,20.0,326,Dumka,362.0,2673,Dumka,2673.0,S
5,Uttarakhand,5.0,57,Uttar Kashi,56.0,281,Dunda,281.0,S
8,Rajasthan,8.0,99,Dungarpur,124.0,646,Dungarpur,646.0,S
21,Odisha,21.0,372,Sonepur,392.0,3133,Dunguripali,3133.0,S
22,Chhattisgarh,22.0,378,Durg,409.0,3317,Durg,3317.0,S
28,Andhra Pradesh,28.0,504,Y.S.R.,551.0,5203,Duvvur,5203.0,S
15,Mizoram,15.0,268,Serchhip,285.0,1911,East Lungdar,1911.0,S
19,West Bengal,19.0,317,Purba Medinipur,345.0,2492,Egra - II,2492.0,S
36,Telangana,0.0,682,Peddapalli,0.0,4410,Eligaid,4410.0,S
9,Uttar Pradesh,9.0,138,Etah,201.0,1008,Etah,1008.0,S
27,Maharashtra,27.0,475,Gadchiroli,508.0,4060,Etapalli,4060.0,S
9,Uttar Pradesh,9.0,118,Agra,146.0,765,Etmadpur,765.0,S
3,Punjab,3.0,29,Faridkot,45.0,242,Faridkot,242.0,S
9,Uttar Pradesh,9.0,130,Bareilly,150.0,789,Faridpur,789.0,S
21,Odisha,21.0,367,Nayagarh,385.0,3027,Fategarh,3027.0,S
3,Punjab,3.0,32,Gurdaspur,35.0,7191,Fatehgarh Churian,0.0,S
6,Haryana,6.0,604,Nuh,87.0,423,Ferozepur Jhirka,423.0,S
29,Karnataka,29.0,537,Gadag,561.0,5470,Gadag,5470.0,S
5,Uttarakhand,5.0,47,Chamoli,57.0,289,Gairsain,289.0,S
17,Meghalaya,17.0,278,West Garo Hills,293.0,1968,Gambegre,1968.0,S
33,Tamil Nadu,33.0,582,Pudukkottai,621.0,5820,Gandarvakkottai,5820.0,S
36,Telangana,0.0,512,Mahabubnagar,538.0,4538,Gandeed,4538.0,S
1,Jammu And Kashmir,1.0,626,Ganderbal,11.0,47,Ganderbal,47.0,U
24,Gujarat,24.0,453,Navsari,490.0,3924,Gandevi,3924.0,S
24,Gujarat,24.0,449,Kachchh,468.0,3731,Gandhidham,3731.0,S
27,Maharashtra,27.0,489,Parbhani,513.0,4122,Gangakhed,4122.0,S
27,Maharashtra,27.0,469,Chhatrapati Sambhajinagar,515.0,4140,Gangapur,4140.0,S
2,Himachal Pradesh,2.0,18,Kangra,24.0,6921,Gangath,0.0,S
29,Karnataka,29.0,543,Koppal,560.0,5466,Gangawati,5466.0,S
21,Odisha,21.0,367,Nayagarh,385.0,3022,Gania,3022.0,S
28,Andhra Pradesh,28.0,519,Srikakulam,542.0,4801,Gara,4801.0,S
24,Gujarat,24.0,445,Dahod,485.0,3894,Garbada,3894.0,S
8,Rajasthan,8.0,88,Banswara,125.0,651,Garhi,651.0,S
24,Gujarat,24.0,443,Bhavnagar,481.0,3857,Gariadhar,3857.0,S
36,Telangana,0.0,696,Suryapet,0.0,4666,Garidepally,4666.0,S
10,Bihar,10.0,218,Saran,219.0,1265,Garkha,1265.0,S
28,Andhra Pradesh,28.0,502,Ananthapuramu,553.0,5324,Garladinne,5324.0,S
36,Telangana,0.0,522,Warangal,540.0,4707,Geesugonda,4707.0,S
12,Arunachal Pradesh,12.0,240,Upper Siang,252.0,1665,Geku Eac,1665.0,S
12,Arunachal Pradesh,12.0,240,Upper Siang,252.0,1661,Gelling Circle,1661.0,S
5,Uttarakhand,5.0,55,Tehri Garhwal,59.0,293,Ghansali,293.0,S
27,Maharashtra,27.0,479,Jalna,514.0,4130,Ghansawangi,4130.0,S
36,Telangana,0.0,700,Medchal Malkajgiri,0.0,4523,Ghatkesar,4523.0,S
24,Gujarat,24.0,438,Ahmedabad,474.0,6513,Ghatlodiya,0.0,S
36,Telangana,0.0,695,Jogulamba Gadwal,0.0,4605,Ghattu,4605.0,S
10,Bihar,10.0,206,Madhubani,207.0,1098,Ghoghardiha,1098.0,S
18,Assam,18.0,298,Nalbari,323.0,2138,Ghograpar (Pt),2138.0,S
23,Madhya Pradesh,23.0,407,Gwalior,421.0,3399,Gird,3399.0,S
24,Gujarat,24.0,675,Gir Somnath,0.0,6199,Gir Gadhda,0.0,S
10,Bihar,10.0,209,Nalanda,229.0,1396,Giriak,1396.0,S
20,Jharkhand,20.0,341,Saraikela Kharsawan,369.0,2754,Gobindpur(Rajnagar),2754.0,S
21,Odisha,21.0,359,Kandhamal,390.0,3110,Gochhapada,3110.0,S
20,Jharkhand,20.0,343,West Singhbhum,368.0,2733,Goilkera,2733.0,S
28,Andhra Pradesh,28.0,505,East Godavari,545.0,4897,Gokavaram,4897.0,S
9,Uttar Pradesh,9.0,148,Gorakhpur,188.0,954,Gola,954.0,S
9,Uttar Pradesh,9.0,159,Kheri,153.0,799,Gola Gokaran Nath,799.0,S
21,Odisha,21.0,358,Kalahandi,395.0,3167,Golamunda,3167.0,S
36,Telangana,0.0,507,Hyderabad,536.0,4507,Golconda,4507.0,S
36,Telangana,0.0,681,Jagitial,0.0,4412,Gollapalli,4412.0,S
24,Gujarat,24.0,457,Rajkot,476.0,3807,Gondal,3807.0,S
16,Tripura,16.0,269,Dhalai,291.0,6686,Gonda Twisa,0.0,S
27,Maharashtra,27.0,473,Chandrapur,509.0,4078,Gondpipri,4078.0,S
23,Madhya Pradesh,23.0,433,Sidhi,462.0,3699,Gopadbanas,3699.0,S
10,Bihar,10.0,192,Bhagalpur,224.0,1342,Goradih,1342.0,S
28,Andhra Pradesh,28.0,754,Sri Sathya Sai,0.0,5362,Gorantla,5362.0,S
23,Madhya Pradesh,23.0,395,Bhind,420.0,3394,Gormi,3394.0,S
9,Uttar Pradesh,9.0,167,Mathura,145.0,6832,Govardhan,0.0,S
35,Andaman And Nicobar Islands,35.0,603,Nicobars,638.0,5918,Great Nicobar,5918.0,U
29,Karnataka,29.0,548,Tumakuru,571.0,5538,Gubbi,5538.0,S
28,Andhra Pradesh,28.0,745,Alluri Sitharama Raju,0.0,4850,Gudem Kotha Veedhi,4850.0,S
28,Andhra Pradesh,28.0,510,Krishna,547.0,5031,Guduru,5031.0,S
6,Haryana,6.0,66,Kaithal,73.0,367,Guhla,367.0,S
33,Tamil Nadu,33.0,572,Dindigul,612.0,6700,Gujiliamparai,0.0,S
36,Telangana,0.0,697,Yadadri Bhuvanagiri,0.0,4618,Gundala,4618.0,S
36,Telangana,0.0,690,Bhadradri Kothagudem,0.0,4741,Gundala,4741.0,S
1,Jammu And Kashmir,1.0,623,Bandipora,9.0,40,Gurez,40.0,U
36,Telangana,0.0,514,Nalgonda,539.0,4657,Gurrampode,4657.0,S
10,Bihar,10.0,196,Gaya,236.0,1498,Gurua,1498.0,S
3,Punjab,3.0,31,Ferozepur,43.0,6011,Guruharsahai,0.0,S
9,Uttar Pradesh,9.0,129,Bara Banki,176.0,901,Haidergarh,901.0,S
10,Bihar,10.0,224,Vaishali,220.0,1278,Hajipur,1278.0,S
19,West Bengal,19.0,317,Purba Medinipur,345.0,2483,Haldia,2483.0,S
19,West Bengal,19.0,308,Cooch Behar,329.0,2179,Haldibari,2179.0,S
8,Rajasthan,8.0,92,Bhilwara,122.0,6068,Hameergarh,0.0,S
9,Uttar Pradesh,9.0,149,Hamirpur,168.0,864,Hamirpur,864.0,S
36,Telangana,0.0,686,Hanumakonda,0.0,4695,Hanamkonda,4695.0,S
21,Odisha,21.0,344,Anugul,384.0,3015,Handapa,3015.0,S
28,Andhra Pradesh,28.0,517,Prakasam,549.0,5130,Hanumanthuni Padu,5130.0,S
9,Uttar Pradesh,9.0,150,Hardoi,155.0,811,Hardoi,811.0,S
24,Gujarat,24.0,455,Patan,470.0,3748,Harij,3748.0,S
19,West Bengal,19.0,312,Hooghly,338.0,2348,Haripal,2348.0,S
6,Haryana,6.0,62,Gurugram,86.0,6423,Harsaru St,0.0,S
22,Chhattisgarh,22.0,762,Sakti,0.0,7327,Hasoud,0.0,S
10,Bihar,10.0,197,Gopalganj,217.0,1221,Hathua,1221.0,S
23,Madhya Pradesh,23.0,400,Damoh,428.0,3454,Hatta,3454.0,S
36,Telangana,0.0,513,Medak,535.0,6270,Havelighanapur,0.0,S
12,Arunachal Pradesh,12.0,628,Anjaw,260.0,1743,Hawai Hq,1743.0,S
10,Bihar,10.0,195,Darbhanga,215.0,1191,Hayaghat,1191.0,S
20,Jharkhand,20.0,332,Hazaribagh,360.0,2653,Hazaribag,2653.0,S
29,Karnataka,29.0,549,Udupi,569.0,7065,Hebri,0.0,S
18,Assam,18.0,705,Biswanath,0.0,2046,Helem,2046.0,S
21,Odisha,21.0,373,Sundargarh,374.0,2804,Hemgir,2804.0,S
1,Jammu And Kashmir,1.0,625,Shopian,13.0,6800,Hermain,0.0,U
8,Rajasthan,8.0,108,Karauli,107.0,522,Hindaun,522.0,S
19,West Bengal,19.0,303,North 24 Parganas,337.0,2337,Hingalganj,2337.0,S
27,Maharashtra,27.0,484,Nagpur,505.0,4033,Hingna,4033.0,S
1,Jammu And Kashmir,1.0,7,Kathua,7.0,31,Hiranagar,31.0,U
20,Jharkhand,20.0,337,Pakur,353.0,2575,Hiranpur,2575.0,S
29,Karnataka,29.0,540,Haveri,564.0,5494,Hirekerur,5494.0,S
6,Haryana,6.0,63,Hisar,80.0,394,Hisar,394.0,S
10,Bihar,10.0,210,Nawada,237.0,1520,Hisua,1520.0,S
6,Haryana,6.0,619,Palwal,89.0,429,Hodal,429.0,S
29,Karnataka,29.0,539,Hassan,574.0,5559,Hole Narsipur,5559.0,S
2,Himachal Pradesh,2.0,16,Chamba,23.0,91,Holi,91.0,S
29,Karnataka,29.0,535,Davangere,567.0,5513,Honnali,5513.0,S
29,Karnataka,29.0,547,Shivamogga,568.0,5518,Hosanagara,5518.0,S
12,Arunachal Pradesh,12.0,235,Lower Dibang Valley,258.0,6075,Hunli Sdo,0.0,S
10,Bihar,10.0,222,Siwan,218.0,1238,Hussainganj,1238.0,S
36,Telangana,0.0,696,Suryapet,0.0,4669,Huzurnagar,4669.0,S
20,Jharkhand,20.0,341,Saraikela Kharsawan,369.0,2749,Ichagarh,2749.0,S
20,Jharkhand,20.0,332,Hazaribagh,360.0,2647,Ichak,2647.0,S
28,Andhra Pradesh,28.0,519,Srikakulam,542.0,4778,Ichchapuram,4778.0,S
9,Uttar Pradesh,9.0,181,Shrawasti,181.0,924,Ikauna,924.0,S
29,Karnataka,29.0,524,Bagalkote,556.0,7062,Ilkal,0.0,S
36,Telangana,0.0,686,Hanumakonda,0.0,6249,Inavole,0.0,S
19,West Bengal,19.0,305,Bankura,339.0,2366,Indus,2366.0,S
28,Andhra Pradesh,28.0,747,Dr. B.R. Ambedkar Konaseema,0.0,4931,I. Polavaram,4931.0,S
28,Andhra Pradesh,28.0,503,Chittoor,554.0,5411,Irala,5411.0,S
10,Bihar,10.0,218,Saran,219.0,1251,Ishupur,1251.0,S
6,Haryana,6.0,71,Panipat,75.0,376,Israna,376.0,S
23,Madhya Pradesh,23.0,409,Narmadapuram,449.0,3613,Itarsi,3613.0,S
20,Jharkhand,20.0,339,Ranchi,364.0,2696,Itki,2696.0,S
23,Madhya Pradesh,23.0,411,Jabalpur,451.0,3631,Jabalpur,3631.0,S
23,Madhya Pradesh,23.0,400,Damoh,428.0,3459,Jabera,3459.0,S
19,West Bengal,19.0,313,Howrah,341.0,2401,Jagatballavpur,2401.0,S
21,Odisha,21.0,355,Jagatsinghapur,380.0,2940,Jagatsinghapur,2940.0,S
10,Bihar,10.0,192,Bhagalpur,224.0,1343,Jagdishpur,1343.0,S
36,Telangana,0.0,501,Adilabad,532.0,4307,Jainath,4307.0,S
5,Uttarakhand,5.0,45,Almora,64.0,332,Jainti,332.0,S
12,Arunachal Pradesh,12.0,229,Changlang,253.0,6582,Jairampur Adc,0.0,S
23,Madhya Pradesh,23.0,425,Sagar,427.0,6984,Jaisinagar,0.0,S
9,Uttar Pradesh,9.0,185,Sultanpur,179.0,916,Jaisinghpur,916.0,S
23,Madhya Pradesh,23.0,390,Anuppur,461.0,3695,Jaithari,3695.0,S
23,Madhya Pradesh,23.0,429,Shahdol,460.0,3692,Jaitpur,3692.0,S
3,Punjab,3.0,29,Faridkot,45.0,243,Jaitu,243.0,S
21,Odisha,21.0,356,Jajapur,382.0,2974,Jajapur Road,2974.0,S
9,Uttar Pradesh,9.0,146,Ghazipur,195.0,987,Jakhania,987.0,S
5,Uttarakhand,5.0,55,Tehri Garhwal,59.0,296,Jakhani Dhar,296.0,S
9,Uttar Pradesh,9.0,180,Shahjahanpur,152.0,796,Jalalabad,796.0,S
19,West Bengal,19.0,319,Murshidabad,333.0,2234,Jalangi,2234.0,S
10,Bihar,10.0,195,Darbhanga,215.0,1181,Jale,1181.0,S
27,Maharashtra,27.0,472,Buldhana,500.0,3975,Jalgaon (Jamod),3975.0,S
27,Maharashtra,27.0,479,Jalna,514.0,4127,Jalna,4127.0,S
13,Nagaland,13.0,613,Peren,271.0,1852,Jalukie,1852.0,S
23,Madhya Pradesh,23.0,399,Chhindwara,455.0,3651,Jamai (Junnardeo),3651.0,S
24,Gujarat,24.0,454,Panch Mahals,484.0,3889,Jambughoda,3889.0,S
21,Odisha,21.0,365,Mayurbhanj,376.0,2860,Jamda,2860.0,S
1,Jammu And Kashmir,1.0,5,Jammu,21.0,79,Jammu,79.0,U
1,Jammu And Kashmir,1.0,5,Jammu,21.0,6708,Jammu North,0.0,U
24,Gujarat,24.0,447,Jamnagar,477.0,6525,Jamnagar City,0.0,S
10,Bihar,10.0,198,Jamui,238.0,1527,Jamui,1527.0,S
28,Andhra Pradesh,28.0,748,Eluru,0.0,4953,Jangareddigudem,4953.0,S
2,Himachal Pradesh,2.0,23,Shimla,33.0,6957,Jangla,0.0,S
9,Uttar Pradesh,9.0,172,Muzaffarnagar,133.0,711,Jansath,711.0,S
21,Odisha,21.0,358,Kalahandi,395.0,3170,Jayapatna,3170.0,S
19,West Bengal,19.0,305,Bankura,339.0,2368,Jaypur,2368.0,S
21,Odisha,21.0,356,Jajapur,382.0,2980,Jenapur,2980.0,S
19,West Bengal,19.0,321,Purulia,340.0,2391,Jhalda - II,2391.0,S
21,Odisha,21.0,365,Mayurbhanj,376.0,2863,Jharpokharia,2863.0,S
27,Maharashtra,27.0,489,Parbhani,513.0,4117,Jintur,4117.0,S
16,Tripura,16.0,272,West Tripura,289.0,6679,Jirania,0.0,S
14,Manipur,14.0,713,Jiribam,0.0,1883,Jiribam,1883.0,S
21,Odisha,21.0,361,Kendujhar,375.0,2837,Joda,2837.0,S
18,Assam,18.0,284,Dhemaji,308.0,2057,Jonai,2057.0,S
5,Uttarakhand,5.0,57,Uttar Kashi,56.0,6366,Joshiyara,0.0,S
1,Jammu And Kashmir,1.0,5,Jammu,21.0,6701,Jourian,0.0,U
28,Andhra Pradesh,28.0,750,Bapatla,0.0,5111,J.Pangulur,5111.0,S
36,Telangana,0.0,685,Kamareddy,0.0,4373,Jukkal,4373.0,S
21,Odisha,21.0,358,Kalahandi,395.0,3166,Junagarh,3166.0,S
2,Himachal Pradesh,2.0,23,Shimla,33.0,183,Junga,183.0,S
27,Maharashtra,27.0,490,Pune,521.0,4187,Junnar,4187.0,S
28,Andhra Pradesh,28.0,504,Y.S.R.,551.0,5230,Kadapa,5230.0,S
27,Maharashtra,27.0,493,Sangli,531.0,4298,Kadegaon,4298.0,S
9,Uttar Pradesh,9.0,185,Sultanpur,179.0,918,Kadipur,918.0,S
31,Lakshadweep,31.0,553,Lakshadweep District,587.0,5624,Kadmat,5624.0,U
29,Karnataka,29.0,532,Chikkamagaluru,570.0,5529,Kadur,5529.0,S
29,Karnataka,29.0,527,Belagavi,555.0,7100,Kagwad,0.0,S
6,Haryana,6.0,66,Kaithal,73.0,368,Kaithal,368.0,S
21,Odisha,21.0,369,Puri,387.0,3059,Kakatpur,3059.0,S
2,Himachal Pradesh,2.0,16,Chamba,23.0,6943,Kakira,0.0,S
29,Karnataka,29.0,538,Kalaburagi,579.0,5582,Kalaburagi,5582.0,S
28,Andhra Pradesh,28.0,753,Annamayya,0.0,5371,Kalakada,5371.0,S
3,Punjab,3.0,32,Gurdaspur,35.0,6859,Kalanaur,0.0,S
6,Haryana,6.0,74,Sirsa,79.0,6469,Kalanwali,0.0,S
10,Bihar,10.0,611,Arwal,240.0,1543,Kaler,1543.0,S
18,Assam,18.0,280,Barpeta,303.0,2019,Kalgachia,2019.0,S
19,West Bengal,19.0,316,Malda,332.0,2221,Kaliachak - II,2221.0,S
19,West Bengal,19.0,306,Purba Bardhaman,335.0,2293,Kalna - I,2293.0,S
24,Gujarat,24.0,454,Panch Mahals,484.0,3886,Kalol,3886.0,S
2,Himachal Pradesh,2.0,19,Kinnaur,34.0,197,Kalpa,197.0,S
8,Rajasthan,8.0,102,Jaipur,110.0,7215,Kalwar,0.0,S
28,Andhra Pradesh,28.0,502,Ananthapuramu,553.0,5321,Kalyanadurg,5321.0,S
10,Bihar,10.0,217,Samastipur,221.0,1284,Kalyanpur,1284.0,S
10,Bihar,10.0,213,Purbi Champaran,204.0,1048,Kalyanpur,1048.0,S
29,Karnataka,29.0,538,Kalaburagi,579.0,7090,Kamalapur,0.0,S
28,Andhra Pradesh,28.0,504,Y.S.R.,551.0,5224,Kamalapuram,5224.0,S
16,Tripura,16.0,269,Dhalai,291.0,6681,Kamalpur,0.0,S
8,Rajasthan,8.0,767,Deeg,,506,Kaman,506.0,S
21,Odisha,21.0,373,Sundargarh,374.0,2825,Kamarposh Balang,2825.0,S
18,Assam,18.0,297,Nagaon,305.0,2037,Kampur,2037.0,S
2,Himachal Pradesh,2.0,24,Sirmaur,32.0,174,Kamrau,174.0,S
29,Karnataka,29.0,543,Koppal,560.0,7091,Kanakagiri,0.0,S
29,Karnataka,29.0,631,Ramanagara,584.0,5608,Kanakapura,5608.0,S
33,Tamil Nadu,33.0,574,Kancheepuram,604.0,5707,Kancheepuram,5707.0,S
28,Andhra Pradesh,28.0,519,Srikakulam,542.0,4777,Kanchili,4777.0,S
27,Maharashtra,27.0,485,Nanded,511.0,4108,Kandhar,4108.0,S
36,Telangana,0.0,691,Sangareddy,0.0,6275,Kandi,0.0,S
19,West Bengal,19.0,319,Murshidabad,333.0,2240,Kandi,2240.0,S
33,Tamil Nadu,33.0,634,Tiruppur,633.0,5901,Kangeyam,5901.0,S
2,Himachal Pradesh,2.0,17,Hamirpur,28.0,6884,Kangoo,0.0,S
14,Manipur,14.0,254,Churachandpur,274.0,6500,Kangvai,0.0,S
7,Delhi,7.0,82,North West,90.0,6078,Kanjhawala,0.0,U
20,Jharkhand,20.0,339,Ranchi,364.0,2684,Kanke,2684.0,S
24,Gujarat,24.0,441,Banas Kantha,469.0,3743,Kankrej,3743.0,S
9,Uttar Pradesh,9.0,155,Kannauj,160.0,834,Kannauj,834.0,S
23,Madhya Pradesh,23.0,402,Dewas,437.0,3527,Kannod,3527.0,S
28,Andhra Pradesh,28.0,747,Dr. B.R. Ambedkar Konaseema,0.0,4928,Kapileswarapuram,4928.0,S
29,Karnataka,29.0,549,Udupi,569.0,7067,Kapu,0.0,S
27,Maharashtra,27.0,494,Satara,527.0,4265,Karad,4265.0,S
10,Bihar,10.0,215,Rohtas,234.0,1462,Karakat,1462.0,S
8,Rajasthan,8.0,100,Ganganagar,99.0,457,Karanpur,457.0,S
29,Karnataka,29.0,543,Koppal,560.0,7092,Karatagi,0.0,S
16,Tripura,16.0,654,Gomati,0.0,6690,Karbook,0.0,S
8,Rajasthan,8.0,92,Bhilwara,122.0,6064,Kareda,0.0,S
10,Bihar,10.0,215,Rohtas,234.0,1467,Kargahar,1467.0,S
19,West Bengal,19.0,320,Nadia,336.0,2300,Karimpur - II,2300.0,S
27,Maharashtra,27.0,491,Raigad,520.0,4174,Karjat,4174.0,S
27,Maharashtra,27.0,466,Ahmednagar,522.0,4213,Karjat,4213.0,S
5,Uttarakhand,5.0,47,Chamoli,57.0,287,Karnaprayag,287.0,S
32,Kerala,32.0,554,Alappuzha,598.0,5676,Karthikappally,5676.0,S
22,Chhattisgarh,22.0,644,Balodabazar-Bhatapara,0.0,3328,Kasdol,3328.0,S
12,Arunachal Pradesh,12.0,240,Upper Siang,252.0,1668,Katan Circle,1668.0,S
24,Gujarat,24.0,459,Surat,492.0,6519,Katargam,0.0,S
18,Assam,18.0,289,Hailakandi,318.0,2109,Katlichara,2109.0,S
10,Bihar,10.0,190,Banka,225.0,1354,Katoria,1354.0,S
33,Tamil Nadu,33.0,595,Vellore,605.0,5713,Katpadi,5713.0,S
10,Bihar,10.0,209,Nalanda,229.0,1397,Katrisarai,1397.0,S
19,West Bengal,19.0,306,Purba Bardhaman,335.0,2281,Katwa - I,2281.0,S
33,Tamil Nadu,33.0,594,Thoothukkudi,627.0,6628,Kayathar,0.0,S
13,Nagaland,13.0,613,Peren,271.0,1854,Kebai Khelma,1854.0,S
10,Bihar,10.0,213,Purbi Champaran,204.0,1047,Kesaria,1047.0,S
19,West Bengal,19.0,318,Paschim Medinipur,344.0,2451,Keshpur,2451.0,S
21,Odisha,21.0,358,Kalahandi,395.0,3159,Kesinga,3159.0,S
19,West Bengal,19.0,306,Purba Bardhaman,335.0,2279,Ketugram - I,2279.0,S
13,Nagaland,13.0,245,Kohima,270.0,1847,Kezocha,1847.0,S
28,Andhra Pradesh,28.0,504,Y.S.R.,551.0,5212,Khajipeta,5212.0,S
9,Uttar Pradesh,9.0,148,Gorakhpur,188.0,953,Khajni,953.0,S
27,Maharashtra,27.0,491,Raigad,520.0,4175,Khalapur,4175.0,S
24,Gujarat,24.0,440,Anand,482.0,3866,Khambhat,3866.0,S
19,West Bengal,19.0,312,Hooghly,338.0,2355,Khanakul - II,2355.0,S
21,Odisha,21.0,362,Khordha,386.0,3047,Khandagiri,3047.0,S
21,Odisha,21.0,367,Nayagarh,385.0,3026,Khandapada,3026.0,S
3,Punjab,3.0,608,S.A.S Nagar,52.0,266,Kharar,266.0,S
17,Meghalaya,17.0,656,North Garo Hills,0.0,1972,Kharkutta,1972.0,S
22,Chhattisgarh,22.0,387,Raipur,410.0,7262,Kharora,0.0,S
12,Arunachal Pradesh,12.0,229,Changlang,253.0,1681,Kharsang Circle,1681.0,S
36,Telangana,0.0,686,Hanumakonda,0.0,6247,Khazipet,0.0,S
27,Maharashtra,27.0,490,Pune,521.0,4190,Khed,4190.0,S
8,Rajasthan,8.0,110,Nagaur,112.0,561,Kheenvsar,561.0,S
8,Rajasthan,8.0,114,Sikar,111.0,6384,Khendela,0.0,S
14,Manipur,14.0,253,Chandel,280.0,6496,Khengjoy,0.0,S
8,Rajasthan,8.0,117,Udaipur,130.0,695,Kherwara,695.0,S
12,Arunachal Pradesh,12.0,229,Changlang,253.0,1669,Khimiyang Eac,1669.0,S
13,Nagaland,13.0,614,Kiphire,269.0,1842,Khongsa,1842.0,S
20,Jharkhand,20.0,606,Khunti,365.0,2704,Khunti,2704.0,S
13,Nagaland,13.0,248,Phek,266.0,1802,Khuza,1802.0,S
21,Odisha,21.0,344,Anugul,384.0,3018,Kiakata,3018.0,S
23,Madhya Pradesh,23.0,405,Khandwa (East Nimar),466.0,7396,Killod,0.0,S
33,Tamil Nadu,33.0,579,Nagapattinam,618.0,5800,Kilvelur,5800.0,S
27,Maharashtra,27.0,485,Nanded,511.0,4096,Kinwat,4096.0,S
10,Bihar,10.0,205,Madhepura,213.0,1167,Kishanganj,1167.0,S
12,Arunachal Pradesh,12.0,238,Tawang,245.0,1560,Kitpi Circle,1560.0,S
28,Andhra Pradesh,28.0,744,Anakapalli,0.0,4860,K.Kotapadu,4860.0,S
33,Tamil Nadu,33.0,572,Dindigul,612.0,5766,Kodaikanal,5766.0,S
36,Telangana,0.0,689,Jangoan,0.0,4702,Kodakandla,4702.0,S
28,Andhra Pradesh,28.0,511,Kurnool,552.0,5269,Kodumur,5269.0,S
28,Andhra Pradesh,28.0,510,Krishna,547.0,5039,Koduru,5039.0,S
13,Nagaland,13.0,245,Kohima,270.0,1849,Kohima Sadar,1849.0,S
28,Andhra Pradesh,28.0,755,Nandyal,0.0,5296,Koilakuntla,5296.0,S
20,Jharkhand,20.0,342,Simdega,367.0,2724,Kolebira,2724.0,S
32,Kerala,32.0,559,Kollam,600.0,5688,Kollam,5688.0,S
28,Andhra Pradesh,28.0,750,Bapatla,0.0,5088,Kolluru,5088.0,S
12,Arunachal Pradesh,12.0,233,Kurung Kumey,256.0,6130,Koloriang Hq,0.0,S
21,Odisha,21.0,368,Nuapada,394.0,3155,Komna,3155.0,S
21,Odisha,21.0,369,Puri,387.0,3061,Konark,3061.0,S
28,Andhra Pradesh,28.0,517,Prakasam,549.0,5137,Kondapi,5137.0,S
28,Andhra Pradesh,28.0,504,Y.S.R.,551.0,5199,Kondapuram,5199.0,S
36,Telangana,0.0,518,Ranga Reddy,537.0,4558,Kondurg,4558.0,S
29,Karnataka,29.0,532,Chikkamagaluru,570.0,5526,Koppa,5526.0,S
27,Maharashtra,27.0,494,Satara,527.0,4261,Koregaon,4261.0,S
36,Telangana,0.0,721,Narayanpet,0.0,4551,Kosgi,4551.0,S
28,Andhra Pradesh,28.0,744,Anakapalli,0.0,4874,Kotauratla,4874.0,S
36,Telangana,0.0,698,Vikarabad,0.0,6312,Kotepally,0.0,S
36,Telangana,0.0,690,Bhadradri Kothagudem,0.0,4738,Kothagudem,4738.0,S
28,Andhra Pradesh,28.0,755,Nandyal,0.0,5263,Kothapalle,5263.0,S
23,Madhya Pradesh,23.0,426,Satna,429.0,3461,Kothi,3461.0,S
2,Himachal Pradesh,2.0,22,Mandi,27.0,128,Kotli,128.0,S
21,Odisha,21.0,363,Koraput,398.0,3199,Kotpad,3199.0,S
32,Kerala,32.0,559,Kollam,600.0,5687,Kottarakkara,5687.0,S
32,Kerala,32.0,560,Kottayam,597.0,5670,Kottayam,5670.0,S
28,Andhra Pradesh,28.0,515,Sri Potti Sriramulu Nellore,550.0,5178,Kovur,5178.0,S
18,Assam,18.0,291,Kamrup,321.0,2117,Koya,2117.0,S
32,Kerala,32.0,561,Kozhikode,591.0,5639,Koyilandi,5639.0,S
12,Arunachal Pradesh,12.0,719,Lower Siang,0.0,1648,Koyu Eac,1648.0,S
28,Andhra Pradesh,28.0,745,Alluri Sitharama Raju,0.0,4851,Koyyuru,4851.0,S
32,Kerala,32.0,564,Pathanamthitta,599.0,5682,Kozhenchery,5682.0,S
32,Kerala,32.0,561,Kozhikode,591.0,5640,Kozhikode,5640.0,S
33,Tamil Nadu,33.0,577,Krishnagiri,631.0,5891,Krishnagiri,5891.0,S
12,Arunachal Pradesh,12.0,230,Dibang Valley,257.0,1721,Kronli (Arzoo Circle),1721.0,S
28,Andhra Pradesh,28.0,751,Palnadu,0.0,5051,Krosuru,5051.0,S
21,Odisha,21.0,369,Puri,387.0,3069,Krushna Prasad,3069.0,S
22,Chhattisgarh,22.0,376,Dakshin Bastar Dantewada,416.0,3372,Kuakonda,3372.0,S
36,Telangana,0.0,513,Medak,535.0,4468,Kulcharam,4468.0,S
19,West Bengal,19.0,304,South 24 Parganas,343.0,2433,Kultali,2433.0,S
33,Tamil Nadu,33.0,580,Namakkal,609.0,6634,Kumarapalayam,0.0,S
22,Chhattisgarh,22.0,388,Rajnandgaon,408.0,7350,Kumarda,0.0,S
33,Tamil Nadu,33.0,586,Thanjavur,620.0,5811,Kumbakonam,5811.0,S
28,Andhra Pradesh,28.0,745,Alluri Sitharama Raju,0.0,4731,Kunavaram,4731.0,S
33,Tamil Nadu,33.0,574,Kancheepuram,604.0,7057,Kundrathur,0.0,S
29,Karnataka,29.0,548,Tumakuru,571.0,5541,Kunigal,5541.0,S
32,Kerala,32.0,555,Ernakulam,595.0,5657,Kunnathunad,5657.0,S
1,Jammu And Kashmir,1.0,3,Baramulla,8.0,6830,Kunzar,0.0,U
36,Telangana,0.0,688,Mahabubabad,0.0,4721,Kuravi,4721.0,S
10,Bihar,10.0,208,Muzaffarpur,216.0,1213,Kurhani,1213.0,S
28,Andhra Pradesh,28.0,517,Prakasam,549.0,5103,Kurichedu,5103.0,S
27,Maharashtra,27.0,483,Mumbai Suburban,518.0,7180,Kurla,0.0,S
20,Jharkhand,20.0,336,Lohardaga,356.0,2599,Kuru,2599.0,S
29,Karnataka,29.0,528,Ballari,565.0,7109,Kurugodu,0.0,S
8,Rajasthan,8.0,88,Banswara,125.0,654,Kushalgarh,654.0,S
24,Gujarat,24.0,456,Porbandar,478.0,3824,Kutiyana,3824.0,S
22,Chhattisgarh,22.0,636,Bijapur,417.0,7260,Kutru,0.0,S
8,Rajasthan,8.0,112,Rajsamand,123.0,6928,Kuwaria,0.0,S
8,Rajasthan,8.0,114,Sikar,111.0,552,Lachhmangarh,552.0,S
2,Himachal Pradesh,2.0,18,Kangra,24.0,6902,Lagru,0.0,S
23,Madhya Pradesh,23.0,395,Bhind,420.0,3398,Lahar,3398.0,S
18,Assam,18.0,296,Marigaon,304.0,2028,Laharighat,2028.0,S
10,Bihar,10.0,218,Saran,219.0,1253,Lahladpur,1253.0,S
24,Gujarat,24.0,441,Banas Kantha,469.0,6168,Lakhani,0.0,S
22,Chhattisgarh,22.0,389,Surguja,401.0,3248,Lakhanpur,3248.0,S
9,Uttar Pradesh,9.0,159,Kheri,153.0,801,Lakhimpur,801.0,S
18,Assam,18.0,287,Goalpara,302.0,2013,Lakhipur,2013.0,S
9,Uttar Pradesh,9.0,123,Azamgarh,191.0,969,Lalganj,969.0,S
9,Uttar Pradesh,9.0,170,Mirzapur,199.0,1001,Lalganj,1001.0,S
19,West Bengal,19.0,319,Murshidabad,333.0,2229,Lalgola,2229.0,S
14,Manipur,14.0,256,Imphal West,277.0,1881,Lamphelpat,1881.0,S
14,Manipur,14.0,256,Imphal West,277.0,1879,Lamsang,1879.0,S
23,Madhya Pradesh,23.0,392,Balaghat,457.0,7399,Lamta,0.0,S
1,Jammu And Kashmir,1.0,12,Rajouri,6.0,6774,Laroka,0.0,U
8,Rajasthan,8.0,777,Salumbar,,691,Lasadiya,691.0,S
17,Meghalaya,17.0,275,West Jaintia Hills,299.0,1997,Laskein,1997.0,S
10,Bihar,10.0,206,Madhubani,207.0,1085,Laukaha,1085.0,S
28,Andhra Pradesh,28.0,519,Srikakulam,542.0,4804,Laveru,4804.0,S
15,Mizoram,15.0,264,Lawngtlai,287.0,1917,Lawngtlai,1917.0,S
36,Telangana,0.0,680,Nirmal,0.0,4345,Laxmanchanda,4345.0,S
28,Andhra Pradesh,28.0,519,Srikakulam,542.0,4787,Laxminarasupeta,4787.0,S
12,Arunachal Pradesh,12.0,237,Papum Pare,248.0,1603,Leporiang Circle,1603.0,S
14,Manipur,14.0,712,Kangpokpi,0.0,6497,Lhungtin,0.0,S
36,Telangana,0.0,689,Jangoan,0.0,4700,Lingalaghanpur,4700.0,S
21,Odisha,21.0,362,Khordha,386.0,3044,Lingaraj,3044.0,S
29,Karnataka,29.0,546,Raichur,559.0,5459,Lingsugur,5459.0,S
35,Andaman And Nicobar Islands,35.0,602,South Andamans,640.0,5924,Little Andaman,5924.0,U
27,Maharashtra,27.0,485,Nanded,511.0,4107,Loha,4107.0,S
1,Jammu And Kashmir,1.0,7,Kathua,7.0,6729,Lohai Malhar,0.0,U
27,Maharashtra,27.0,488,Dharashiv,525.0,4242,Lohara,4242.0,S
8,Rajasthan,8.0,772,Phalodi,,6391,Lohawat,0.0,S
21,Odisha,21.0,345,Balangir,393.0,3141,Loisinga,3141.0,S
1,Jammu And Kashmir,1.0,8,Kupwara,1.0,6791,Lolab,0.0,U
12,Arunachal Pradesh,12.0,239,Tirap,254.0,6597,Longo Circle,0.0,S
13,Nagaland,13.0,247,Mon,261.0,1751,Longshen,1751.0,S
3,Punjab,3.0,36,Ludhiana,41.0,228,Ludhiana (West),228.0,S
15,Mizoram,15.0,265,Lunglei,286.0,1914,Lunglei,1914.0,S
36,Telangana,0.0,684,Mancherial,0.0,4353,Luxettipet,4353.0,S
28,Andhra Pradesh,28.0,751,Palnadu,0.0,5048,Machavaram,5048.0,S
28,Andhra Pradesh,28.0,751,Palnadu,0.0,5040,Macherla,5040.0,S
9,Uttar Pradesh,9.0,152,Jaunpur,194.0,983,Machhlishahr,983.0,S
28,Andhra Pradesh,28.0,754,Sri Sathya Sai,0.0,5350,Madakasira,5350.0,S
36,Telangana,0.0,693,Wanaparthy,0.0,6289,Madanapur,0.0,S
10,Bihar,10.0,189,Aurangabad,235.0,1486,Madanpur,1486.0,S
27,Maharashtra,27.0,496,Solapur,526.0,4245,Madha,4245.0,S
29,Karnataka,29.0,548,Tumakuru,571.0,5535,Madhugiri,5535.0,S
33,Tamil Nadu,33.0,578,Madurai,623.0,5961,Madurai West,0.0,S
33,Tamil Nadu,33.0,730,Chengalpattu,0.0,5710,Maduranthakam,5710.0,S
33,Tamil Nadu,33.0,568,Chennai,603.0,5981,Maduravoyal,0.0,S
22,Chhattisgarh,22.0,377,Dhamtari,412.0,3345,Magarlod,3345.0,S
19,West Bengal,19.0,304,South 24 Parganas,343.0,2424,Magrahat - I,2424.0,S
36,Telangana,0.0,688,Mahabubabad,0.0,4718,Mahabubabad,4718.0,S
36,Telangana,0.0,687,Jayashankar Bhupalapally,0.0,4403,Mahadevpur,4403.0,S
20,Jharkhand,20.0,330,Godda,351.0,2558,Mahagama,2558.0,S
21,Odisha,21.0,360,Kendrapara,379.0,2933,Mahakalapada,2933.0,S
6,Haryana,6.0,73,Rohtak,82.0,404,Maham,404.0,S
10,Bihar,10.0,222,Siwan,218.0,1236,Maharajganj,1236.0,S
9,Uttar Pradesh,9.0,164,Mahrajganj,187.0,947,Maharajganj,947.0,S
22,Chhattisgarh,22.0,385,Mahasamund,411.0,3341,Mahasamund,3341.0,S
36,Telangana,0.0,518,Ranga Reddy,537.0,4544,Maheshwaram,4544.0,S
10,Bihar,10.0,216,Saharsa,214.0,1173,Mahishi,1173.0,S
21,Odisha,21.0,371,Sambalpur,372.0,2781,Mahulpalli,2781.0,S
24,Gujarat,24.0,443,Bhavnagar,481.0,3860,Mahuva,3860.0,S
23,Madhya Pradesh,23.0,784,Maihar,,3470,Maihar,3470.0,S
10,Bihar,10.0,222,Siwan,218.0,1240,Mairwa,1240.0,S
24,Gujarat,24.0,459,Surat,492.0,3937,Majura,3937.0,S
2,Himachal Pradesh,2.0,22,Mandi,27.0,6969,Makridi,0.0,S
23,Madhya Pradesh,23.0,406,Guna,458.0,3680,Maksoodangarh,3680.0,S
8,Rajasthan,8.0,87,Alwar,104.0,6382,Malakhera,0.0,S
28,Andhra Pradesh,28.0,747,Dr. B.R. Ambedkar Konaseema,0.0,4938,Malikipuram,4938.0,S
24,Gujarat,24.0,673,Morbi,0.0,3798,Maliya,3798.0,S
27,Maharashtra,27.0,472,Buldhana,500.0,3979,Malkapur,3979.0,S
36,Telangana,0.0,681,Jagitial,0.0,4394,Mallapur,4394.0,S
27,Maharashtra,27.0,494,Satara,527.0,4259,Man,4259.0,S
36,Telangana,0.0,508,Karimnagar,534.0,4427,Manakondur,4427.0,S
33,Tamil Nadu,33.0,585,Sivaganga,622.0,5833,Manamadurai,5833.0,S
32,Kerala,32.0,567,Wayanad,590.0,5635,Mananthavady,5635.0,S
36,Telangana,0.0,684,Mancherial,0.0,4354,Mancherial,4354.0,S
21,Odisha,21.0,362,Khordha,386.0,3041,Mancheswar,3041.0,S
1,Jammu And Kashmir,1.0,5,Jammu,21.0,6713,Mandal,0.0,U
8,Rajasthan,8.0,92,Bhilwara,122.0,631,Mandal,631.0,S
2,Himachal Pradesh,2.0,22,Mandi,27.0,6970,Mandap,0.0,S
20,Jharkhand,20.0,339,Ranchi,364.0,2693,Mandar,2693.0,S
8,Rajasthan,8.0,106,Jhunjhunu,103.0,7145,Mandawa,0.0,S
19,West Bengal,19.0,304,South 24 Parganas,343.0,2429,Mandirbazar,2429.0,S
20,Jharkhand,20.0,340,Sahebganj,352.0,2565,Mandro,2565.0,S
23,Madhya Pradesh,23.0,416,Mandsaur,433.0,7005,Mandsaur Nagar,0.0,S
28,Andhra Pradesh,28.0,506,Guntur,548.0,5055,Mangalagiri,5055.0,S
18,Assam,18.0,283,Darrang,325.0,2148,Mangaldoi (Pt),2148.0,S
21,Odisha,21.0,356,Jajapur,382.0,2986,Mangalpur,2986.0,S
29,Karnataka,29.0,534,Dakshina Kannada,575.0,5561,Mangaluru,5561.0,S
27,Maharashtra,27.0,491,Raigad,520.0,4181,Mangaon,4181.0,S
23,Madhya Pradesh,23.0,424,Rewa,430.0,3474,Mangawan,3474.0,S
13,Nagaland,13.0,246,Mokokchung,262.0,1764,Mangkolemba,1764.0,S
24,Gujarat,24.0,448,Junagadh,479.0,3832,Mangrol,3832.0,S
24,Gujarat,24.0,438,Ahmedabad,474.0,6515,Maninagar,0.0,S
22,Chhattisgarh,22.0,761,Mohla-Manpur-Ambagarh Chouki,0.0,3309,Manpur,3309.0,S
10,Bihar,10.0,191,Begusarai,222.0,1309,Mansurchak,1309.0,S
36,Telangana,0.0,690,Bhadradri Kothagudem,0.0,4727,Manuguru,4727.0,S
33,Tamil Nadu,33.0,596,Viluppuram,607.0,6650,Marakanam,0.0,S
18,Assam,18.0,302,Tinsukia,309.0,2062,Margherita,2062.0,S
1,Jammu And Kashmir,1.0,5,Jammu,21.0,6715,Marh,0.0,U
36,Telangana,0.0,688,Mahabubabad,0.0,4720,Maripeda,4720.0,S
36,Telangana,0.0,692,Siddipet,0.0,6282,Markook,0.0,S
36,Telangana,0.0,514,Nalgonda,539.0,4649,Marriguda,4649.0,S
9,Uttar Pradesh,9.0,123,Azamgarh,191.0,6165,Martinganjon,0.0,S
33,Tamil Nadu,33.0,591,Tiruchirappalli,614.0,5954,Marungapuri,0.0,S
36,Telangana,0.0,513,Medak,535.0,7190,Masaipet,0.0,S
20,Jharkhand,20.0,326,Dumka,362.0,2675,Masalia,2675.0,S
8,Rajasthan,8.0,108,Karauli,107.0,6379,Masalpur,0.0,S
6,Haryana,6.0,71,Panipat,75.0,6412,Matlauda,0.0,S
9,Uttar Pradesh,9.0,136,Chitrakoot,171.0,876,Mau,876.0,S
23,Madhya Pradesh,23.0,395,Bhind,420.0,7000,Mau,0.0,S
27,Maharashtra,27.0,490,Pune,521.0,4191,Mawal,4191.0,S
19,West Bengal,19.0,307,Birbhum,334.0,2256,Mayureswar - II,2256.0,S
28,Andhra Pradesh,28.0,506,Guntur,548.0,5073,Medikonduru,5073.0,S
9,Uttar Pradesh,9.0,130,Bareilly,150.0,785,Meerganj,785.0,S
2,Himachal Pradesh,2.0,26,Una,29.0,6894,Mehatpur,0.0,S
9,Uttar Pradesh,9.0,178,Sant Kabir Nagar,186.0,941,Mehdawal,941.0,S
10,Bihar,10.0,213,Purbi Champaran,204.0,1057,Mehsi,1057.0,S
10,Bihar,10.0,210,Nawada,237.0,1522,Meskaur,1522.0,S
27,Maharashtra,27.0,491,Raigad,520.0,4184,Mhasla,4184.0,S
18,Assam,18.0,296,Marigaon,304.0,2030,Mikirbheta,2030.0,S
19,West Bengal,19.0,303,North 24 Parganas,337.0,2333,Minakhan,2333.0,S
12,Arunachal Pradesh,12.0,230,Dibang Valley,257.0,1717,Mipi,1717.0,S
36,Telangana,0.0,692,Siddipet,0.0,4464,Mirdoddi,4464.0,S
9,Uttar Pradesh,9.0,183,Sitapur,154.0,803,Misrikh,803.0,S
8,Rajasthan,8.0,113,Sawai Madhopur,108.0,7152,Mitrapura,0.0,S
3,Punjab,3.0,38,Moga,42.0,233,Moga,233.0,S
28,Andhra Pradesh,28.0,523,West Godavari,546.0,4986,Mogalthur,4986.0,S
27,Maharashtra,27.0,471,Bhandara,506.0,4038,Mohadi,4038.0,S
9,Uttar Pradesh,9.0,146,Ghazipur,195.0,990,Mohammadabad,990.0,S
19,West Bengal,19.0,307,Birbhum,334.0,2257,Mohammad Bazar,2257.0,S
21,Odisha,21.0,353,Gajapati,389.0,3101,Mohana,3101.0,S
23,Madhya Pradesh,23.0,434,Tikamgarh,424.0,3419,Mohangarh,3419.0,S
10,Bihar,10.0,217,Samastipur,221.0,1293,Mohanpur,1293.0,S
20,Jharkhand,20.0,324,Deoghar,350.0,2546,Mohanpur,2546.0,S
36,Telangana,0.0,518,Ranga Reddy,537.0,4528,Moinabad,4528.0,S
18,Assam,18.0,286,Dibrugarh,310.0,2067,Moran,2067.0,S
23,Madhya Pradesh,23.0,407,Gwalior,421.0,7038,Morar,0.0,S
23,Madhya Pradesh,23.0,417,Morena,419.0,3387,Morena,3387.0,S
5,Uttarakhand,5.0,57,Uttar Kashi,56.0,279,Mori,279.0,S
6,Haryana,6.0,70,Panchkula,69.0,6461,Morni St,0.0,S
36,Telangana,0.0,516,Nizamabad,533.0,4362,Morthad,4362.0,S
36,Telangana,0.0,516,Nizamabad,533.0,6668,Mosara,0.0,S
36,Telangana,0.0,697,Yadadri Bhuvanagiri,0.0,4625,Mothkur,4625.0,S
29,Karnataka,29.0,530,Vijayapura,557.0,5453,Muddebihal,5453.0,S
29,Karnataka,29.0,532,Chikkamagaluru,570.0,5531,Mudigere,5531.0,S
28,Andhra Pradesh,28.0,748,Eluru,0.0,5020,Mudinepalle,5020.0,S
36,Telangana,0.0,516,Nizamabad,533.0,6235,Mugpal,0.0,S
27,Maharashtra,27.0,485,Nanded,511.0,4109,Mukhed,4109.0,S
28,Andhra Pradesh,28.0,753,Annamayya,0.0,5367,Mulakalacheruvu,5367.0,S
27,Maharashtra,27.0,490,Pune,521.0,4192,Mulshi,4192.0,S
2,Himachal Pradesh,2.0,18,Kangra,24.0,113,Multhan,113.0,S
23,Madhya Pradesh,23.0,405,Khandwa (East Nimar),466.0,7411,Mundi,0.0,S
28,Andhra Pradesh,28.0,517,Prakasam,549.0,5113,Mundlamuru,5113.0,S
8,Rajasthan,8.0,110,Nagaur,112.0,6378,Mundwa,0.0,S
22,Chhattisgarh,22.0,647,Mungeli,0.0,3292,Mungeli,3292.0,S
10,Bihar,10.0,205,Madhepura,213.0,1164,Murliganj,1164.0,S
10,Bihar,10.0,208,Muzaffarpur,216.0,1212,Musahri,1212.0,S
36,Telangana,0.0,507,Hyderabad,536.0,4501,Musheerabad,4501.0,S
33,Tamil Nadu,33.0,591,Tiruchirappalli,614.0,5774,Musiri,5774.0,S
28,Andhra Pradesh,28.0,748,Eluru,0.0,5002,Musunuru,5002.0,S
28,Andhra Pradesh,28.0,515,Sri Potti Sriramulu Nellore,550.0,5181,Muthukur,5181.0,S
28,Andhra Pradesh,28.0,749,Ntr,0.0,4995,Mylavaram,4995.0,S
19,West Bengal,19.0,319,Murshidabad,333.0,2238,Nabagram,2238.0,S
21,Odisha,21.0,366,Nabarangpur,397.0,3196,Nabarangapur P.S,3196.0,S
10,Bihar,10.0,189,Aurangabad,235.0,1483,Nabinagar,1483.0,S
8,Rajasthan,8.0,91,Bharatpur,105.0,509,Nadbai,509.0,S
8,Rajasthan,8.0,771,Gangapurcity,,521,Nadoti,521.0,S
36,Telangana,0.0,696,Suryapet,0.0,6298,Nagaram,0.0,S
28,Andhra Pradesh,28.0,750,Bapatla,0.0,5095,Nagaram,5095.0,S
8,Rajasthan,8.0,110,Nagaur,112.0,560,Nagaur,560.0,S
28,Andhra Pradesh,28.0,752,Tirupati,0.0,5194,Naidupet,5194.0,S
27,Maharashtra,27.0,485,Nanded,511.0,4106,Naigaon (Khairgaon),4106.0,S
5,Uttarakhand,5.0,55,Tehri Garhwal,59.0,6337,Nainbag,0.0,S
8,Rajasthan,8.0,94,Bundi,121.0,623,Nainwa,623.0,S
24,Gujarat,24.0,449,Kachchh,468.0,3727,Nakhatrana,3727.0,S
36,Telangana,0.0,514,Nalgonda,539.0,4636,Nakrekal,4636.0,S
21,Odisha,21.0,344,Anugul,384.0,3009,Nalco,3009.0,S
36,Telangana,0.0,514,Nalgonda,539.0,4646,Nalgonda,4646.0,S
28,Andhra Pradesh,28.0,505,East Godavari,545.0,4956,Nallajerla,4956.0,S
28,Andhra Pradesh,28.0,754,Sri Sathya Sai,0.0,5341,Nambulapulakunta,5341.0,S
13,Nagaland,13.0,615,Longleng,268.0,1831,Namsang,1831.0,S
28,Andhra Pradesh,28.0,511,Kurnool,552.0,5255,Nandavaram,5255.0,S
27,Maharashtra,27.0,485,Nanded,511.0,4100,Nanded,4100.0,S
19,West Bengal,19.0,317,Purba Medinipur,345.0,2484,Nandigram - I,2484.0,S
28,Andhra Pradesh,28.0,755,Nandyal,0.0,5260,Nandikotkur,5260.0,S
28,Andhra Pradesh,28.0,510,Krishna,547.0,5014,Nandivada,5014.0,S
2,Himachal Pradesh,2.0,23,Shimla,33.0,178,Nankhari,178.0,S
10,Bihar,10.0,221,Sitamarhi,206.0,1078,Nanpur,1078.0,S
2,Himachal Pradesh,2.0,24,Sirmaur,32.0,6954,Narag,0.0,S
28,Andhra Pradesh,28.0,519,Srikakulam,542.0,4799,Narasannapeta,4799.0,S
28,Andhra Pradesh,28.0,523,West Godavari,546.0,4987,Narasapuram,4987.0,S
28,Andhra Pradesh,28.0,752,Tirupati,0.0,5400,Narayanavanam,5400.0,S
10,Bihar,10.0,192,Bhagalpur,224.0,1329,Narayanpur,1329.0,S
1,Jammu And Kashmir,1.0,2,Budgam,2.0,6813,Narbal,0.0,U
27,Maharashtra,27.0,484,Nagpur,505.0,4023,Narkhed,4023.0,S
36,Telangana,0.0,501,Adilabad,532.0,4312,Narnoor,4312.0,S
36,Telangana,0.0,522,Warangal,540.0,4708,Narsampet,4708.0,S
5,Uttarakhand,5.0,50,Haridwar,68.0,6352,Narsan,0.0,S
36,Telangana,0.0,513,Medak,535.0,6272,Narsingi,0.0,S
8,Rajasthan,8.0,86,Ajmer,119.0,611,Nasirabad,611.0,S
10,Bihar,10.0,215,Rohtas,234.0,1463,Nasriganj,1463.0,S
24,Gujarat,24.0,668,Chhotaudepur,0.0,3903,Nasvadi,3903.0,S
8,Rajasthan,8.0,112,Rajsamand,123.0,645,Nathdwara,645.0,S
6,Haryana,6.0,74,Sirsa,79.0,6470,Nathusari Chopta,0.0,S
9,Uttar Pradesh,9.0,135,Chandauli,196.0,6870,Naugarh,0.0,S
9,Uttar Pradesh,9.0,154,Amroha,137.0,6831,Naugawan Sadat,0.0,S
20,Jharkhand,20.0,322,Bokaro,355.0,2588,Nawadih,2588.0,S
8,Rajasthan,8.0,106,Jhunjhunu,103.0,491,Nawalgarh,491.0,S
21,Odisha,21.0,361,Kendujhar,375.0,2846,Nayakote,2846.0,S
33,Tamil Nadu,33.0,590,Thiruvarur,619.0,5807,Needamangalam,5807.0,S
10,Bihar,10.0,196,Gaya,236.0,1491,Neem Chak Bathani,1491.0,S
36,Telangana,0.0,509,Khammam,541.0,4759,Nelakondapalli,4759.0,S
28,Andhra Pradesh,28.0,521,Vizianagaram,543.0,4837,Nellimarla,4837.0,S
28,Andhra Pradesh,28.0,515,Sri Potti Sriramulu Nellore,550.0,5177,Nellore Rural,5177.0,S
28,Andhra Pradesh,28.0,515,Sri Potti Sriramulu Nellore,550.0,7182,Nellore Urban,0.0,S
23,Madhya Pradesh,23.0,397,Burhanpur,467.0,3721,Nepanagar,3721.0,S
36,Telangana,0.0,514,Nalgonda,539.0,6308,Neredugommu,0.0,S
24,Gujarat,24.0,442,Bharuch,488.0,6170,Netrang,0.0,S
19,West Bengal,19.0,321,Purulia,340.0,2383,Neturia,2383.0,S
32,Kerala,32.0,565,Thiruvananthapuram,601.0,5692,Neyyattinkara,5692.0,S
13,Nagaland,13.0,249,Tuensang,267.0,1818,Ngoungchung,1818.0,S
28,Andhra Pradesh,28.0,748,Eluru,0.0,4968,Nidamarru,4968.0,S
9,Uttar Pradesh,9.0,159,Kheri,153.0,797,Nighasan,797.0,S
13,Nagaland,13.0,244,Dimapur,265.0,1795,Nihokhu,1795.0,S
2,Himachal Pradesh,2.0,22,Mandi,27.0,138,Nihri,138.0,S
21,Odisha,21.0,360,Kendrapara,379.0,2929,Nikirai,2929.0,S
21,Odisha,21.0,346,Baleshwar,377.0,2903,Nilagiri,2903.0,S
18,Assam,18.0,293,Karimganj,317.0,2103,Nilambazar,2103.0,S
27,Maharashtra,27.0,481,Latur,524.0,4233,Nilanga,4233.0,S
27,Maharashtra,27.0,487,Nashik,516.0,4155,Niphad,4155.0,S
2,Himachal Pradesh,2.0,20,Kullu,26.0,122,Nirmand,122.0,S
20,Jharkhand,20.0,325,Dhanbad,354.0,2587,Nirsa-Cum-Chirkunda,2587.0,S
6,Haryana,6.0,67,Karnal,74.0,6450,Nising St,0.0,S
8,Rajasthan,8.0,116,Tonk,120.0,617,Niwai,617.0,S
23,Madhya Pradesh,23.0,393,Barwani,441.0,3560,Niwali,3560.0,S
23,Madhya Pradesh,23.0,415,Mandla,454.0,3641,Niwas,3641.0,S
2,Himachal Pradesh,2.0,24,Sirmaur,32.0,168,Nohra,168.0,S
10,Bihar,10.0,215,Rohtas,234.0,1466,Nokha,1466.0,S
17,Meghalaya,17.0,279,West Khasi Hills,296.0,1980,Nongstoin,1980.0,S
23,Madhya Pradesh,23.0,436,Umaria,431.0,3486,Nowrozabad,3486.0,S
1,Jammu And Kashmir,1.0,12,Rajouri,6.0,25,Nowshera,25.0,U
21,Odisha,21.0,359,Kandhamal,390.0,3120,Nuagaon,3120.0,S
28,Andhra Pradesh,28.0,751,Palnadu,0.0,5063,Nuzendla,5063.0,S
29,Karnataka,29.0,535,Davangere,567.0,7076,Nyamathi,0.0,S
10,Bihar,10.0,189,Aurangabad,235.0,1480,Obra,1480.0,S
8,Rajasthan,8.0,99,Dungarpur,124.0,7384,Obri,0.0,S
28,Andhra Pradesh,28.0,754,Sri Sathya Sai,0.0,5358,Obuladevaracheruvu,5358.0,S
21,Odisha,21.0,350,Cuttack,381.0,2966,Olatapur,2966.0,S
13,Nagaland,13.0,246,Mokokchung,262.0,5989,Ongpangkong (N),0.0,S
20,Jharkhand,20.0,339,Ranchi,364.0,2685,Ormanjhi,2685.0,S
28,Andhra Pradesh,28.0,511,Kurnool,552.0,5268,Orvakal,5268.0,S
8,Rajasthan,8.0,778,Jodhpur (Gramin),,568,Osian,568.0,S
27,Maharashtra,27.0,478,Jalgaon,499.0,3973,Pachora,3973.0,S
8,Rajasthan,8.0,775,Balotra,,579,Pachpadra,579.0,S
8,Rajasthan,8.0,105,Jhalawar,129.0,682,Pachpahar,682.0,S
36,Telangana,0.0,694,Nagarkurnool,0.0,6294,Padara,0.0,S
28,Andhra Pradesh,28.0,745,Alluri Sitharama Raju,0.0,4847,Paderu,4847.0,S
21,Odisha,21.0,370,Rayagada,396.0,3185,Padmapur,3185.0,S
28,Andhra Pradesh,28.0,755,Nandyal,0.0,5261,Pagidyala,5261.0,S
9,Uttar Pradesh,9.0,128,Banda,170.0,6157,Pailani,0.0,S
2,Himachal Pradesh,2.0,24,Sirmaur,32.0,6955,Pajhota,0.0,S
12,Arunachal Pradesh,12.0,723,Pakke Kessang,0.0,1581,Pakke Kessang Eac,1581.0,S
28,Andhra Pradesh,28.0,523,West Godavari,546.0,4988,Palacole,4988.0,S
33,Tamil Nadu,33.0,572,Dindigul,612.0,5760,Palani,5760.0,S
27,Maharashtra,27.0,665,Palghar,0.0,4163,Palghar,4163.0,S
24,Gujarat,24.0,443,Bhavnagar,481.0,3858,Palitana,3858.0,S
33,Tamil Nadu,33.0,634,Tiruppur,633.0,5905,Palladam,5905.0,S
33,Tamil Nadu,33.0,730,Chengalpattu,0.0,6629,Pallavaram,0.0,S
33,Tamil Nadu,33.0,589,Thiruvallur,602.0,5697,Pallipattu,5697.0,S
8,Rajasthan,8.0,101,Hanumangarh,100.0,7213,Pallu,0.0,S
6,Haryana,6.0,619,Palwal,89.0,427,Palwal,427.0,S
28,Andhra Pradesh,28.0,510,Krishna,547.0,5028,Pamarru,5028.0,S
22,Chhattisgarh,22.0,379,Janjgir-Champa,405.0,3283,Pamgarh,3283.0,S
28,Andhra Pradesh,28.0,502,Ananthapuramu,553.0,5315,Pamidi,5315.0,S
28,Andhra Pradesh,28.0,517,Prakasam,549.0,5146,Pamur,5146.0,S
6,Haryana,6.0,70,Panchkula,69.0,357,Panchkula,357.0,S
10,Bihar,10.0,212,Patna,230.0,1418,Pandarak,1418.0,S
29,Karnataka,29.0,544,Mandya,573.0,5548,Pandavapura,5548.0,S
21,Odisha,21.0,356,Jajapur,382.0,2976,Panikoili,2976.0,S
2,Himachal Pradesh,2.0,25,Solan,31.0,6940,Panjehra,0.0,S
20,Jharkhand,20.0,338,Palamu,358.0,2630,Panki,2630.0,S
23,Madhya Pradesh,23.0,420,Panna,426.0,3436,Panna,3436.0,S
19,West Bengal,19.0,317,Purba Medinipur,345.0,2470,Panskura,2470.0,S
14,Manipur,14.0,257,Senapati,272.0,1859,Paomata,1859.0,S
21,Odisha,21.0,366,Nabarangpur,397.0,3193,Paparahandi,3193.0,S
12,Arunachal Pradesh,12.0,237,Papum Pare,248.0,1602,Parang Circle,1602.0,S
32,Kerala,32.0,555,Ernakulam,595.0,5659,Paravur,5659.0,S
28,Andhra Pradesh,28.0,750,Bapatla,0.0,5108,Parchur,5108.0,S
28,Andhra Pradesh,28.0,754,Sri Sathya Sai,0.0,5355,Parigi,5355.0,S
27,Maharashtra,27.0,478,Jalgaon,499.0,3970,Parola,3970.0,S
27,Maharashtra,27.0,484,Nagpur,505.0,4027,Parseoni,4027.0,S
20,Jharkhand,20.0,327,East Singhbum,357.0,2604,Patamda,2604.0,S
24,Gujarat,24.0,455,Patan,470.0,3747,Patan,3747.0,S
23,Madhya Pradesh,23.0,411,Jabalpur,451.0,3629,Patan,3629.0,S
10,Bihar,10.0,224,Vaishali,220.0,1269,Paterhi Belsar,1269.0,S
20,Jharkhand,20.0,330,Godda,351.0,2559,Pathargama,2559.0,S
23,Madhya Pradesh,23.0,393,Barwani,441.0,3555,Pati,3555.0,S
9,Uttar Pradesh,9.0,633,Kasganj,202.0,1012,Patiyali,1012.0,S
21,Odisha,21.0,360,Kendrapara,379.0,2931,Patkura,2931.0,S
10,Bihar,10.0,212,Patna,230.0,1400,Patna Rural,1400.0,S
28,Andhra Pradesh,28.0,511,Kurnool,552.0,5290,Pattikonda,5290.0,S
12,Arunachal Pradesh,12.0,233,Kurung Kumey,256.0,6140,Patuk Adc,0.0,S
9,Uttar Pradesh,9.0,125,Bahraich,180.0,6861,Payagpur,0.0,S
28,Andhra Pradesh,28.0,517,Prakasam,549.0,5144,Pedacherlo Palle,5144.0,S
28,Andhra Pradesh,28.0,748,Eluru,0.0,4965,Pedapadu,4965.0,S
36,Telangana,0.0,694,Nagarkurnool,0.0,4599,Peddakothapally,4599.0,S
36,Telangana,0.0,682,Peddapalli,0.0,4408,Peddapalli,4408.0,S
28,Andhra Pradesh,28.0,503,Chittoor,554.0,5416,Peddapanjani,5416.0,S
36,Telangana,0.0,681,Jagitial,0.0,4421,Pegadapalli,4421.0,S
6,Haryana,6.0,68,Kurukshetra,72.0,365,Pehowa,365.0,S
28,Andhra Pradesh,28.0,523,West Godavari,546.0,4969,Pentapadu,4969.0,S
28,Andhra Pradesh,28.0,523,West Godavari,546.0,4978,Penumantra,4978.0,S
33,Tamil Nadu,33.0,568,Chennai,603.0,7166,Perambur,0.0,S
33,Tamil Nadu,33.0,586,Thanjavur,620.0,5817,Peravurani,5817.0,S
30,Goa,30.0,551,North Goa,585.0,5609,Pernem,5609.0,S
20,Jharkhand,20.0,322,Bokaro,355.0,2592,Peterwar,2592.0,S
33,Tamil Nadu,33.0,584,Salem,608.0,6618,Pethanaickanpalayam,0.0,S
23,Madhya Pradesh,23.0,412,Jhabua,464.0,3707,Petlawad,3707.0,S
13,Nagaland,13.0,248,Phek,266.0,1809,Pfutsero,1809.0,S
8,Rajasthan,8.0,769,Dudu,,544,Phagi,544.0,S
22,Chhattisgarh,22.0,643,Kondagaon,0.0,3359,Pharasgaon,3359.0,S
28,Andhra Pradesh,28.0,506,Guntur,548.0,5072,Phirangipuram,5072.0,S
10,Bihar,10.0,206,Madhubani,207.0,1087,Phulparas,1087.0,S
23,Madhya Pradesh,23.0,432,Shivpuri,423.0,3413,Pichhore,3413.0,S
8,Rajasthan,8.0,101,Hanumangarh,100.0,469,Pilibanga,469.0,S
6,Haryana,6.0,65,Jind,77.0,6445,Pillukhera St,0.0,S
9,Uttar Pradesh,9.0,187,Varanasi,197.0,995,Pindra,995.0,S
8,Rajasthan,8.0,109,Kota,127.0,665,Pipalda,665.0,S
10,Bihar,10.0,204,Lakhisarai,227.0,1366,Pipariya,1366.0,S
10,Bihar,10.0,220,Sheohar,205.0,1059,Piprarhi,1059.0,S
12,Arunachal Pradesh,12.0,236,Lower Subansiri,255.0,6119,Pistana Circle,0.0,S
22,Chhattisgarh,22.0,385,Mahasamund,411.0,3342,Pithora,3342.0,S
23,Madhya Pradesh,23.0,432,Shivpuri,423.0,3407,Pohri,3407.0,S
8,Rajasthan,8.0,103,Jaisalmer,114.0,575,Pokaran,575.0,S
27,Maharashtra,27.0,491,Raigad,520.0,4186,Poladpur,4186.0,S
28,Andhra Pradesh,28.0,748,Eluru,0.0,4949,Polavaram,4949.0,S
33,Tamil Nadu,33.0,569,Coimbatore,632.0,5899,Pollachi,5899.0,S
33,Tamil Nadu,33.0,593,Tiruvannamalai,606.0,5724,Polur,5724.0,S
33,Tamil Nadu,33.0,589,Thiruvallur,602.0,5694,Ponneri,5694.0,S
28,Andhra Pradesh,28.0,521,Vizianagaram,543.0,4838,Poosapatirega,4838.0,S
24,Gujarat,24.0,456,Porbandar,478.0,3822,Porbandar,3822.0,S
23,Madhya Pradesh,23.0,417,Morena,419.0,3386,Porsa,3386.0,S
21,Odisha,21.0,363,Koraput,398.0,3218,Pottangi,3218.0,S
23,Madhya Pradesh,23.0,394,Betul,447.0,7022,Prabhatpttan,0.0,S
24,Gujarat,24.0,458,Sabar Kantha,472.0,3767,Prantij,3767.0,S
28,Andhra Pradesh,28.0,504,Y.S.R.,551.0,5214,Proddutur,5214.0,S
33,Tamil Nadu,33.0,582,Pudukkottai,621.0,5821,Pudukkottai,5821.0,S
13,Nagaland,13.0,251,Zunheboto,263.0,1775,Pughoboto,1775.0,S
2,Himachal Pradesh,2.0,16,Chamba,23.0,6942,Pukhri,0.0,S
28,Andhra Pradesh,28.0,504,Y.S.R.,551.0,5219,Pulivendula,5219.0,S
12,Arunachal Pradesh,12.0,666,Longding,0.0,6584,Pumao Circle,0.0,S
28,Andhra Pradesh,28.0,503,Chittoor,554.0,5415,Punganuru,5415.0,S
7,Delhi,7.0,85,West,96.0,450,Punjabi Bagh,450.0,U
17,Meghalaya,17.0,663,South West Garo Hills,0.0,7418,Purakhasia,0.0,S
27,Maharashtra,27.0,490,Pune,521.0,4196,Purandhar,4196.0,S
9,Uttar Pradesh,9.0,173,Pilibhit,151.0,792,Puranpur,792.0,S
20,Jharkhand,20.0,325,Dhanbad,354.0,2580,Purbi Tundi*,2580.0,S
19,West Bengal,19.0,321,Purulia,340.0,2379,Purulia - II,2379.0,S
22,Chhattisgarh,22.0,386,Raigarh,403.0,3268,Pusour,3268.0,S
21,Odisha,21.0,370,Rayagada,396.0,3186,Puttasing,3186.0,S
1,Jammu And Kashmir,1.0,8,Kupwara,1.0,7205,Qalamabad,0.0,U
30,Goa,30.0,552,South Goa,586.0,5617,Quepem,5617.0,S
29,Karnataka,29.0,524,Bagalkote,556.0,7063,Rabakavi Banahatti,0.0,S
6,Haryana,6.0,76,Yamunanagar,71.0,6474,Radaur,0.0,S
10,Bihar,10.0,223,Supaul,208.0,1105,Raghopur,1105.0,S
10,Bihar,10.0,224,Vaishali,220.0,1279,Raghopur,1279.0,S
22,Chhattisgarh,22.0,649,Balrampur-Ramanujganj,0.0,7257,Raghunathnagar,0.0,S
19,West Bengal,19.0,321,Purulia,340.0,2381,Raghunathpur - II,2381.0,S
27,Maharashtra,27.0,466,Ahmednagar,522.0,4204,Rahta,4204.0,S
27,Maharashtra,27.0,466,Ahmednagar,522.0,4210,Rahuri,4210.0,S
8,Rajasthan,8.0,97,Dausa,109.0,6932,Rahuwas,0.0,S
29,Karnataka,29.0,546,Raichur,559.0,5461,Raichur,5461.0,S
3,Punjab,3.0,36,Ludhiana,41.0,229,Raikot,229.0,S
8,Rajasthan,8.0,774,Beawar,,598,Raipur,598.0,S
23,Madhya Pradesh,23.0,424,Rewa,430.0,3480,Raipur Karchuliyan,3480.0,S
21,Odisha,21.0,365,Mayurbhanj,376.0,2861,Rairangpur Town,2861.0,S
8,Rajasthan,8.0,94,Bundi,121.0,7359,Raithal,0.0,S
8,Rajasthan,8.0,98,Dholpur,106.0,519,Rajakhera,519.0,S
8,Rajasthan,8.0,96,Churu,102.0,7388,Rajaldesar,0.0,S
36,Telangana,0.0,685,Kamareddy,0.0,6241,Rajampet,0.0,S
10,Bihar,10.0,224,Vaishali,220.0,1277,Raja Pakar,1277.0,S
9,Uttar Pradesh,9.0,136,Chitrakoot,171.0,6156,Rajapur,0.0,S
36,Telangana,0.0,512,Mahabubnagar,538.0,6261,Rajapur,0.0,S
33,Tamil Nadu,33.0,583,Ramanathapuram,626.0,6653,Rajasingamangalam,0.0,S
19,West Bengal,19.0,314,Jalpaiguri,328.0,2166,Rajganj,2166.0,S
8,Rajasthan,8.0,96,Churu,102.0,482,Rajgarh,482.0,S
21,Odisha,21.0,360,Kendrapara,379.0,2922,Rajkanika,2922.0,S
24,Gujarat,24.0,457,Rajkot,476.0,6520,Rajkot East,0.0,S
22,Chhattisgarh,22.0,388,Rajnandgaon,408.0,3305,Rajnandgaon,3305.0,S
22,Chhattisgarh,22.0,649,Balrampur-Ramanujganj,0.0,3250,Rajpur,3250.0,S
24,Gujarat,24.0,439,Amreli,480.0,3849,Rajula,3849.0,S
13,Nagaland,13.0,250,Wokha,264.0,1787,Ralan,1787.0,S
21,Odisha,21.0,369,Puri,387.0,3063,Ramachandi,3063.0,S
21,Odisha,21.0,353,Gajapati,389.0,3109,Ramagiri,3109.0,S
33,Tamil Nadu,33.0,583,Ramanathapuram,626.0,5860,Ramanathapuram,5860.0,S
1,Jammu And Kashmir,1.0,621,Ramban,17.0,67,Ramban,67.0,U
21,Odisha,21.0,354,Ganjam,388.0,3084,Rambha,3084.0,S
33,Tamil Nadu,33.0,583,Ramanathapuram,626.0,5861,Rameswaram,5861.0,S
5,Uttarakhand,5.0,51,Nainital,66.0,6353,Ramgarh,0.0,S
8,Rajasthan,8.0,103,Jaisalmer,114.0,7216,Ramgarh,0.0,S
20,Jharkhand,20.0,328,Garhwa,346.0,2512,Ramkanda,2512.0,S
18,Assam,18.0,293,Karimganj,317.0,2105,Ramkrishna Nagar,2105.0,S
20,Jharkhand,20.0,328,Garhwa,346.0,2501,Ramna,2501.0,S
19,West Bengal,19.0,317,Purba Medinipur,345.0,2493,Ramnagar - I,2493.0,S
2,Himachal Pradesh,2.0,23,Shimla,33.0,177,Rampur,177.0,S
21,Odisha,21.0,372,Sonepur,392.0,3134,Rampur,3134.0,S
23,Madhya Pradesh,23.0,419,Neemuch,432.0,7032,Rampura,0.0,S
3,Punjab,3.0,28,Bathinda,46.0,244,Rampura Phul,244.0,S
9,Uttar Pradesh,9.0,177,Saharanpur,132.0,705,Rampur Maniharan,705.0,S
2,Himachal Pradesh,2.0,25,Solan,31.0,160,Ramshahr,160.0,S
19,West Bengal,19.0,320,Nadia,336.0,2313,Ranaghat - II,2313.0,S
18,Assam,18.0,291,Kamrup,321.0,5934,Rangia,0.0,S
19,West Bengal,19.0,305,Bankura,339.0,2375,Ranibandh,2375.0,S
5,Uttarakhand,5.0,45,Almora,64.0,328,Ranikhet,328.0,S
19,West Bengal,19.0,319,Murshidabad,333.0,2233,Raninagar - II,2233.0,S
23,Madhya Pradesh,23.0,423,Ratlam,434.0,3506,Raoti,3506.0,S
8,Rajasthan,8.0,95,Chittorgarh,126.0,655,Rashmi,655.0,S
21,Odisha,21.0,352,Dhenkanal,383.0,2998,Rasol,2998.0,S
27,Maharashtra,27.0,492,Ratnagiri,528.0,4271,Ratnagiri,4271.0,S
29,Karnataka,29.0,540,Haveri,564.0,7106,Rattihalli,0.0,S
19,West Bengal,19.0,316,Malda,332.0,2212,Ratua - I,2212.0,S
8,Rajasthan,8.0,776,Anupgarh,,6915,Ravla,0.0,S
36,Telangana,0.0,522,Warangal,540.0,4703,Rayaparthy,4703.0,S
36,Telangana,0.0,699,Kumuram Bheem Asifabad,0.0,4327,Rebbena,4327.0,S
28,Andhra Pradesh,28.0,521,Vizianagaram,543.0,4786,Regidi Amadalavalasa,4786.0,S
22,Chhattisgarh,22.0,382,Kabeerdham,407.0,7272,Rengakharkala,0.0,S
17,Meghalaya,17.0,656,North Garo Hills,0.0,1970,Resubelpara,1970.0,S
12,Arunachal Pradesh,12.0,679,Siang,0.0,1644,Riga Eac,1644.0,S
5,Uttarakhand,5.0,52,Pauri Garhwal,61.0,6355,Rikhanikhal,0.0,S
27,Maharashtra,27.0,499,Washim,502.0,4000,Risod,4000.0,S
8,Rajasthan,8.0,110,Nagaur,112.0,6069,Riyan Badi,0.0,S
28,Andhra Pradesh,28.0,754,Sri Sathya Sai,0.0,5349,Roddam,5349.0,S
17,Meghalaya,17.0,278,West Garo Hills,293.0,1965,Rongram,1965.0,S
21,Odisha,21.0,353,Gajapati,389.0,3102,R.Udayagiri,3102.0,S
9,Uttar Pradesh,9.0,137,Deoria,190.0,960,Rudrapur,960.0,S
12,Arunachal Pradesh,12.0,232,East Siang,251.0,1653,Ruksin Adc,1653.0,S
8,Rajasthan,8.0,91,Bharatpur,105.0,514,Rupbas,514.0,S
23,Madhya Pradesh,23.0,417,Morena,419.0,3390,Sabalgarh,3390.0,S
27,Maharashtra,27.0,476,Gondia,507.0,4049,Sadak-Arjuni,4049.0,S
9,Uttar Pradesh,9.0,162,Lucknow,157.0,821,Sadar,821.0,S
21,Odisha,21.0,358,Kalahandi,395.0,3164,Sadar,3164.0,S
19,West Bengal,19.0,304,South 24 Parganas,343.0,2438,Sagar,2438.0,S
9,Uttar Pradesh,9.0,123,Azamgarh,191.0,965,Sagri,965.0,S
6,Haryana,6.0,58,Ambala,70.0,6429,Saha St,0.0,S
23,Madhya Pradesh,23.0,418,Narsimhapur,452.0,7003,Saikheda,0.0,S
23,Madhya Pradesh,23.0,423,Ratlam,434.0,3504,Sailana,3504.0,S
17,Meghalaya,17.0,657,East Jaintia Hills,0.0,2000,Saipung,2000.0,S
33,Tamil Nadu,33.0,584,Salem,608.0,5740,Salem,5740.0,S
21,Odisha,21.0,350,Cuttack,381.0,2957,Salepur,2957.0,S
22,Chhattisgarh,22.0,759,Khairagarh-Chhuikhadan-Gandai,0.0,7294,Salhewara,0.0,S
1,Jammu And Kashmir,1.0,1,Anantnag,14.0,6818,Sallar,0.0,U
28,Andhra Pradesh,28.0,743,Parvathipuram Manyam,0.0,4817,Salur,4817.0,S
18,Assam,18.0,297,Nagaon,305.0,2032,Samaguri,2032.0,S
10,Bihar,10.0,217,Samastipur,221.0,1288,Samastipur,1288.0,S
28,Andhra Pradesh,28.0,753,Annamayya,0.0,5237,Sambepalle,5237.0,S
9,Uttar Pradesh,9.0,659,Sambhal,0.0,721,Sambhal,721.0,S
19,West Bengal,19.0,304,South 24 Parganas,343.0,2417,Sanarpur,2417.0,S
8,Rajasthan,8.0,779,Sanchore,,590,Sanchore,590.0,S
2,Himachal Pradesh,2.0,22,Mandi,27.0,126,Sandhol,126.0,S
29,Karnataka,29.0,528,Ballari,565.0,5501,Sandur,5501.0,S
8,Rajasthan,8.0,102,Jaipur,110.0,545,Sanganer,545.0,S
15,Mizoram,15.0,264,Lawngtlai,287.0,1919,Sangau,1919.0,S
12,Arunachal Pradesh,12.0,237,Papum Pare,248.0,6600,Sangdupota Basar Nello Circle,0.0,S
27,Maharashtra,27.0,496,Solapur,526.0,4251,Sangole,4251.0,S
13,Nagaland,13.0,250,Wokha,264.0,1785,Sanis,1785.0,S
28,Andhra Pradesh,28.0,521,Vizianagaram,543.0,4795,Santhakaviti,4795.0,S
24,Gujarat,24.0,669,Mahisagar,0.0,3881,Santrampur,3881.0,S
19,West Bengal,19.0,321,Purulia,340.0,2384,Santuri,2384.0,S
20,Jharkhand,20.0,326,Dumka,362.0,2666,Saraiyahat,2666.0,S
21,Odisha,21.0,359,Kandhamal,390.0,3117,Sarangagarh,3117.0,S
22,Chhattisgarh,22.0,763,Sarangarh-Bilaigarh,0.0,3270,Sarangarh,3270.0,S
22,Chhattisgarh,22.0,647,Mungeli,0.0,7326,Sargaon,0.0,S
28,Andhra Pradesh,28.0,519,Srikakulam,542.0,4793,Sarubujjili,4793.0,S
36,Telangana,0.0,509,Khammam,541.0,4751,Sathupalli,4751.0,S
23,Madhya Pradesh,23.0,402,Dewas,437.0,3528,Satwas,3528.0,S
24,Gujarat,24.0,439,Amreli,480.0,3846,Savar Kundla,3846.0,S
24,Gujarat,24.0,461,Vadodara,486.0,3897,Savli,3897.0,S
8,Rajasthan,8.0,113,Sawai Madhopur,108.0,531,Sawai Madhopur,531.0,S
27,Maharashtra,27.0,495,Sindhudurg,529.0,4281,Sawantwadi,4281.0,S
14,Manipur,14.0,255,Imphal East,278.0,1884,Sawombung,1884.0,S
8,Rajasthan,8.0,104,Jalore,116.0,585,Sayla,585.0,S
8,Rajasthan,8.0,90,Barmer,115.0,6045,Sedwa,0.0,S
7,Delhi,7.0,81,North East,92.0,436,Seelam Pur,436.0,U
28,Andhra Pradesh,28.0,520,Visakhapatnam,544.0,6836,Seethammadhara,0.0,S
12,Arunachal Pradesh,12.0,723,Pakke Kessang,0.0,6104,Seijosa Adc,0.0,S
23,Madhya Pradesh,23.0,393,Barwani,441.0,3561,Sendhwa,3561.0,S
23,Madhya Pradesh,23.0,401,Datia,422.0,3403,Seondha,3403.0,S
23,Madhya Pradesh,23.0,428,Seoni,456.0,7018,Seoni Nagar,0.0,S
12,Arunachal Pradesh,12.0,231,East Kameng,247.0,1584,Seppa Hq,1584.0,S
36,Telangana,0.0,518,Ranga Reddy,537.0,4516,Serilingampally,4516.0,S
9,Uttar Pradesh,9.0,146,Ghazipur,195.0,6835,Sewarai,0.0,S
7,Delhi,7.0,671,Shahdara,0.0,437,Shahdara,437.0,U
9,Uttar Pradesh,9.0,180,Shahjahanpur,152.0,795,Shahjahanpur,795.0,S
23,Madhya Pradesh,23.0,394,Betul,447.0,3603,Shahpur,3603.0,S
27,Maharashtra,27.0,480,Kolhapur,530.0,4283,Shahuwadi,4283.0,S
2,Himachal Pradesh,2.0,24,Sirmaur,32.0,175,Shalai,175.0,S
10,Bihar,10.0,190,Banka,225.0,1345,Shambhuganj,1345.0,S
23,Madhya Pradesh,23.0,416,Mandsaur,433.0,3495,Shamgarh,3495.0,S
23,Madhya Pradesh,23.0,437,Vidisha,443.0,3576,Shamshabad,3576.0,S
1,Jammu And Kashmir,1.0,1,Anantnag,14.0,56,Shangus,56.0,U
36,Telangana,0.0,513,Medak,535.0,4467,Shankarampet (R),4467.0,S
36,Telangana,0.0,518,Ranga Reddy,537.0,4515,Shankarpalle,4515.0,S
10,Bihar,10.0,205,Madhepura,213.0,1162,Shankarpur,1162.0,S
27,Maharashtra,27.0,472,Buldhana,500.0,3977,Shegaon,3977.0,S
12,Arunachal Pradesh,12.0,242,West Kameng,246.0,6566,Shergaon Circle,0.0,S
27,Maharashtra,27.0,481,Latur,524.0,4231,Shirur Anantpal,4231.0,S
27,Maharashtra,27.0,470,Beed,523.0,4217,Shirur (Kasar),4217.0,S
23,Madhya Pradesh,23.0,432,Shivpuri,423.0,7044,Shivpuri Nagar,0.0,S
22,Chhattisgarh,22.0,379,Janjgir-Champa,405.0,7256,Shivrinarayan,0.0,S
9,Uttar Pradesh,9.0,182,Siddharthnagar,184.0,932,Shohratgarh,932.0,S
33,Tamil Nadu,33.0,731,Ranipet,0.0,7060,Sholinghur,0.0,S
27,Maharashtra,27.0,466,Ahmednagar,522.0,4205,Shrirampur,4205.0,S
29,Karnataka,29.0,544,Mandya,573.0,5549,Shrirangapattana,5549.0,S
9,Uttar Pradesh,9.0,183,Sitapur,154.0,808,Sidhauli,808.0,S
17,Meghalaya,17.0,277,South Garo Hills,295.0,7332,Siju,0.0,S
9,Uttar Pradesh,9.0,134,Bulandshahr,142.0,745,Sikandrabad,745.0,S
8,Rajasthan,8.0,114,Sikar,111.0,553,Sikar,553.0,S
23,Madhya Pradesh,23.0,421,Raisen,446.0,3596,Silwani,3596.0,S
22,Chhattisgarh,22.0,644,Balodabazar-Bhatapara,0.0,3324,Simga,3324.0,S
21,Odisha,21.0,363,Koraput,398.0,3215,Similiguda,3215.0,S
28,Andhra Pradesh,28.0,517,Prakasam,549.0,5149,Singarayakonda,5149.0,S
14,Manipur,14.0,254,Churachandpur,274.0,1872,Singngat,1872.0,S
23,Madhya Pradesh,23.0,419,Neemuch,432.0,3488,Singoli,3488.0,S
19,West Bengal,19.0,312,Hooghly,338.0,2349,Singur,2349.0,S
33,Tamil Nadu,33.0,735,Mayiladuthurai,0.0,5795,Sirkali,5795.0,S
9,Uttar Pradesh,9.0,143,Firozabad,147.0,6161,Sirsaganj,0.0,S
18,Assam,18.0,284,Dhemaji,308.0,2056,Sissibargaon,2056.0,S
10,Bihar,10.0,222,Siwan,218.0,1247,Siswan,1247.0,S
5,Uttarakhand,5.0,56,Udam Singh Nagar,67.0,351,Sitarganj,351.0,S
13,Nagaland,13.0,614,Kiphire,269.0,1839,Sitimi,1839.0,S
33,Tamil Nadu,33.0,585,Sivaganga,622.0,5832,Sivaganga,5832.0,S
2,Himachal Pradesh,2.0,25,Solan,31.0,165,Solan,165.0,S
27,Maharashtra,27.0,496,Solapur,526.0,4247,Solapur North,4247.0,S
28,Andhra Pradesh,28.0,754,Sri Sathya Sai,0.0,5363,Somandepalli,5363.0,S
28,Andhra Pradesh,28.0,519,Srikakulam,542.0,4780,Sompeta,4780.0,S
29,Karnataka,29.0,541,Kodagu,576.0,5567,Somvarpet,5567.0,S
21,Odisha,21.0,372,Sonepur,392.0,3139,Sonapur,3139.0,S
20,Jharkhand,20.0,324,Deoghar,350.0,2548,Sona Rai Tharhi,2548.0,S
29,Karnataka,29.0,547,Shivamogga,568.0,5516,Sorab,5516.0,S
9,Uttar Pradesh,9.0,120,Prayagraj,175.0,888,Soraon,888.0,S
11,Sikkim,11.0,742,Soreng,0.0,1550,Soreng,1550.0,S
28,Andhra Pradesh,28.0,504,Y.S.R.,551.0,5206,Sri Avadhutha Kasinayana,5206.0,S
1,Jammu And Kashmir,1.0,1,Anantnag,14.0,6819,Srigufwara,0.0,U
33,Tamil Nadu,33.0,570,Cuddalore,617.0,6646,Srimushnam,0.0,S
10,Bihar,10.0,214,Purnia,211.0,1136,Srinagar,1136.0,S
1,Jammu And Kashmir,1.0,13,Srinagar,10.0,44,Srinagar (South),44.0,U
36,Telangana,0.0,693,Wanaparthy,0.0,6288,Srirangapur,0.0,S
33,Tamil Nadu,33.0,597,Virudhunagar,625.0,5848,Srivilliputhur,5848.0,S
28,Andhra Pradesh,28.0,521,Vizianagaram,543.0,4831,Srungavarapukota,4831.0,S
14,Manipur,14.0,254,Churachandpur,274.0,6506,Suangdoh,0.0,S
21,Odisha,21.0,372,Sonepur,392.0,3138,Subalaya,3138.0,S
36,Telangana,0.0,690,Bhadradri Kothagudem,0.0,6265,Sujathanagar,0.0,S
3,Punjab,3.0,43,Sangrur,53.0,272,Sunam,272.0,S
8,Rajasthan,8.0,105,Jhalawar,129.0,6667,Sunel,0.0,S
29,Karnataka,29.0,550,Uttara Kannada,563.0,5479,Supa,5479.0,S
21,Odisha,21.0,354,Ganjam,388.0,3076,Surada,3076.0,S
8,Rajasthan,8.0,106,Jhunjhunu,103.0,6371,Surajgarh,0.0,S
10,Bihar,10.0,204,Lakhisarai,227.0,1367,Surajgarha,1367.0,S
8,Rajasthan,8.0,100,Ganganagar,99.0,465,Suratgarh,465.0,S
10,Bihar,10.0,215,Rohtas,234.0,1460,Suryapura,1460.0,S
23,Madhya Pradesh,23.0,422,Rajgarh,442.0,6992,Suthaliya,0.0,S
19,West Bengal,19.0,319,Murshidabad,333.0,2226,Suti - II,2226.0,S
36,Telangana,0.0,694,Nagarkurnool,0.0,4582,Tadoor,4582.0,S
36,Telangana,0.0,720,Mulugu,0.0,4687,Tadvai,4687.0,S
10,Bihar,10.0,217,Samastipur,221.0,1290,Tajpur,1290.0,S
27,Maharashtra,27.0,491,Raigad,520.0,4182,Tala,4182.0,S
24,Gujarat,24.0,675,Gir Somnath,0.0,3834,Talala,3834.0,S
36,Telangana,0.0,501,Adilabad,532.0,4309,Talamadugu,4309.0,S
21,Odisha,21.0,344,Anugul,384.0,3006,Talcher Sadar,3006.0,S
19,West Bengal,19.0,305,Bankura,339.0,2371,Taldangra,2371.0,S
32,Kerala,32.0,557,Kannur,589.0,5632,Taliparamba,5632.0,S
20,Jharkhand,20.0,340,Sahebganj,352.0,2568,Taljhari,2568.0,S
13,Nagaland,13.0,615,Longleng,268.0,1830,Tamlu,1830.0,S
19,West Bengal,19.0,317,Purba Medinipur,345.0,2472,Tamluk,2472.0,S
28,Andhra Pradesh,28.0,517,Prakasam,549.0,5141,Tangutur,5141.0,S
24,Gujarat,24.0,673,Morbi,0.0,3800,Tankara,3800.0,S
23,Madhya Pradesh,23.0,407,Gwalior,421.0,7037,Tansen,0.0,S
8,Rajasthan,8.0,770,Khairthal-Tijara,,7128,Tapukara,0.0,S
19,West Bengal,19.0,312,Hooghly,338.0,2342,Tarakeswar,2342.0,S
8,Rajasthan,8.0,96,Churu,102.0,481,Taranagar,481.0,S
10,Bihar,10.0,193,Bhojpur,231.0,1433,Tarari,1433.0,S
12,Arunachal Pradesh,12.0,237,Papum Pare,248.0,1595,Taraso Circle,1595.0,S
10,Bihar,10.0,220,Sheohar,205.0,1062,Tariani Chowk,1062.0,S
10,Bihar,10.0,191,Begusarai,222.0,1311,Teghra,1311.0,S
36,Telangana,0.0,694,Nagarkurnool,0.0,4581,Telkapally,4581.0,S
23,Madhya Pradesh,23.0,400,Damoh,428.0,3460,Tendukheda,3460.0,S
10,Bihar,10.0,203,Kishanganj,210.0,1121,Terhagachh,1121.0,S
10,Bihar,10.0,213,Purbi Champaran,204.0,1056,Tetaria,1056.0,S
5,Uttarakhand,5.0,53,Pithoragarh,62.0,6359,Thal,0.0,S
33,Tamil Nadu,33.0,584,Salem,608.0,7120,Thalaivasal,0.0,S
36,Telangana,0.0,509,Khammam,541.0,4762,Thallada,4762.0,S
5,Uttarakhand,5.0,47,Chamoli,57.0,288,Tharali,288.0,S
1,Jammu And Kashmir,1.0,4,Doda,16.0,63,Thathri,63.0,U
12,Arunachal Pradesh,12.0,242,West Kameng,246.0,6565,Thembang Circle,0.0,S
36,Telangana,0.0,694,Nagarkurnool,0.0,4575,Thimmajipet,4575.0,S
33,Tamil Nadu,33.0,579,Nagapattinam,618.0,5801,Thirukkuvalai,5801.0,S
36,Telangana,0.0,696,Suryapet,0.0,4619,Thirumalagiri,4619.0,S
33,Tamil Nadu,33.0,578,Madurai,623.0,5840,Thirumangalam,5840.0,S
33,Tamil Nadu,33.0,582,Pudukkottai,621.0,5822,Thirumayam,5822.0,S
34,Puducherry,34.0,598,Karaikal,637.0,5915,Thirunallar,5915.0,U
33,Tamil Nadu,33.0,596,Viluppuram,607.0,7053,Thiruvennainallur,0.0,S
33,Tamil Nadu,33.0,586,Thanjavur,620.0,5810,Thiruvidaimarudur,5810.0,S
28,Andhra Pradesh,28.0,506,Guntur,548.0,5053,Thulluru,5053.0,S
33,Tamil Nadu,33.0,591,Tiruchirappalli,614.0,5775,Thuraiyur,5775.0,S
36,Telangana,0.0,697,Yadadri Bhuvanagiri,0.0,4614,Thurkapally,4614.0,S
1,Jammu And Kashmir,1.0,627,Reasi,20.0,6739,Thuroo,0.0,U
21,Odisha,21.0,350,Cuttack,381.0,2949,Tigiria,2949.0,S
2,Himachal Pradesh,2.0,22,Mandi,27.0,6946,Tihra,0.0,S
18,Assam,18.0,298,Nalbari,323.0,2132,Tihu (Pt),2132.0,S
29,Karnataka,29.0,530,Vijayapura,557.0,7074,Tikota,0.0,S
17,Meghalaya,17.0,278,West Garo Hills,293.0,1964,Tikrikilla,1964.0,S
18,Assam,18.0,286,Dibrugarh,310.0,2068,Tingkhong,2068.0,S
8,Rajasthan,8.0,778,Jodhpur (Gramin),,6390,Tinwari,0.0,S
29,Karnataka,29.0,548,Tumakuru,571.0,5539,Tiptur,5539.0,S
2,Himachal Pradesh,2.0,17,Hamirpur,28.0,140,Tira Sujanpur,140.0,S
33,Tamil Nadu,33.0,580,Namakkal,609.0,5745,Tiruchengode,5745.0,S
36,Telangana,0.0,509,Khammam,541.0,4754,Tirumalayapalem,4754.0,S
28,Andhra Pradesh,28.0,752,Tirupati,0.0,5375,Tirupati (Rural),5375.0,S
33,Tamil Nadu,33.0,592,Tirunelveli,628.0,6649,Tisayanvilai,0.0,S
22,Chhattisgarh,22.0,374,Bastar,414.0,3365,Tokapal,3365.0,S
27,Maharashtra,27.0,487,Nashik,516.0,4151,Trimbakeshwar,4151.0,S
28,Andhra Pradesh,28.0,517,Prakasam,549.0,5099,Tripuranthakam,5099.0,S
36,Telangana,0.0,514,Nalgonda,539.0,4662,Tripuraram,4662.0,S
19,West Bengal,19.0,308,Cooch Behar,329.0,2185,Tufanganj - I,2185.0,S
19,West Bengal,19.0,308,Cooch Behar,329.0,2186,Tufanganj - II,2186.0,S
9,Uttar Pradesh,9.0,127,Balrampur,182.0,926,Tulsipur,926.0,S
21,Odisha,21.0,352,Dhenkanal,383.0,2993,Tumusingha,2993.0,S
12,Arunachal Pradesh,12.0,240,Upper Siang,252.0,1658,Tuting Adc,1658.0,S
5,Uttarakhand,5.0,49,Dehradun,60.0,301,Tyuni,301.0,S
27,Maharashtra,27.0,481,Latur,524.0,4235,Udgir,4235.0,S
20,Jharkhand,20.0,340,Sahebganj,352.0,2570,Udhwa,2570.0,S
33,Tamil Nadu,33.0,634,Tiruppur,633.0,5906,Udumalaipettai,5906.0,S
6,Haryana,6.0,63,Hisar,80.0,6441,Uklana St,0.0,S
19,West Bengal,19.0,313,Howrah,341.0,2407,Uluberia - I,2407.0,S
21,Odisha,21.0,366,Nabarangpur,397.0,3189,Umarkote,3189.0,S
24,Gujarat,24.0,440,Anand,482.0,3863,Umreth,3863.0,S
23,Madhya Pradesh,23.0,426,Satna,429.0,3465,Unchehara,3465.0,S
28,Andhra Pradesh,28.0,523,West Godavari,546.0,4976,Undi,4976.0,S
28,Andhra Pradesh,28.0,505,East Godavari,545.0,4970,Undrajavaram,4970.0,S
28,Andhra Pradesh,28.0,748,Eluru,0.0,4962,Unguturu,4962.0,S
24,Gujarat,24.0,457,Rajkot,476.0,3809,Upleta,3809.0,S
36,Telangana,0.0,694,Nagarkurnool,0.0,6295,Urkonda,0.0,S
33,Tamil Nadu,33.0,574,Kancheepuram,604.0,5708,Uthiramerur,5708.0,S
24,Gujarat,24.0,461,Vadodara,486.0,6527,Vadodara North,0.0,S
24,Gujarat,24.0,461,Vadodara,486.0,3898,Vadodara Rural,3898.0,S
28,Andhra Pradesh,28.0,502,Ananthapuramu,553.0,5316,Vajrakarur,5316.0,S
28,Andhra Pradesh,28.0,753,Annamayya,0.0,5388,Valmikipuram,5388.0,S
28,Andhra Pradesh,28.0,521,Vizianagaram,543.0,4785,Vangara,4785.0,S
36,Telangana,0.0,694,Nagarkurnool,0.0,4577,Vangoor,4577.0,S
24,Gujarat,24.0,462,Valsad,491.0,6031,Vapi,0.0,S
23,Madhya Pradesh,23.0,393,Barwani,441.0,3562,Varla,3562.0,S
33,Tamil Nadu,33.0,572,Dindigul,612.0,5762,Vedasandur,5762.0,S
28,Andhra Pradesh,28.0,753,Annamayya,0.0,5242,Veeraballe,5242.0,S
28,Andhra Pradesh,28.0,504,Y.S.R.,551.0,5222,Veerapunayunipalle,5222.0,S
28,Andhra Pradesh,28.0,511,Kurnool,552.0,5278,Veldurthy,5278.0,S
36,Telangana,0.0,684,Mancherial,0.0,4330,Vemanpally,4330.0,S
28,Andhra Pradesh,28.0,504,Y.S.R.,551.0,5220,Vemula,5220.0,S
36,Telangana,0.0,683,Rajanna Sircilla,0.0,4430,Vemulawada,4430.0,S
36,Telangana,0.0,683,Rajanna Sircilla,0.0,6218,Vemulawada Rural,0.0,S
28,Andhra Pradesh,28.0,752,Tirupati,0.0,5187,Venkatagiri,5187.0,S
36,Telangana,0.0,720,Mulugu,0.0,4684,Venkatapur,4684.0,S
28,Andhra Pradesh,28.0,515,Sri Potti Sriramulu Nellore,550.0,5168,Vidavalur,5168.0,S
23,Madhya Pradesh,23.0,437,Vidisha,443.0,3579,Vidisha,3579.0,S
28,Andhra Pradesh,28.0,749,Ntr,0.0,5010,Vijayawada Central,5010.0,S
23,Madhya Pradesh,23.0,413,Katni,450.0,3624,Vijayraghavgarh,3624.0,S
36,Telangana,0.0,698,Vikarabad,0.0,4530,Vikarabad,4530.0,S
1,Jammu And Kashmir,1.0,8,Kupwara,1.0,7206,Villgam,0.0,U
33,Tamil Nadu,33.0,596,Viluppuram,607.0,5731,Viluppuram,5731.0,S
24,Gujarat,24.0,457,Rajkot,476.0,6198,Vinchchiya,0.0,S
28,Andhra Pradesh,28.0,751,Palnadu,0.0,5062,Vinukonda,5062.0,S
8,Rajasthan,8.0,782,Kotputli-Behror,,539,Viratnagar,539.0,S
24,Gujarat,24.0,451,Mahesana,471.0,3754,Visnagar,3754.0,S
29,Karnataka,29.0,635,Yadgir,580.0,7095,Wadagera,0.0,S
24,Gujarat,24.0,460,Surendranagar,475.0,3792,Wadhwan,3792.0,S
36,Telangana,0.0,720,Mulugu,0.0,4723,Wajedu,4723.0,S
27,Maharashtra,27.0,500,Yavatmal,510.0,4094,Wani,4094.0,S
27,Maharashtra,27.0,498,Wardha,504.0,4019,Wardha,4019.0,S
36,Telangana,0.0,522,Warangal,540.0,4704,Wardhannapet,4704.0,S
8,Rajasthan,8.0,771,Gangapurcity,,6386,Wazeerpur,0.0,S
36,Telangana,0.0,693,Wanaparthy,0.0,4608,Weepangandla,4608.0,S
14,Manipur,14.0,257,Senapati,272.0,6485,Willong,0.0,S
13,Nagaland,13.0,250,Wokha,264.0,1788,Wozhuro,1788.0,S
36,Telangana,0.0,518,Ranga Reddy,537.0,4548,Yacharam,4548.0,S
29,Karnataka,29.0,538,Kalaburagi,579.0,7089,Yadrami,0.0,S
28,Andhra Pradesh,28.0,744,Anakapalli,0.0,4879,Yelamanchili,4879.0,S
36,Telangana,0.0,513,Medak,535.0,4481,Yeldurthy,4481.0,S
28,Andhra Pradesh,28.0,746,Kakinada,0.0,4893,Yeleswaram,4893.0,S
28,Andhra Pradesh,28.0,502,Ananthapuramu,553.0,5327,Yellanur,5327.0,S
33,Tamil Nadu,33.0,584,Salem,608.0,5741,Yercaud,5741.0,S
28,Andhra Pradesh,28.0,517,Prakasam,549.0,5097,Yerragondapalem,5097.0,S
28,Andhra Pradesh,28.0,745,Alluri Sitharama Raju,0.0,4886,Y. Ramavaram,4886.0,S
11,Sikkim,11.0,228,Gyalshing,242.0,6397,Yuksom,0.0,S
12,Arunachal Pradesh,12.0,238,Tawang,245.0,1556,Zemithang Circle,1556.0,S
17,Meghalaya,17.0,663,South West Garo Hills,0.0,1967,Zikzak,1967.0,S
10,Bihar,10.0,222,Siwan,218.0,1239,Ziradei,1239.0,S
21,Odisha,21.0,355,Jagatsinghapur,380.0,2937,Abhyachandpur,2937.0,S
3,Punjab,3.0,34,Jalandhar,37.0,7192,Adampur,0.0,S
5,Uttarakhand,5.0,47,Chamoli,57.0,6345,Adibadri,0.0,S
36,Telangana,0.0,501,Adilabad,532.0,6221,Adilabad Rural,0.0,S
10,Bihar,10.0,193,Bhojpur,231.0,1432,Agiaon,1432.0,S
27,Maharashtra,27.0,475,Gadchiroli,508.0,4062,Aheri,4062.0,S
28,Andhra Pradesh,28.0,747,Dr. B.R. Ambedkar Konaseema,0.0,4933,Ainavilli,4933.0,S
21,Odisha,21.0,371,Sambalpur,372.0,2790,Ainthapali,2790.0,S
9,Uttar Pradesh,9.0,122,Auraiya,162.0,6877,Ajitmal,0.0,S
8,Rajasthan,8.0,86,Ajmer,119.0,607,Ajmer,607.0,S
27,Maharashtra,27.0,486,Nandurbar,497.0,3950,Akkalkuwa,3950.0,S
10,Bihar,10.0,215,Rohtas,234.0,1472,Akorhi Gola,1472.0,S
27,Maharashtra,27.0,486,Nandurbar,497.0,3951,Akrani,3951.0,S
13,Nagaland,13.0,251,Zunheboto,263.0,1774,Akuhaito,1774.0,S
10,Bihar,10.0,205,Madhepura,213.0,1169,Alamnagar,1169.0,S
36,Telangana,0.0,695,Jogulamba Gadwal,0.0,4612,Alampur,4612.0,S
29,Karnataka,29.0,538,Kalaburagi,579.0,5580,Aland,5580.0,S
33,Tamil Nadu,33.0,733,Tenkasi,0.0,5875,Alangulam,5875.0,S
32,Kerala,32.0,563,Palakkad,593.0,5651,Alathur,5651.0,S
18,Assam,18.0,289,Hailakandi,318.0,2106,Algapur,2106.0,S
19,West Bengal,19.0,664,Alipurduar,0.0,2173,Alipurduar - I,2173.0,S
28,Andhra Pradesh,28.0,755,Nandyal,0.0,5298,Allagadda,5298.0,S
28,Andhra Pradesh,28.0,747,Dr. B.R. Ambedkar Konaseema,0.0,4940,Allavaram,4940.0,S
28,Andhra Pradesh,28.0,515,Sri Potti Sriramulu Nellore,550.0,5167,Allur,5167.0,S
28,Andhra Pradesh,28.0,511,Kurnool,552.0,5274,Alur,5274.0,S
32,Kerala,32.0,555,Ernakulam,595.0,5658,Aluva,5658.0,S
36,Telangana,0.0,700,Medchal Malkajgiri,0.0,6328,Alwal,0.0,S
23,Madhya Pradesh,23.0,420,Panna,426.0,3439,Amanganj,3439.0,S
28,Andhra Pradesh,28.0,754,Sri Sathya Sai,0.0,5351,Amarapuram,5351.0,S
23,Madhya Pradesh,23.0,784,Maihar,,3468,Amarpatan,3468.0,S
16,Tripura,16.0,654,Gomati,0.0,6695,Amarpur,0.0,S
28,Andhra Pradesh,28.0,750,Bapatla,0.0,5086,Amarthalur,5086.0,S
21,Odisha,21.0,347,Bargarh,370.0,2768,Ambabhona,2768.0,S
27,Maharashtra,27.0,479,Jalna,514.0,4129,Ambad,4129.0,S
22,Chhattisgarh,22.0,761,Mohla-Manpur-Ambagarh Chouki,0.0,3310,Ambagarh Chouki,3310.0,S
36,Telangana,0.0,507,Hyderabad,536.0,4497,Ameerpet,4497.0,S
27,Maharashtra,27.0,476,Gondia,507.0,4047,Amgaon,4047.0,S
23,Madhya Pradesh,23.0,394,Betul,447.0,3605,Amla,3605.0,S
10,Bihar,10.0,218,Saran,219.0,1261,Amnour,1261.0,S
3,Punjab,3.0,27,Amritsar,49.0,257,Amritsar- II,257.0,S
9,Uttar Pradesh,9.0,154,Amroha,137.0,730,Amroha,730.0,S
19,West Bengal,19.0,313,Howrah,341.0,2400,Amta - I,2400.0,S
28,Andhra Pradesh,28.0,520,Visakhapatnam,544.0,4863,Anandapuram,4863.0,S
3,Punjab,3.0,42,Rupnagar,51.0,262,Anandpur Sahib,262.0,S
28,Andhra Pradesh,28.0,745,Alluri Sitharama Raju,0.0,4845,Ananthagiri,4845.0,S
21,Odisha,21.0,370,Rayagada,396.0,3178,Andirakanch,3178.0,S
36,Telangana,0.0,691,Sangareddy,0.0,4479,Andole,4479.0,S
20,Jharkhand,20.0,339,Ranchi,364.0,2686,Angara,2686.0,S
24,Gujarat,24.0,442,Bharuch,488.0,3918,Anklesvar,3918.0,S
29,Karnataka,29.0,550,Uttara Kannada,563.0,5484,Ankola,5484.0,S
8,Rajasthan,8.0,92,Bhilwara,122.0,7362,Antali,0.0,S
36,Telangana,0.0,514,Nalgonda,539.0,4660,Anumula,4660.0,S
8,Rajasthan,8.0,86,Ajmer,119.0,6659,Arain,0.0,S
19,West Bengal,19.0,312,Hooghly,338.0,2340,Arambag,2340.0,S
10,Bihar,10.0,213,Purbi Champaran,204.0,1045,Areraj,1045.0,S
10,Bihar,10.0,219,Sheikhpura,228.0,1377,Ariari,1377.0,S
21,Odisha,21.0,354,Ganjam,388.0,3088,Arjyapalli Marine,3088.0,S
1,Jammu And Kashmir,1.0,627,Reasi,20.0,6740,Arnas,0.0,U
10,Bihar,10.0,193,Bhojpur,231.0,1422,Arrah,1422.0,S
8,Rajasthan,8.0,88,Banswara,125.0,6922,Artuna,0.0,S
27,Maharashtra,27.0,498,Wardha,504.0,4017,Arvi,4017.0,S
10,Bihar,10.0,207,Munger,226.0,1361,Asarganj,1361.0,S
27,Maharashtra,27.0,498,Wardha,504.0,4015,Ashti,4015.0,S
8,Rajasthan,8.0,99,Dungarpur,124.0,647,Aspur,647.0,S
10,Bihar,10.0,209,Nalanda,229.0,1385,Asthawan,1385.0,S
21,Odisha,21.0,350,Cuttack,381.0,2950,Athagad,2950.0,S
18,Assam,18.0,285,Dhubri,301.0,7116,Athani,0.0,S
36,Telangana,0.0,686,Hanumakonda,0.0,4694,Athmakur,4694.0,S
23,Madhya Pradesh,23.0,394,Betul,447.0,3599,Athner,3599.0,S
28,Andhra Pradesh,28.0,504,Y.S.R.,551.0,5227,Atlur,5227.0,S
28,Andhra Pradesh,28.0,502,Ananthapuramu,553.0,5322,Atmakur,5322.0,S
36,Telangana,0.0,693,Wanaparthy,0.0,4592,Atmakur,4592.0,S
8,Rajasthan,8.0,89,Baran,128.0,673,Atru,673.0,S
9,Uttar Pradesh,9.0,179,Bhadohi,198.0,999,Aurai,999.0,S
33,Tamil Nadu,33.0,589,Thiruvallur,602.0,6621,Avadi,0.0,S
28,Andhra Pradesh,28.0,510,Krishna,547.0,5037,Avanigadda,5037.0,S
1,Jammu And Kashmir,1.0,11,Pulwama,12.0,49,Awantipora,49.0,U
3,Punjab,3.0,27,Amritsar,49.0,258,Baba Bakala,258.0,S
24,Gujarat,24.0,439,Amreli,480.0,3840,Babra,3840.0,S
27,Maharashtra,27.0,500,Yavatmal,510.0,4080,Babulgaon,4080.0,S
36,Telangana,0.0,700,Medchal Malkajgiri,0.0,6315,Bachupally,0.0,S
23,Madhya Pradesh,23.0,434,Tikamgarh,424.0,6998,Badagaon (Dhasan),0.0,S
8,Rajasthan,8.0,117,Udaipur,130.0,6903,Badgaon,0.0,S
6,Haryana,6.0,701,Charki Dadri,0.0,403,Badhra,403.0,S
9,Uttar Pradesh,9.0,152,Jaunpur,194.0,982,Badlapur,982.0,S
21,Odisha,21.0,357,Jharsuguda,371.0,2777,Badmal,2777.0,S
8,Rajasthan,8.0,774,Beawar,,6066,Badnor,0.0,S
29,Karnataka,29.0,524,Bagalkote,556.0,5447,Bagalkot,5447.0,S
22,Chhattisgarh,22.0,380,Jashpur,402.0,7347,Bagbahar,0.0,S
19,West Bengal,19.0,303,North 24 Parganas,337.0,2316,Bagda,2316.0,S
29,Karnataka,29.0,630,Chikkaballapura,582.0,5598,Bagepalli,5598.0,S
5,Uttarakhand,5.0,46,Bageshwar,63.0,323,Bageshwar,323.0,S
8,Rajasthan,8.0,779,Sanchore,,589,Bagora,589.0,S
5,Uttarakhand,5.0,45,Almora,64.0,6341,Bagwalipokhar,0.0,S
9,Uttar Pradesh,9.0,118,Agra,146.0,770,Bah,770.0,S
6,Haryana,6.0,619,Palwal,89.0,6479,Bahin St,0.0,S
23,Madhya Pradesh,23.0,413,Katni,450.0,3625,Bahoriband,3625.0,S
22,Chhattisgarh,22.0,384,Korea,400.0,3232,Baikunthpur,3232.0,S
29,Karnataka,29.0,527,Belagavi,555.0,5440,Bailahongala,5440.0,S
29,Karnataka,29.0,549,Udupi,569.0,7066,Bainduru,0.0,S
23,Madhya Pradesh,23.0,432,Shivpuri,423.0,6534,Bairad,0.0,S
28,Andhra Pradesh,28.0,503,Chittoor,554.0,5423,Baireddipalle,5423.0,S
23,Madhya Pradesh,23.0,404,Dindori,453.0,6071,Bajag,0.0,S
10,Bihar,10.0,221,Sitamarhi,206.0,1075,Bajpatti,1075.0,S
22,Chhattisgarh,22.0,374,Bastar,414.0,3364,Bakavand,3364.0,S
9,Uttar Pradesh,9.0,162,Lucknow,157.0,820,Bakshi Ka Talab,820.0,S
23,Madhya Pradesh,23.0,392,Balaghat,457.0,3672,Balaghat,3672.0,S
1,Jammu And Kashmir,1.0,10,Poonch,5.0,6778,Balakote,0.0,U
21,Odisha,21.0,345,Balangir,393.0,3142,Balangir,3142.0,S
27,Maharashtra,27.0,467,Akola,501.0,3990,Balapur,3990.0,S
10,Bihar,10.0,191,Begusarai,222.0,1319,Balia,1319.0,S
21,Odisha,21.0,359,Kandhamal,390.0,3119,Baliguda,3119.0,S
12,Arunachal Pradesh,12.0,237,Papum Pare,248.0,1592,Balijan Adc,1592.0,S
6,Haryana,6.0,67,Karnal,74.0,6452,Ballah St,0.0,S
9,Uttar Pradesh,9.0,126,Ballia,193.0,978,Ballia,978.0,S
22,Chhattisgarh,22.0,644,Balodabazar-Bhatapara,0.0,3326,Balodabazar,3326.0,S
21,Odisha,21.0,363,Koraput,398.0,3205,Bandhugaon,3205.0,S
28,Andhra Pradesh,28.0,755,Nandyal,0.0,5283,Bandi Atmakur,5283.0,S
8,Rajasthan,8.0,97,Dausa,109.0,7210,Bandikui,0.0,S
9,Uttar Pradesh,9.0,186,Unnao,156.0,6160,Bangarmau,0.0,S
21,Odisha,21.0,345,Balangir,393.0,3150,Bangomunda,3150.0,S
1,Jammu And Kashmir,1.0,7,Kathua,7.0,29,Bani,29.0,U
19,West Bengal,19.0,305,Bankura,339.0,2362,Bankura - II,2362.0,S
21,Odisha,21.0,348,Bhadrak,378.0,2920,Bansada,2920.0,S
9,Uttar Pradesh,9.0,120,Prayagraj,175.0,891,Bara,891.0,S
21,Odisha,21.0,373,Sundargarh,374.0,2812,Baragaon,2812.0,S
1,Jammu And Kashmir,1.0,3,Baramulla,8.0,35,Baramulla,35.0,U
8,Rajasthan,8.0,117,Udaipur,130.0,7361,Barapal,0.0,S
21,Odisha,21.0,347,Bargarh,370.0,2763,Barapali,2763.0,S
6,Haryana,6.0,58,Ambala,70.0,360,Barara,360.0,S
10,Bihar,10.0,201,Katihar,212.0,1153,Barari,1153.0,S
10,Bihar,10.0,191,Begusarai,222.0,1312,Barauni,1312.0,S
24,Gujarat,24.0,459,Surat,492.0,3940,Bardoli,3940.0,S
21,Odisha,21.0,347,Bargarh,370.0,2765,Bargarh,2765.0,S
23,Madhya Pradesh,23.0,428,Seoni,456.0,3665,Barghat,3665.0,S
33,Tamil Nadu,33.0,577,Krishnagiri,631.0,6613,Bargur,0.0,S
10,Bihar,10.0,194,Buxar,232.0,1437,Barhampur,1437.0,S
10,Bihar,10.0,193,Bhojpur,231.0,1423,Barhara,1423.0,S
10,Bihar,10.0,198,Jamui,238.0,1528,Barhat,1528.0,S
1,Jammu And Kashmir,1.0,624,Samba,22.0,6720,Bari Brahamana,0.0,U
21,Odisha,21.0,356,Jajapur,382.0,2985,Bari - Ramachandrapur,2985.0,S
8,Rajasthan,8.0,95,Chittorgarh,126.0,664,Bari Sadri,664.0,S
20,Jharkhand,20.0,335,Latehar,359.0,2641,Bariyatu,2641.0,S
21,Odisha,21.0,351,Deogarh,373.0,2801,Barkot,2801.0,S
8,Rajasthan,8.0,90,Barmer,115.0,582,Barmer,582.0,S
5,Uttarakhand,5.0,57,Uttar Kashi,56.0,6405,Barnigad,0.0,S
19,West Bengal,19.0,303,North 24 Parganas,337.0,2323,Barrackpur - I,2323.0,S
10,Bihar,10.0,201,Katihar,212.0,1147,Barsoi,1147.0,S
23,Madhya Pradesh,23.0,393,Barwani,441.0,3554,Barwani,3554.0,S
10,Bihar,10.0,223,Supaul,208.0,1102,Basantpur,1102.0,S
36,Telangana,0.0,680,Nirmal,0.0,6205,Basar,0.0,S
29,Karnataka,29.0,529,Bidar,558.0,5454,Basavakalyan,5454.0,S
22,Chhattisgarh,22.0,385,Mahasamund,411.0,3339,Basna,3339.0,S
21,Odisha,21.0,346,Baleshwar,377.0,2895,Basta,2895.0,S
9,Uttar Pradesh,9.0,131,Basti,185.0,939,Basti,939.0,S
8,Rajasthan,8.0,90,Barmer,115.0,7363,Batadu,0.0,S
22,Chhattisgarh,22.0,389,Surguja,401.0,3253,Batouli,3253.0,S
6,Haryana,6.0,72,Rewari,85.0,415,Bawal,415.0,S
6,Haryana,6.0,59,Bhiwani,81.0,397,Bawani Khera,397.0,S
36,Telangana,0.0,501,Adilabad,532.0,4323,Bazarhatnoor,4323.0,S
24,Gujarat,24.0,451,Mahesana,471.0,3758,Becharaji,3758.0,S
8,Rajasthan,8.0,95,Chittorgarh,126.0,657,Begun,657.0,S
36,Telangana,0.0,699,Kumuram Bheem Asifabad,0.0,4317,Bejjur,4317.0,S
21,Odisha,21.0,359,Kandhamal,390.0,3122,Belaghar,3122.0,S
16,Tripura,16.0,271,South Tripura,290.0,6687,Belonia,0.0,S
21,Odisha,21.0,345,Balangir,393.0,3147,Belpara,3147.0,S
28,Andhra Pradesh,28.0,502,Ananthapuramu,553.0,5318,Beluguppa,5318.0,S
29,Karnataka,29.0,539,Hassan,574.0,5554,Belur,5554.0,S
21,Odisha,21.0,346,Baleshwar,377.0,2904,Berhampur,2904.0,S
10,Bihar,10.0,211,Pashchim Champaran,203.0,1028,Bettiah,1028.0,S
8,Rajasthan,8.0,97,Dausa,109.0,7373,Bhaandarej,0.0,S
29,Karnataka,29.0,547,Shivamogga,568.0,5521,Bhadravati,5521.0,S
2,Himachal Pradesh,2.0,22,Mandi,27.0,130,Bhadrota,130.0,S
19,West Bengal,19.0,317,Purba Medinipur,345.0,2480,Bhagawanpur - I,2480.0,S
19,West Bengal,19.0,317,Purba Medinipur,345.0,2479,Bhagawanpur - II,2479.0,S
5,Uttarakhand,5.0,50,Haridwar,68.0,6022,Bhagwanpur,0.0,S
10,Bihar,10.0,200,Kaimur (Bhabua),233.0,1455,Bhagwanpur,1455.0,S
23,Madhya Pradesh,23.0,414,Khargone (West Nimar),440.0,3552,Bhagwanpura,3552.0,S
20,Jharkhand,20.0,328,Garhwa,346.0,2513,Bhandaria,2513.0,S
21,Odisha,21.0,348,Bhadrak,378.0,2912,Bhandari Pokhari,2912.0,S
19,West Bengal,19.0,304,South 24 Parganas,343.0,2419,Bhangar - II,2419.0,S
8,Rajasthan,8.0,96,Churu,102.0,7209,Bhanipura,0.0,S
5,Uttarakhand,5.0,45,Almora,64.0,333,Bhanoli,333.0,S
24,Gujarat,24.0,674,Devbhumi Dwarka,0.0,3820,Bhanvad,3820.0,S
2,Himachal Pradesh,2.0,26,Una,29.0,147,Bharwain,147.0,S
29,Karnataka,29.0,550,Uttara Kannada,563.0,5488,Bhatkal,5488.0,S
28,Andhra Pradesh,28.0,750,Bapatla,0.0,5089,Bhattiprolu,5089.0,S
10,Bihar,10.0,214,Purnia,211.0,1130,Bhawanipur,1130.0,S
20,Jharkhand,20.0,328,Garhwa,346.0,2496,Bhawnathpur,2496.0,S
3,Punjab,3.0,609,Tarn Taran,50.0,6853,Bhikhiwind,0.0,S
24,Gujarat,24.0,672,Arvalli,0.0,3764,Bhiloda,3764.0,S
8,Rajasthan,8.0,92,Bhilwara,122.0,634,Bhilwara,634.0,S
22,Chhattisgarh,22.0,650,Bemetara,0.0,7299,Bhimbhauri,0.0,S
8,Rajasthan,8.0,104,Jalore,116.0,588,Bhinmal,588.0,S
27,Maharashtra,27.0,484,Nagpur,505.0,4036,Bhiwapur,4036.0,S
1,Jammu And Kashmir,1.0,627,Reasi,20.0,6744,Bhomag,0.0,U
36,Telangana,0.0,512,Mahabubnagar,538.0,4574,Bhoothpur,4574.0,S
22,Chhattisgarh,22.0,636,Bijapur,417.0,3376,Bhopalpattnam,3376.0,S
22,Chhattisgarh,22.0,762,Sakti,0.0,7400,Bhothiya,0.0,S
21,Odisha,21.0,352,Dhenkanal,383.0,2990,Bhuban,2990.0,S
27,Maharashtra,27.0,488,Dharashiv,525.0,4237,Bhum,4237.0,S
21,Odisha,21.0,352,Dhenkanal,383.0,2995,Bhusan Steel Limited,2995.0,S
8,Rajasthan,8.0,99,Dungarpur,124.0,6058,Bichiwara,0.0,S
29,Karnataka,29.0,529,Bidar,558.0,5457,Bidar,5457.0,S
10,Bihar,10.0,224,Vaishali,220.0,1280,Bidupur,1280.0,S
9,Uttar Pradesh,9.0,186,Unnao,156.0,818,Bighapur,818.0,S
21,Odisha,21.0,347,Bargarh,370.0,2762,Bijepur,2762.0,S
36,Telangana,0.0,694,Nagarkurnool,0.0,4584,Bijinapally,4584.0,S
8,Rajasthan,8.0,93,Bikaner,101.0,473,Bikaner,473.0,S
22,Chhattisgarh,22.0,763,Sarangarh-Bilaigarh,0.0,3329,Bilaigarh,3329.0,S
9,Uttar Pradesh,9.0,171,Moradabad,135.0,720,Bilari,720.0,S
18,Assam,18.0,285,Dhubri,301.0,6018,Bilasipara Pt,2009.0,S
2,Himachal Pradesh,2.0,15,Bilaspur,30.0,156,Bilaspur Sadar,156.0,S
12,Arunachal Pradesh,12.0,232,East Siang,251.0,1652,Bilat Circle,1652.0,S
29,Karnataka,29.0,524,Bagalkote,556.0,5444,Bilgi,5444.0,S
15,Mizoram,15.0,263,Kolasib,282.0,1900,Bilkhawthlir,1900.0,S
9,Uttar Pradesh,9.0,133,Budaun,149.0,780,Bilsi,780.0,S
19,West Bengal,19.0,703,Jhargram,0.0,2441,Binpur - II,2441.0,S
20,Jharkhand,20.0,329,Giridih,349.0,2540,Birni,2540.0,S
10,Bihar,10.0,191,Begusarai,222.0,1313,Birpur,1313.0,S
9,Uttar Pradesh,9.0,133,Budaun,149.0,779,Bisauli,779.0,S
21,Odisha,21.0,370,Rayagada,396.0,3175,Bishamakatak,3175.0,S
21,Odisha,21.0,365,Mayurbhanj,376.0,2864,Bisoi,2864.0,S
21,Odisha,21.0,358,Kalahandi,395.0,3163,Biswanathpur,3163.0,S
28,Andhra Pradesh,28.0,504,Y.S.R.,551.0,5209,B.Kodur,5209.0,S
1,Jammu And Kashmir,1.0,2,Budgam,2.0,6815,Bk Pora,0.0,U
22,Chhattisgarh,22.0,382,Kabeerdham,407.0,3299,Bodla,3299.0,S
36,Telangana,0.0,683,Rajanna Sircilla,0.0,4429,Boinpalli,4429.0,S
18,Assam,18.0,288,Golaghat,313.0,2082,Bokakhat,2082.0,S
19,West Bengal,19.0,307,Birbhum,334.0,2264,Bolpur Sriniketan,2264.0,S
6,Haryana,6.0,701,Charki Dadri,0.0,6433,Bondkalan St,0.0,S
1,Jammu And Kashmir,1.0,620,Kishtwar,18.0,6770,Bounjwah,0.0,U
21,Odisha,21.0,359,Kandhamal,390.0,3124,Brahmanigaon,3124.0,S
28,Andhra Pradesh,28.0,752,Tirupati,0.0,5380,Buchinaidu Kandriga,5380.0,S
19,West Bengal,19.0,304,South 24 Parganas,343.0,2414,Budge Budge - II,2414.0,S
36,Telangana,0.0,681,Jagitial,0.0,6213,Buggaram,0.0,S
28,Andhra Pradesh,28.0,754,Sri Sathya Sai,0.0,5345,Bukkapatnam,5345.0,S
19,West Bengal,19.0,321,Purulia,340.0,2397,Bundwan,2397.0,S
19,West Bengal,19.0,306,Purba Bardhaman,335.0,2289,Burdwan - I,2289.0,S
23,Madhya Pradesh,23.0,397,Burhanpur,467.0,3719,Burhanpur,3719.0,S
28,Andhra Pradesh,28.0,519,Srikakulam,542.0,4794,Burja,4794.0,S
10,Bihar,10.0,194,Buxar,232.0,1441,Buxar,1441.0,S
30,Goa,30.0,552,South Goa,586.0,5619,Canacona,5619.0,S
23,Madhya Pradesh,23.0,406,Guna,458.0,3683,Chachaura,3683.0,S
28,Andhra Pradesh,28.0,755,Nandyal,0.0,5303,Chagalamarri,5303.0,S
12,Arunachal Pradesh,12.0,628,Anjaw,260.0,1739,Chaglagam Circle,1739.0,S
10,Bihar,10.0,194,Buxar,232.0,1436,Chakki,1436.0,S
28,Andhra Pradesh,28.0,510,Krishna,547.0,5035,Challapalli,5035.0,S
7,Delhi,7.0,79,New Delhi,94.0,443,Chanakya Puri,443.0,U
10,Bihar,10.0,190,Banka,225.0,1353,Chanan,1353.0,S
10,Bihar,10.0,204,Lakhisarai,227.0,1369,Chanan*,1369.0,S
23,Madhya Pradesh,23.0,399,Chhindwara,455.0,6996,Chand,0.0,S
10,Bihar,10.0,200,Kaimur (Bhabua),233.0,1451,Chand,1451.0,S
21,Odisha,21.0,348,Bhadrak,378.0,2919,Chandabali,2919.0,S
9,Uttar Pradesh,9.0,135,Chandauli,196.0,993,Chandauli,993.0,S
14,Manipur,14.0,253,Chandel,280.0,1894,Chandel,1894.0,S
23,Madhya Pradesh,23.0,391,Ashoknagar,459.0,3685,Chanderi,3685.0,S
27,Maharashtra,27.0,480,Kolhapur,530.0,4294,Chandgad,4294.0,S
19,West Bengal,19.0,318,Paschim Medinipur,344.0,2446,Chandrakona - I,2446.0,S
19,West Bengal,19.0,318,Paschim Medinipur,344.0,2447,Chandrakona - II,2447.0,S
36,Telangana,0.0,683,Rajanna Sircilla,0.0,4419,Chandurthi,4419.0,S
29,Karnataka,29.0,631,Ramanagara,584.0,5607,Channapatna,5607.0,S
1,Jammu And Kashmir,1.0,13,Srinagar,10.0,6802,Channapora,0.0,U
1,Jammu And Kashmir,1.0,627,Reasi,20.0,6738,Chassana,0.0,U
5,Uttarakhand,5.0,45,Almora,64.0,326,Chaukhutiya,326.0,S
20,Jharkhand,20.0,332,Hazaribagh,360.0,2644,Chauparan,2644.0,S
10,Bihar,10.0,194,Buxar,232.0,1442,Chausa,1442.0,S
15,Mizoram,15.0,264,Lawngtlai,287.0,1916,Chawngte,1916.0,S
36,Telangana,0.0,513,Medak,535.0,4466,Chegunta,4466.0,S
28,Andhra Pradesh,28.0,515,Sri Potti Sriramulu Nellore,550.0,5172,Chejerla,5172.0,S
10,Bihar,10.0,215,Rohtas,234.0,1468,Chenari,1468.0,S
28,Andhra Pradesh,28.0,504,Y.S.R.,551.0,5226,Chennur,5226.0,S
28,Andhra Pradesh,28.0,750,Bapatla,0.0,5090,Cherukupalli,5090.0,S
31,Lakshadweep,31.0,553,Lakshadweep District,587.0,5622,Chetlat,5622.0,U
33,Tamil Nadu,33.0,593,Tiruvannamalai,606.0,6617,Chetpet,0.0,S
10,Bihar,10.0,219,Sheikhpura,228.0,1376,Chewara,1376.0,S
33,Tamil Nadu,33.0,593,Tiruvannamalai,606.0,5722,Cheyyar,5722.0,S
8,Rajasthan,8.0,89,Baran,128.0,676,Chhabra,676.0,S
9,Uttar Pradesh,9.0,167,Mathura,145.0,761,Chhata,761.0,S
10,Bihar,10.0,223,Supaul,208.0,1103,Chhatapur,1103.0,S
22,Chhattisgarh,22.0,637,Narayanpur,415.0,7318,Chhotedongar,0.0,S
22,Chhattisgarh,22.0,388,Rajnandgaon,408.0,3306,Chhuriya,3306.0,S
33,Tamil Nadu,33.0,570,Cuddalore,617.0,5791,Chidambaram,5791.0,S
24,Gujarat,24.0,453,Navsari,490.0,3925,Chikhli,3925.0,S
28,Andhra Pradesh,28.0,754,Sri Sathya Sai,0.0,5366,Chilamathur,5366.0,S
28,Andhra Pradesh,28.0,752,Tirupati,0.0,5190,Chillakur,5190.0,S
20,Jharkhand,20.0,328,Garhwa,346.0,2507,Chinia,2507.0,S
36,Telangana,0.0,512,Mahabubnagar,538.0,4587,Chinnachintakunta,4587.0,S
1,Jammu And Kashmir,1.0,4,Doda,16.0,6758,Chiralla,0.0,U
29,Karnataka,29.0,533,Chitradurga,566.0,5505,Chitradurga,5505.0,S
36,Telangana,0.0,687,Jayashankar Bhupalapally,0.0,4681,Chityal,4681.0,S
36,Telangana,0.0,696,Suryapet,0.0,4639,Chivemla,4639.0,S
19,West Bengal,19.0,311,Uttar Dinajpur,330.0,2191,Chopra,2191.0,S
24,Gujarat,24.0,460,Surendranagar,475.0,3794,Chotila,3794.0,S
36,Telangana,0.0,697,Yadadri Bhuvanagiri,0.0,4631,Choutuppal,4631.0,S
36,Telangana,0.0,698,Vikarabad,0.0,7186,Chowdapur,0.0,S
36,Telangana,0.0,691,Sangareddy,0.0,7188,Chowtakur,0.0,S
13,Nagaland,13.0,246,Mokokchung,262.0,1762,Chuchuyimlang,1762.0,S
13,Nagaland,13.0,758,Chumoukedima,0.0,1797,Chumukedima,1797.0,S
9,Uttar Pradesh,9.0,170,Mirzapur,199.0,1003,Chunar,1003.0,S
11,Sikkim,11.0,226,Mangan,241.0,1547,Chungthang,1547.0,S
14,Manipur,14.0,254,Churachandpur,274.0,1871,Churachandpur,1871.0,S
7,Delhi,7.0,77,Central,95.0,433,Civil Lines,433.0,U
19,West Bengal,19.0,317,Purba Medinipur,345.0,2488,Contai - I,2488.0,S
19,West Bengal,19.0,308,Cooch Behar,329.0,2183,Cooch Behar - I,2183.0,S
21,Odisha,21.0,350,Cuttack,381.0,2962,Cuttack Sadar,2962.0,S
21,Odisha,21.0,366,Nabarangpur,397.0,3192,Dabugan,3192.0,S
1,Jammu And Kashmir,1.0,620,Kishtwar,18.0,6765,Dachhan,0.0,U
2,Himachal Pradesh,2.0,16,Chamba,23.0,87,Dalhousie,87.0,S
8,Rajasthan,8.0,629,Pratapgarh,131.0,7151,Dalot,0.0,S
36,Telangana,0.0,684,Mancherial,0.0,4348,Dandepally,4348.0,S
1,Jammu And Kashmir,1.0,3,Baramulla,8.0,6824,Danghiwacha,0.0,U
27,Maharashtra,27.0,492,Ratnagiri,528.0,4267,Dapoli,4267.0,S
20,Jharkhand,20.0,332,Hazaribagh,360.0,2649,Daru,2649.0,S
21,Odisha,21.0,367,Nayagarh,385.0,3023,Dasapalla,3023.0,S
22,Chhattisgarh,22.0,646,Balod,0.0,3322,Daundi,3322.0,S
12,Arunachal Pradesh,12.0,236,Lower Subansiri,255.0,6842,Deed Circle,0.0,S
20,Jharkhand,20.0,324,Deoghar,350.0,2545,Deoghar,2545.0,S
27,Maharashtra,27.0,476,Gondia,507.0,4051,Deori,4051.0,S
20,Jharkhand,20.0,329,Giridih,349.0,2534,Deori,2534.0,S
9,Uttar Pradesh,9.0,156,Kanpur Dehat,163.0,844,Derapur,844.0,S
29,Karnataka,29.0,546,Raichur,559.0,5460,Devadurga,5460.0,S
28,Andhra Pradesh,28.0,511,Kurnool,552.0,5276,Devanakonda,5276.0,S
36,Telangana,0.0,512,Mahabubnagar,538.0,4573,Devarakadra,4573.0,S
36,Telangana,0.0,514,Nalgonda,539.0,4653,Devarakonda,4653.0,S
28,Andhra Pradesh,28.0,745,Alluri Sitharama Raju,0.0,4885,Devipatnam,4885.0,S
1,Jammu And Kashmir,1.0,622,Kulgam,15.0,60,Devsar,60.0,U
23,Madhya Pradesh,23.0,402,Dewas,437.0,7031,Dewas Nagar,0.0,S
18,Assam,18.0,295,Lakhimpur,307.0,2053,Dhakuakhana (Pt-I),2053.0,S
2,Himachal Pradesh,2.0,23,Shimla,33.0,6964,Dhami,0.0,S
9,Uttar Pradesh,9.0,132,Bijnor,134.0,715,Dhampur,715.0,S
9,Uttar Pradesh,9.0,154,Amroha,137.0,729,Dhanaura,729.0,S
24,Gujarat,24.0,438,Ahmedabad,474.0,3787,Dhandhuka,3787.0,S
24,Gujarat,24.0,445,Dahod,485.0,3896,Dhanpur,3896.0,S
13,Nagaland,13.0,758,Chumoukedima,0.0,1798,Dhansiripar,1798.0,S
23,Madhya Pradesh,23.0,403,Dhar,438.0,3534,Dhar,3534.0,S
21,Odisha,21.0,358,Kalahandi,395.0,3168,Dharamgarh,3168.0,S
23,Madhya Pradesh,23.0,403,Dhar,438.0,3539,Dharampuri,3539.0,S
27,Maharashtra,27.0,488,Dharashiv,525.0,4240,Dharashiv,4240.0,S
36,Telangana,0.0,681,Jagitial,0.0,4397,Dharmapuri,4397.0,S
36,Telangana,0.0,682,Peddapalli,0.0,4411,Dharmaram,4411.0,S
36,Telangana,0.0,686,Hanumakonda,0.0,4677,Dharmasagar,4677.0,S
2,Himachal Pradesh,2.0,22,Mandi,27.0,127,Dharmpur,127.0,S
2,Himachal Pradesh,2.0,18,Kangra,24.0,99,Dharmsala,99.0,S
2,Himachal Pradesh,2.0,16,Chamba,23.0,6944,Dharwala,0.0,S
5,Uttarakhand,5.0,45,Almora,64.0,6338,Dhaulchhina,0.0,S
5,Uttarakhand,5.0,57,Uttar Kashi,56.0,6365,Dhauntari,0.0,S
36,Telangana,0.0,692,Siddipet,0.0,7189,Dhoolmitta,0.0,S
27,Maharashtra,27.0,474,Dhule,498.0,3959,Dhule,3959.0,S
18,Assam,18.0,286,Dibrugarh,310.0,2064,Dibrugarh East,2064.0,S
18,Assam,18.0,286,Dibrugarh,310.0,2063,Dibrugarh West,2063.0,S
23,Madhya Pradesh,23.0,434,Tikamgarh,424.0,7394,Dighora,0.0,S
33,Tamil Nadu,33.0,572,Dindigul,612.0,5980,Dindiguleast,0.0,S
33,Tamil Nadu,33.0,572,Dindigul,612.0,5979,Dindigulwest,0.0,S
1,Jammu And Kashmir,1.0,7,Kathua,7.0,6726,Dinga Amb,0.0,U
19,West Bengal,19.0,308,Cooch Behar,329.0,2187,Dinhata - I,2187.0,S
12,Arunachal Pradesh,12.0,723,Pakke Kessang,0.0,6099,Dissing Passo Circle,0.0,S
12,Arunachal Pradesh,12.0,229,Changlang,253.0,1682,Diyun Eac,1682.0,S
10,Bihar,10.0,196,Gaya,236.0,1504,Dobhi,1504.0,S
1,Jammu And Kashmir,1.0,4,Doda,16.0,62,Doda,62.0,U
9,Uttar Pradesh,9.0,182,Siddharthnagar,184.0,936,Domariyaganj,936.0,S
19,West Bengal,19.0,313,Howrah,341.0,2402,Domjur,2402.0,S
1,Jammu And Kashmir,1.0,1,Anantnag,14.0,58,Dooru,58.0,U
28,Andhra Pradesh,28.0,755,Nandyal,0.0,5299,Dornipadu,5299.0,S
36,Telangana,0.0,692,Siddipet,0.0,4465,Doultabad,4465.0,S
1,Jammu And Kashmir,1.0,620,Kishtwar,18.0,6769,Drabshalla,0.0,U
23,Madhya Pradesh,23.0,410,Indore,439.0,3544,Dr. Ambedkar Nagar (Mhow),3544.0,S
37,Ladakh,0.0,6,Kargil,4.0,6191,Drass,0.0,U
23,Madhya Pradesh,23.0,638,Singrauli,463.0,7419,Dudhamania,0.0,S
12,Arunachal Pradesh,12.0,238,Tawang,245.0,6550,Dudunghar Circle,0.0,S
5,Uttarakhand,5.0,46,Bageshwar,63.0,6331,Dugnakuri,0.0,S
2,Himachal Pradesh,2.0,26,Una,29.0,6891,Dulahar,0.0,S
10,Bihar,10.0,212,Patna,230.0,1406,Dulhin Bazar,1406.0,S
20,Jharkhand,20.0,607,Ramgarh,361.0,2663,Dulmi,2663.0,S
10,Bihar,10.0,196,Gaya,236.0,1502,Dumaria,1502.0,S
12,Arunachal Pradesh,12.0,241,Upper Subansiri,249.0,1617,Dumporijo Adc,1617.0,S
20,Jharkhand,20.0,331,Gumla,366.0,2714,Dumri,2714.0,S
8,Rajasthan,8.0,95,Chittorgarh,126.0,661,Dungla,661.0,S
28,Andhra Pradesh,28.0,515,Sri Potti Sriramulu Nellore,550.0,5162,Duttalur,5162.0,S
7,Delhi,7.0,84,South West,97.0,6086,Dwarka,0.0,U
11,Sikkim,11.0,226,Mangan,241.0,6402,Dzongu,0.0,S
28,Andhra Pradesh,28.0,751,Palnadu,0.0,5071,Edlapadu,5071.0,S
10,Bihar,10.0,218,Saran,219.0,1254,Ekma,1254.0,S
36,Telangana,0.0,509,Khammam,541.0,4753,Enkoor,4753.0,S
27,Maharashtra,27.0,478,Jalgaon,499.0,3967,Erandol,3967.0,S
12,Arunachal Pradesh,12.0,230,Dibang Valley,257.0,1719,Etalin,1719.0,S
28,Andhra Pradesh,28.0,519,Srikakulam,542.0,4806,Etcherla,4806.0,S
33,Tamil Nadu,33.0,594,Thoothukkudi,627.0,5863,Ettayapuram,5863.0,S
9,Uttar Pradesh,9.0,140,Ayodhya,177.0,905,Faizabad,905.0,S
19,West Bengal,19.0,304,South 24 Parganas,343.0,2425,Falta,2425.0,S
19,West Bengal,19.0,319,Murshidabad,333.0,2223,Farakka,2223.0,S
22,Chhattisgarh,22.0,380,Jashpur,402.0,3261,Farsabahar,3261.0,S
9,Uttar Pradesh,9.0,118,Agra,146.0,769,Fatehabad,769.0,S
9,Uttar Pradesh,9.0,143,Firozabad,147.0,772,Firozabad,772.0,S
10,Bihar,10.0,188,Araria,209.0,1113,Forbesganj,1113.0,S
2,Himachal Pradesh,2.0,26,Una,29.0,6893,Gagret,0.0,S
19,West Bengal,19.0,303,North 24 Parganas,337.0,2318,Gaighata,2318.0,S
28,Andhra Pradesh,28.0,753,Annamayya,0.0,5235,Galiveedu,5235.0,S
8,Rajasthan,8.0,99,Dungarpur,124.0,6060,Galiyakot,0.0,S
19,West Bengal,19.0,306,Purba Bardhaman,335.0,2287,Galsi - I,2287.0,S
36,Telangana,0.0,683,Rajanna Sircilla,0.0,4433,Gambhiraopet,4433.0,S
10,Bihar,10.0,205,Madhepura,213.0,1158,Gamharia,1158.0,S
5,Uttarakhand,5.0,53,Pithoragarh,62.0,6336,Ganai Gangoli,0.0,S
28,Andhra Pradesh,28.0,523,West Godavari,546.0,4974,Ganapavaram,4974.0,S
19,West Bengal,19.0,305,Bankura,339.0,2358,Gangajalghati,2358.0,S
36,Telangana,0.0,688,Mahabubabad,0.0,6253,Gangaram,0.0,S
28,Andhra Pradesh,28.0,503,Chittoor,554.0,5417,Gangavaram,5417.0,S
8,Rajasthan,8.0,105,Jhalawar,129.0,684,Gangdhar,684.0,S
19,West Bengal,19.0,318,Paschim Medinipur,344.0,2444,Garbeta - I,2444.0,S
19,West Bengal,19.0,318,Paschim Medinipur,344.0,2443,Garbeta - II,2443.0,S
23,Madhya Pradesh,23.0,425,Sagar,427.0,3450,Garhakota,3450.0,S
8,Rajasthan,8.0,112,Rajsamand,123.0,6392,Garhbor,0.0,S
3,Punjab,3.0,33,Hoshiarpur,38.0,217,Garhshankar,217.0,S
22,Chhattisgarh,22.0,645,Gariyaband,0.0,3335,Gariyaband,3335.0,S
36,Telangana,0.0,688,Mahabubabad,0.0,4743,Garla,4743.0,S
27,Maharashtra,27.0,470,Beed,523.0,4218,Georai,4218.0,S
12,Arunachal Pradesh,12.0,718,Kamle,0.0,6559,Gepen Circle,,S
20,Jharkhand,20.0,331,Gumla,366.0,2707,Ghaghra,2707.0,S
10,Bihar,10.0,205,Madhepura,213.0,1160,Ghailarh,1160.0,S
28,Andhra Pradesh,28.0,510,Krishna,547.0,5033,Ghantasala,5033.0,S
22,Chhattisgarh,22.0,386,Raigarh,403.0,3265,Gharghoda,3265.0,S
8,Rajasthan,8.0,776,Anupgarh,,463,Gharsana,463.0,S
21,Odisha,21.0,361,Kendujhar,375.0,2853,Ghasipura,2853.0,S
21,Odisha,21.0,361,Kendujhar,375.0,2850,Ghatgaon,2850.0,S
23,Madhya Pradesh,23.0,435,Ujjain,435.0,3511,Ghatiya,3511.0,S
10,Bihar,10.0,219,Sheikhpura,228.0,1375,Ghat Kusumbha,1375.0,S
9,Uttar Pradesh,9.0,146,Ghazipur,195.0,989,Ghazipur,989.0,S
9,Uttar Pradesh,9.0,166,Mainpuri,148.0,6873,Ghiror,0.0,S
23,Madhya Pradesh,23.0,394,Betul,447.0,3602,Ghoda Dongri,3602.0,S
9,Uttar Pradesh,9.0,168,Mau,192.0,971,Ghosi,971.0,S
10,Bihar,10.0,212,Patna,230.0,1419,Ghoswari,1419.0,S
8,Rajasthan,8.0,775,Balotra,,6907,Gida,0.0,S
20,Jharkhand,20.0,323,Chatra,347.0,2522,Gidhaur,2522.0,S
20,Jharkhand,20.0,329,Giridih,349.0,2539,Giridih,2539.0,S
21,Odisha,21.0,350,Cuttack,381.0,2965,Gobindpur,2965.0,S
20,Jharkhand,20.0,325,Dhanbad,354.0,2583,Gobindpur,2583.0,S
20,Jharkhand,20.0,330,Godda,351.0,2561,Godda,2561.0,S
18,Assam,18.0,284,Dhemaji,308.0,2058,Gogamukh,2058.0,S
23,Madhya Pradesh,23.0,414,Khargone (West Nimar),440.0,3551,Gogaon,3551.0,S
10,Bihar,10.0,202,Khagaria,223.0,1327,Gogri,1327.0,S
23,Madhya Pradesh,23.0,395,Bhind,420.0,3395,Gohad,3395.0,S
18,Assam,18.0,705,Biswanath,0.0,2047,Gohpur,2047.0,S
18,Assam,18.0,288,Golaghat,313.0,2085,Golaghat,2085.0,S
28,Andhra Pradesh,28.0,502,Ananthapuramu,553.0,5310,Gooty,5310.0,S
19,West Bengal,19.0,703,Jhargram,0.0,2456,Gopiballavpur - II,2456.0,S
23,Madhya Pradesh,23.0,411,Jabalpur,451.0,7011,Gorakhpur,0.0,S
18,Assam,18.0,756,Tamulpur,0.0,2141,Goreswar (Pt),2141.0,S
19,West Bengal,19.0,702,Kalimpong,0.0,2158,Gorubathan,2158.0,S
21,Odisha,21.0,365,Mayurbhanj,376.0,2862,Gorumahisani,2862.0,S
21,Odisha,21.0,371,Sambalpur,372.0,2780,Govindpur,2780.0,S
33,Tamil Nadu,33.0,587,The Nilgiris,611.0,5755,Gudalur,5755.0,S
8,Rajasthan,8.0,106,Jhunjhunu,103.0,7144,Gudhagorji,0.0,S
28,Andhra Pradesh,28.0,510,Krishna,547.0,5029,Gudlavalleru,5029.0,S
28,Andhra Pradesh,28.0,511,Kurnool,552.0,5257,Gudur,5257.0,S
28,Andhra Pradesh,28.0,752,Tirupati,0.0,5184,Gudur,5184.0,S
27,Maharashtra,27.0,492,Ratnagiri,528.0,4270,Guhagar,4270.0,S
36,Telangana,0.0,691,Sangareddy,0.0,6277,Gummadidala,0.0,S
28,Andhra Pradesh,28.0,502,Ananthapuramu,553.0,5309,Guntakal,5309.0,S
28,Andhra Pradesh,28.0,506,Guntur,548.0,5074,Guntur West,5074.0,S
10,Bihar,10.0,196,Gaya,236.0,1497,Guraru,1497.0,S
23,Madhya Pradesh,23.0,407,Gwalior,421.0,7395,Gwalior Gramin,0.0,S
19,West Bengal,19.0,303,North 24 Parganas,337.0,2321,Habra - II,2321.0,S
29,Karnataka,29.0,738,Vijayanagar,0.0,5496,Hadagalli,5496.0,S
29,Karnataka,29.0,738,Vijayanagar,0.0,5497,Hagaribommanahalli,5497.0,S
18,Assam,18.0,289,Hailakandi,318.0,2107,Hailakandi,2107.0,S
36,Telangana,0.0,684,Mancherial,0.0,6227,Hajipur,0.0,S
28,Andhra Pradesh,28.0,511,Kurnool,552.0,5273,Halaharvi,5273.0,S
5,Uttarakhand,5.0,51,Nainital,66.0,342,Haldwani,342.0,S
24,Gujarat,24.0,454,Panch Mahals,484.0,3888,Halol,3888.0,S
10,Bihar,10.0,204,Lakhisarai,227.0,1371,Halsi,1371.0,S
24,Gujarat,24.0,673,Morbi,0.0,3788,Halvad,3788.0,S
19,West Bengal,19.0,320,Nadia,336.0,2310,Hanskhali,2310.0,S
24,Gujarat,24.0,442,Bharuch,488.0,3919,Hansot,3919.0,S
9,Uttar Pradesh,9.0,661,Hapur,0.0,740,Hapur,740.0,S
21,Odisha,21.0,349,Boudh,391.0,3132,Harbhanga,3132.0,S
20,Jharkhand,20.0,338,Palamu,358.0,2618,Hariharganj,2618.0,S
2,Himachal Pradesh,2.0,18,Kangra,24.0,6920,Haripur,0.0,S
19,West Bengal,19.0,316,Malda,332.0,2208,Harischandrapur - I,2208.0,S
18,Assam,18.0,617,Udalguri,326.0,2151,Harisinga,2151.0,S
19,West Bengal,19.0,303,North 24 Parganas,337.0,2331,Haroa,2331.0,S
33,Tamil Nadu,33.0,571,Dharmapuri,630.0,5886,Harur,5886.0,S
9,Uttar Pradesh,9.0,186,Unnao,156.0,815,Hasanganj,815.0,S
10,Bihar,10.0,222,Siwan,218.0,1245,Hasanpura,1245.0,S
19,West Bengal,19.0,303,North 24 Parganas,337.0,2336,Hasnabad,2336.0,S
23,Madhya Pradesh,23.0,410,Indore,439.0,3541,Hatod,3541.0,S
27,Maharashtra,27.0,490,Pune,521.0,4193,Haveli,4193.0,S
29,Karnataka,29.0,545,Mysuru,577.0,5573,Heggadadevankote,5573.0,S
19,West Bengal,19.0,311,Uttar Dinajpur,330.0,2197,Hemtabad,2197.0,S
14,Manipur,14.0,254,Churachandpur,274.0,6502,Henglep,0.0,S
24,Gujarat,24.0,458,Sabar Kantha,472.0,3766,Himatnagar,3766.0,S
27,Maharashtra,27.0,477,Hingoli,512.0,4112,Hingoli,4112.0,S
21,Odisha,21.0,371,Sambalpur,372.0,2787,Hirakud,2787.0,S
19,West Bengal,19.0,305,Bankura,339.0,2374,Hirbandh,2374.0,S
29,Karnataka,29.0,533,Chitradurga,566.0,5506,Holalkere,5506.0,S
29,Karnataka,29.0,550,Uttara Kannada,563.0,5487,Honavar,5487.0,S
29,Karnataka,29.0,526,Bengaluru Rural,583.0,5604,Hosakote,5604.0,S
29,Karnataka,29.0,533,Chitradurga,566.0,5507,Hosdurga,5507.0,S
33,Tamil Nadu,33.0,577,Krishnagiri,631.0,5890,Hosur,5890.0,S
29,Karnataka,29.0,536,Dharwad,562.0,5475,Hubballi,5475.0,S
29,Karnataka,29.0,635,Yadgir,580.0,7096,Hunasagi,0.0,S
29,Karnataka,29.0,524,Bagalkote,556.0,5448,Hungund,5448.0,S
36,Telangana,0.0,692,Siddipet,0.0,4444,Husnabad,4444.0,S
36,Telangana,0.0,508,Karimnagar,534.0,4446,Huzurabad,4446.0,S
36,Telangana,0.0,518,Ranga Reddy,537.0,4546,Ibrahimpatnam,4546.0,S
29,Karnataka,29.0,530,Vijayapura,557.0,5450,Indi,5450.0,S
8,Rajasthan,8.0,94,Bundi,121.0,624,Indragarh,624.0,S
6,Haryana,6.0,604,Nuh,87.0,7172,Indri,0.0,S
28,Andhra Pradesh,28.0,750,Bapatla,0.0,5110,Inkollu,5110.0,S
32,Kerala,32.0,557,Kannur,589.0,5937,Iritty,0.0,S
10,Bihar,10.0,209,Nalanda,229.0,1392,Islampur,1392.0,S
14,Manipur,14.0,712,Kangpokpi,0.0,6487,Island,0.0,S
10,Bihar,10.0,194,Buxar,232.0,1444,Itarhi,1444.0,S
36,Telangana,0.0,695,Jogulamba Gadwal,0.0,4607,Itikyala,4607.0,S
9,Uttar Pradesh,9.0,182,Siddharthnagar,184.0,935,Itwa,935.0,S
21,Odisha,21.0,354,Ganjam,388.0,3073,Jagannath Prasad,3073.0,S
22,Chhattisgarh,22.0,642,Sukma,0.0,7356,Jagargunda,0.0,S
36,Telangana,0.0,692,Siddipet,0.0,4484,Jagdevpur,4484.0,S
10,Bihar,10.0,193,Bhojpur,231.0,1428,Jagdishpur,1428.0,S
3,Punjab,3.0,36,Ludhiana,41.0,230,Jagraon,230.0,S
2,Himachal Pradesh,2.0,17,Hamirpur,28.0,7413,Jahu,0.0,S
10,Bihar,10.0,206,Madhubani,207.0,1083,Jainagar,1083.0,S
8,Rajasthan,8.0,102,Jaipur,110.0,546,Jaipur,546.0,S
5,Uttarakhand,5.0,52,Pauri Garhwal,61.0,6373,Jakhanikhal,0.0,S
36,Telangana,0.0,516,Nizamabad,533.0,4366,Jakranpally,4366.0,S
20,Jharkhand,20.0,342,Simdega,367.0,2725,Jaldega,2725.0,S
9,Uttar Pradesh,9.0,138,Etah,201.0,1009,Jalesar,1009.0,S
21,Odisha,21.0,346,Baleshwar,377.0,2890,Jaleswar,2890.0,S
27,Maharashtra,27.0,478,Jalgaon,499.0,3966,Jalgaon,3966.0,S
27,Maharashtra,27.0,481,Latur,524.0,4229,Jalkot,4229.0,S
19,West Bengal,19.0,314,Jalpaiguri,328.0,2178,Jalpaiguri,2178.0,S
8,Rajasthan,8.0,783,Jaipur (Gramin),,7379,Jalsu,0.0,S
20,Jharkhand,20.0,326,Dumka,362.0,2674,Jama,2674.0,S
28,Andhra Pradesh,28.0,521,Vizianagaram,543.0,4835,Jami,4835.0,S
24,Gujarat,24.0,447,Jamnagar,477.0,3814,Jamnagar Rural,3814.0,S
16,Tripura,16.0,653,Sepahijala,0.0,6677,Jampuijala,0.0,S
9,Uttar Pradesh,9.0,181,Shrawasti,181.0,6164,Jamunaha,0.0,S
33,Tamil Nadu,33.0,593,Tiruvannamalai,606.0,6631,Jamunamarathoor,0.0,S
19,West Bengal,19.0,704,Paschim Bardhaman,0.0,2270,Jamuria,2270.0,S
10,Bihar,10.0,224,Vaishali,220.0,1276,Jandaha,1276.0,S
19,West Bengal,19.0,312,Hooghly,338.0,2353,Jangipara,2353.0,S
36,Telangana,0.0,689,Jangoan,0.0,4699,Jangoan,4699.0,S
24,Gujarat,24.0,457,Rajkot,476.0,3806,Jasdan,3806.0,S
22,Chhattisgarh,22.0,380,Jashpur,402.0,3257,Jashpur,3257.0,S
27,Maharashtra,27.0,493,Sangli,531.0,4304,Jat,4304.0,S
23,Madhya Pradesh,23.0,424,Rewa,430.0,3472,Jawa,3472.0,S
2,Himachal Pradesh,2.0,18,Kangra,24.0,104,Jawalamukhi,104.0,S
2,Himachal Pradesh,2.0,18,Kangra,24.0,96,Jawali,96.0,S
19,West Bengal,19.0,304,South 24 Parganas,343.0,2431,Jaynagar - I,2431.0,S
24,Gujarat,24.0,457,Rajkot,476.0,3811,Jetpur,3811.0,S
24,Gujarat,24.0,668,Chhotaudepur,0.0,3900,Jetpur Pavi,3900.0,S
9,Uttar Pradesh,9.0,144,Gautam Buddha Nagar,141.0,744,Jewar,744.0,S
10,Bihar,10.0,198,Jamui,238.0,1530,Jhajha,1530.0,S
8,Rajasthan,8.0,777,Salumbar,,7229,Jhallara,0.0,S
19,West Bengal,19.0,703,Jhargram,0.0,2454,Jhargram,2454.0,S
21,Odisha,21.0,366,Nabarangpur,397.0,3191,Jharigan,3191.0,S
5,Uttarakhand,5.0,47,Chamoli,57.0,6346,Jilasu,0.0,S
8,Rajasthan,8.0,783,Jaipur (Gramin),,7141,Jobner,0.0,S
24,Gujarat,24.0,447,Jamnagar,477.0,3815,Jodiya,3815.0,S
10,Bihar,10.0,188,Araria,209.0,1120,Jokihat,1120.0,S
11,Sikkim,11.0,226,Mangan,241.0,6401,Kabi,0.0,S
29,Karnataka,29.0,534,Dakshina Kannada,575.0,7104,Kadaba,0.0,S
33,Tamil Nadu,33.0,584,Salem,608.0,6619,Kadayampatti,0.0,S
36,Telangana,0.0,680,Nirmal,0.0,4335,Kaddam Peddur,4335.0,S
24,Gujarat,24.0,451,Mahesana,471.0,3759,Kadi,3759.0,S
6,Haryana,6.0,62,Gurugram,86.0,6422,Kadipur St,0.0,S
5,Uttarakhand,5.0,46,Bageshwar,63.0,6332,Kafligair,0.0,S
1,Jammu And Kashmir,1.0,4,Doda,16.0,6756,Kahara,0.0,U
27,Maharashtra,27.0,470,Beed,523.0,4222,Kaij,4222.0,S
1,Jammu And Kashmir,1.0,11,Pulwama,12.0,6793,Kakapora,0.0,U
12,Arunachal Pradesh,12.0,237,Papum Pare,248.0,6601,Kakoi Circle,0.0,S
29,Karnataka,29.0,532,Chikkamagaluru,570.0,7194,Kalasa,0.0,S
28,Andhra Pradesh,28.0,504,Y.S.R.,551.0,5207,Kalasapadu,5207.0,S
6,Haryana,6.0,66,Kaithal,73.0,6446,Kalayat,0.0,S
29,Karnataka,29.0,536,Dharwad,562.0,5476,Kalghatgi,5476.0,S
36,Telangana,0.0,691,Sangareddy,0.0,4453,Kalher,4453.0,S
18,Assam,18.0,297,Nagaon,305.0,2031,Kaliabor,2031.0,S
28,Andhra Pradesh,28.0,748,Eluru,0.0,5017,Kalidindi,5017.0,S
19,West Bengal,19.0,320,Nadia,336.0,2303,Kaliganj,2303.0,S
28,Andhra Pradesh,28.0,523,West Godavari,546.0,4985,Kalla,4985.0,S
33,Tamil Nadu,33.0,729,Kallakurichi,0.0,5734,Kallakkurichi,5734.0,S
33,Tamil Nadu,33.0,578,Madurai,623.0,6615,Kalligudi,0.0,S
28,Andhra Pradesh,28.0,511,Kurnool,552.0,5258,Kallur,5258.0,S
19,West Bengal,19.0,306,Purba Bardhaman,335.0,2294,Kalna - II,2294.0,S
24,Gujarat,24.0,446,Gandhinagar,473.0,3773,Kalol Gandhinagar,3773.0,S
36,Telangana,0.0,695,Jogulamba Gadwal,0.0,6297,Kaloor Thimmandoddi,0.0,S
31,Lakshadweep,31.0,553,Lakshadweep District,587.0,5628,Kalpeni,5628.0,U
33,Tamil Nadu,33.0,729,Kallakurichi,0.0,7055,Kalvarayan Hills,0.0,S
8,Rajasthan,8.0,775,Balotra,,7130,Kalyanpur,0.0,S
12,Arunachal Pradesh,12.0,243,West Siang,250.0,6585,Kamba Adc,0.0,S
36,Telangana,0.0,509,Khammam,541.0,4745,Kamepalli,4745.0,S
14,Manipur,14.0,712,Kangpokpi,0.0,6495,Kangchup Geljang,0.0,S
36,Telangana,0.0,691,Sangareddy,0.0,4450,Kangti,4450.0,S
22,Chhattisgarh,22.0,381,Uttar Bastar Kanker,413.0,3351,Kanker,3351.0,S
27,Maharashtra,27.0,469,Chhatrapati Sambhajinagar,515.0,4133,Kannad,4133.0,S
32,Kerala,32.0,557,Kannur,589.0,5633,Kannur,5633.0,S
21,Odisha,21.0,350,Cuttack,381.0,2945,Kanpur,2945.0,S
9,Uttar Pradesh,9.0,171,Moradabad,135.0,718,Kanth,718.0,S
10,Bihar,10.0,208,Muzaffarpur,216.0,1204,Kanti,1204.0,S
24,Gujarat,24.0,450,Kheda,483.0,3869,Kapadvanj,3869.0,S
24,Gujarat,24.0,462,Valsad,491.0,3930,Kaprada,3930.0,S
9,Uttar Pradesh,9.0,160,Kushinagar,189.0,6879,Kaptanganj,0.0,S
10,Bihar,10.0,209,Nalanda,229.0,1378,Karai Parsurai,1378.0,S
27,Maharashtra,27.0,498,Wardha,504.0,4016,Karanja,4016.0,S
21,Odisha,21.0,365,Mayurbhanj,376.0,2870,Karanjia,2870.0,S
9,Uttar Pradesh,9.0,120,Prayagraj,175.0,892,Karchhana,892.0,S
23,Madhya Pradesh,23.0,418,Narsimhapur,452.0,3637,Kareli,3637.0,S
20,Jharkhand,20.0,325,Dhanbad,354.0,6202,Kariasol,0.0,S
33,Tamil Nadu,33.0,571,Dharmapuri,630.0,6622,Karimangalam,0.0,S
36,Telangana,0.0,508,Karimnagar,534.0,6231,Karimnagar,0.0,S
24,Gujarat,24.0,461,Vadodara,486.0,3907,Karjan,3907.0,S
20,Jharkhand,20.0,333,Jamtara,363.0,2677,Karma Tanr Vidyasagar*,2677.0,S
20,Jharkhand,20.0,606,Khunti,365.0,2700,Karra,2700.0,S
28,Andhra Pradesh,28.0,503,Chittoor,554.0,5408,Karvetinagar,5408.0,S
9,Uttar Pradesh,9.0,146,Ghazipur,195.0,6834,Kasimabad,0.0,S
21,Odisha,21.0,353,Gajapati,389.0,3104,Kasinagar,3104.0,S
14,Manipur,14.0,717,Kamjong,0.0,1891,Kasom Khullen,1891.0,S
22,Chhattisgarh,22.0,376,Dakshin Bastar Dantewada,416.0,3371,Katekalyan,3371.0,S
24,Gujarat,24.0,450,Kheda,483.0,3872,Kathlal,3872.0,S
1,Jammu And Kashmir,1.0,7,Kathua,7.0,30,Kathua,30.0,U
10,Bihar,10.0,197,Gopalganj,217.0,1215,Katiya,1215.0,S
23,Madhya Pradesh,23.0,413,Katni,450.0,7028,Katni Nagar,0.0,S
2,Himachal Pradesh,2.0,22,Mandi,27.0,6945,Katoula,0.0,S
23,Madhya Pradesh,23.0,639,Alirajpur,465.0,6980,Katthiwara,0.0,S
28,Andhra Pradesh,28.0,519,Srikakulam,542.0,4779,Kaviti,4779.0,S
22,Chhattisgarh,22.0,382,Kabeerdham,407.0,3298,Kawardha,3298.0,S
12,Arunachal Pradesh,12.0,679,Siang,0.0,1627,Kaying Eac,1627.0,S
1,Jammu And Kashmir,1.0,625,Shopian,13.0,6092,Keegam,0.0,U
36,Telangana,0.0,700,Medchal Malkajgiri,0.0,4522,Keesara,4522.0,S
21,Odisha,21.0,358,Kalahandi,395.0,3165,Kegaon,3165.0,S
14,Manipur,14.0,255,Imphal East,278.0,1886,Keirao Bitra,1886.0,S
8,Rajasthan,8.0,781,Kekri,,614,Kekri,614.0,S
27,Maharashtra,27.0,500,Yavatmal,510.0,4090,Kelapur,4090.0,S
20,Jharkhand,20.0,332,Hazaribagh,360.0,2656,Keredari,2656.0,S
36,Telangana,0.0,518,Ranga Reddy,537.0,4561,Keshampet,4561.0,S
20,Jharkhand,20.0,328,Garhwa,346.0,2497,Ketar*,2497.0,S
22,Chhattisgarh,22.0,760,Manendragarh-Chirmiri-Bharatpur(M C B),0.0,3235,Khadganva,3235.0,S
23,Madhya Pradesh,23.0,397,Burhanpur,467.0,3720,Khaknar,3720.0,S
9,Uttar Pradesh,9.0,178,Sant Kabir Nagar,186.0,942,Khalilabad,942.0,S
3,Punjab,3.0,30,Fatehgarh Sahib,40.0,223,Khamanon,223.0,S
21,Odisha,21.0,344,Anugul,384.0,3001,Khamar,3001.0,S
24,Gujarat,24.0,674,Devbhumi Dwarka,0.0,3813,Khambhalia,3813.0,S
27,Maharashtra,27.0,472,Buldhana,500.0,3981,Khamgaon,3981.0,S
19,West Bengal,19.0,312,Hooghly,338.0,2354,Khanakul - I,2354.0,S
27,Maharashtra,27.0,494,Satara,527.0,4257,Khandala,4257.0,S
8,Rajasthan,8.0,113,Sawai Madhopur,108.0,532,Khandar,532.0,S
8,Rajasthan,8.0,105,Jhalawar,129.0,678,Khanpur,678.0,S
10,Bihar,10.0,217,Samastipur,221.0,1287,Khanpur,1287.0,S
1,Jammu And Kashmir,1.0,2,Budgam,2.0,6,Khansahib,6.0,U
23,Madhya Pradesh,23.0,434,Tikamgarh,424.0,3422,Khargapur,3422.0,S
21,Odisha,21.0,368,Nuapada,394.0,3156,Khariar,3156.0,S
20,Jharkhand,20.0,341,Saraikela Kharsawan,369.0,2747,Kharsawan,2747.0,S
21,Odisha,21.0,366,Nabarangpur,397.0,3198,Khatiguda,3198.0,S
27,Maharashtra,27.0,492,Ratnagiri,528.0,4268,Khed,4268.0,S
24,Gujarat,24.0,453,Navsari,490.0,6195,Khergam,0.0,S
13,Nagaland,13.0,248,Phek,266.0,1811,Khezhakeno,1811.0,S
36,Telangana,0.0,522,Warangal,540.0,6246,Khila Warangal,0.0,S
23,Madhya Pradesh,23.0,422,Rajgarh,442.0,3564,Khilchipur,3564.0,S
23,Madhya Pradesh,23.0,408,Harda,448.0,3606,Khirkiya,3606.0,S
10,Bihar,10.0,196,Gaya,236.0,1490,Khizirsarai,1490.0,S
1,Jammu And Kashmir,1.0,5,Jammu,21.0,6714,Khour,0.0,U
23,Madhya Pradesh,23.0,410,Indore,439.0,7015,Khudel,0.0,S
2,Himachal Pradesh,2.0,18,Kangra,24.0,107,Khundian,107.0,S
12,Arunachal Pradesh,12.0,628,Anjaw,260.0,1741,Kibithoo Circle,1741.0,S
33,Tamil Nadu,33.0,575,Kanniyakumari,629.0,6673,Killiyoor,0.0,S
33,Tamil Nadu,33.0,593,Tiruvannamalai,606.0,6630,Kilpennathur,0.0,S
28,Andhra Pradesh,28.0,746,Kakinada,0.0,4899,Kirlampudi,4899.0,S
23,Madhya Pradesh,23.0,392,Balaghat,457.0,3673,Kirnapur,3673.0,S
8,Rajasthan,8.0,770,Khairthal-Tijara,,497,Kishangarh Bas,497.0,S
9,Uttar Pradesh,9.0,166,Mainpuri,148.0,6872,Kishni,0.0,S
21,Odisha,21.0,344,Anugul,384.0,3016,Kishorenagar,3016.0,S
10,Bihar,10.0,203,Kishanganj,210.0,1126,Kochadhamin,1126.0,S
21,Odisha,21.0,371,Sambalpur,372.0,2782,Kochinda,2782.0,S
36,Telangana,0.0,696,Suryapet,0.0,4668,Kodad,4668.0,S
21,Odisha,21.0,354,Ganjam,388.0,3082,Kodala,3082.0,S
28,Andhra Pradesh,28.0,515,Sri Potti Sriramulu Nellore,550.0,5169,Kodavalur,5169.0,S
36,Telangana,0.0,681,Jagitial,0.0,4420,Kodimial,4420.0,S
1,Jammu And Kashmir,1.0,1,Anantnag,14.0,57,Kokernag,57.0,U
23,Madhya Pradesh,23.0,432,Shivpuri,423.0,3411,Kolaras,3411.0,S
28,Andhra Pradesh,28.0,743,Parvathipuram Manyam,0.0,4807,Komarada,4807.0,S
28,Andhra Pradesh,28.0,517,Prakasam,549.0,5119,Konakanamitla,5119.0,S
9,Uttar Pradesh,9.0,151,Jalaun,165.0,855,Konch,855.0,S
36,Telangana,0.0,691,Sangareddy,0.0,4491,Kondapur,4491.0,S
21,Odisha,21.0,363,Koraput,398.0,3208,Koraput Town,3208.0,S
29,Karnataka,29.0,548,Tumakuru,571.0,5536,Koratagere,5536.0,S
27,Maharashtra,27.0,475,Gadchiroli,508.0,4055,Korchi,4055.0,S
28,Andhra Pradesh,28.0,505,East Godavari,545.0,4905,Korukonda,4905.0,S
21,Odisha,21.0,366,Nabarangpur,397.0,3195,Kosagumuda,3195.0,S
28,Andhra Pradesh,28.0,752,Tirupati,0.0,5191,Kota,5191.0,S
22,Chhattisgarh,22.0,375,Bilaspur,406.0,3291,Kota,3291.0,S
33,Tamil Nadu,33.0,587,The Nilgiris,611.0,5757,Kotagiri,5757.0,S
24,Gujarat,24.0,457,Rajkot,476.0,3805,Kotda Sangani,3805.0,S
5,Uttarakhand,5.0,52,Pauri Garhwal,61.0,313,Kotdwara,313.0,S
1,Jammu And Kashmir,1.0,12,Rajouri,6.0,6851,Koteranka,0.0,U
2,Himachal Pradesh,2.0,23,Shimla,33.0,6956,Kotgarh,0.0,S
28,Andhra Pradesh,28.0,754,Sri Sathya Sai,0.0,5346,Kothacheruvu,5346.0,S
36,Telangana,0.0,693,Wanaparthy,0.0,4593,Kothakota,4593.0,S
36,Telangana,0.0,508,Karimnagar,534.0,6230,Kothapally,0.0,S
28,Andhra Pradesh,28.0,519,Srikakulam,542.0,4772,Kothuru,4772.0,S
21,Odisha,21.0,363,Koraput,398.0,3219,Kotiya,3219.0,S
2,Himachal Pradesh,2.0,23,Shimla,33.0,189,Kotkhai,189.0,S
8,Rajasthan,8.0,783,Jaipur (Gramin),,6028,Kotkhawda,0.0,S
29,Karnataka,29.0,738,Vijayanagar,0.0,7108,Kotturu,0.0,S
36,Telangana,0.0,699,Kumuram Bheem Asifabad,0.0,4316,Koutala,4316.0,S
33,Tamil Nadu,33.0,594,Thoothukkudi,627.0,5862,Kovilpatti,5862.0,S
28,Andhra Pradesh,28.0,505,East Godavari,545.0,4958,Kovvur,4958.0,S
21,Odisha,21.0,356,Jajapur,382.0,2981,Kuakhia,2981.0,S
13,Nagaland,13.0,246,Mokokchung,262.0,1763,Kubolong,1763.0,S
33,Tamil Nadu,33.0,590,Thiruvarur,619.0,5804,Kudavasal,5804.0,S
8,Rajasthan,8.0,778,Jodhpur (Gramin),,7219,Kudi Bhagtasni,0.0,S
27,Maharashtra,27.0,484,Nagpur,505.0,4035,Kuhi,4035.0,S
21,Odisha,21.0,355,Jagatsinghapur,380.0,2936,Kujang,2936.0,S
36,Telangana,0.0,700,Medchal Malkajgiri,0.0,6327,Kukatpally,0.0,S
22,Chhattisgarh,22.0,382,Kabeerdham,407.0,7351,Kukdur,0.0,S
28,Andhra Pradesh,28.0,748,Eluru,0.0,4735,Kukunoor,4735.0,S
6,Haryana,6.0,61,Fatehabad,78.0,6439,Kulan St,0.0,S
36,Telangana,0.0,698,Vikarabad,0.0,4539,Kulkacharla,4539.0,S
19,West Bengal,19.0,664,Alipurduar,0.0,2172,Kumargram,2172.0,S
10,Bihar,10.0,205,Madhepura,213.0,1163,Kumarkhand,1163.0,S
8,Rajasthan,8.0,767,Deeg,,510,Kumher,510.0,S
9,Uttar Pradesh,9.0,174,Pratapgarh,173.0,881,Kunda,881.0,S
20,Jharkhand,20.0,323,Chatra,347.0,2516,Kunda,2516.0,S
29,Karnataka,29.0,549,Udupi,569.0,5522,Kundapura,5522.0,S
21,Odisha,21.0,351,Deogarh,373.0,2802,Kundheigola,2802.0,S
20,Jharkhand,20.0,333,Jamtara,363.0,2681,Kundhit,2681.0,S
24,Gujarat,24.0,439,Amreli,480.0,3839,Kunkavav Vadia,3839.0,S
33,Tamil Nadu,33.0,581,Perambalur,615.0,5976,Kunnam,0.0,S
28,Andhra Pradesh,28.0,753,Annamayya,0.0,5389,Kurabalakota,5389.0,S
23,Madhya Pradesh,23.0,428,Seoni,456.0,3666,Kurai,3666.0,S
10,Bihar,10.0,195,Darbhanga,215.0,1197,Kusheshwar Asthan,1197.0,S
29,Karnataka,29.0,543,Koppal,560.0,5465,Kushtagi,5465.0,S
23,Madhya Pradesh,23.0,433,Sidhi,462.0,3702,Kusmi,3702.0,S
22,Chhattisgarh,22.0,649,Balrampur-Ramanujganj,0.0,3240,Kusmi(Samri),3240.0,S
10,Bihar,10.0,189,Aurangabad,235.0,1484,Kutumba,1484.0,S
10,Bihar,10.0,206,Madhubani,207.0,1084,Ladania,1084.0,S
2,Himachal Pradesh,2.0,22,Mandi,27.0,125,Lad Bharol,125.0,S
8,Rajasthan,8.0,768,Didwana-Kuchaman,,557,Ladnu,557.0,S
6,Haryana,6.0,68,Kurukshetra,72.0,6410,Ladwa,0.0,S
21,Odisha,21.0,373,Sundargarh,374.0,2827,Lahunipara,2827.0,S
12,Arunachal Pradesh,12.0,239,Tirap,254.0,1694,Laju Sdo,1694.0,S
27,Maharashtra,27.0,471,Bhandara,506.0,4043,Lakhandur,4043.0,S
18,Assam,18.0,282,Cachar,316.0,2100,Lakhipur,2100.0,S
10,Bihar,10.0,204,Lakhisarai,227.0,1368,Lakhisarai,1368.0,S
10,Bihar,10.0,222,Siwan,218.0,1233,Lakri Nabiganj,1233.0,S
5,Uttarakhand,5.0,50,Haridwar,68.0,6351,Laldhang,0.0,S
5,Uttarakhand,5.0,51,Nainital,66.0,345,Lalkuan,345.0,S
22,Chhattisgarh,22.0,647,Mungeli,0.0,7258,Lalpur Thana,0.0,S
9,Uttar Pradesh,9.0,185,Sultanpur,179.0,917,Lambhua,917.0,S
27,Maharashtra,27.0,492,Ratnagiri,528.0,4273,Lanja,4273.0,S
5,Uttarakhand,5.0,52,Pauri Garhwal,61.0,310,Lansdowne,310.0,S
20,Jharkhand,20.0,339,Ranchi,364.0,2697,Lapung,2697.0,S
1,Jammu And Kashmir,1.0,626,Ganderbal,11.0,45,Lar,45.0,U
1,Jammu And Kashmir,1.0,1,Anantnag,14.0,6820,Larnoo,0.0,U
23,Madhya Pradesh,23.0,437,Vidisha,443.0,3570,Lateri,3570.0,S
12,Arunachal Pradesh,12.0,678,Namsai,0.0,1733,Lathao Circle,1733.0,S
21,Odisha,21.0,373,Sundargarh,374.0,2823,Lathikata,2823.0,S
22,Chhattisgarh,22.0,648,Surajpur,0.0,7236,Latori,0.0,S
27,Maharashtra,27.0,481,Latur,524.0,4226,Latur,4226.0,S
10,Bihar,10.0,206,Madhubani,207.0,1086,Laukahi,1086.0,S
19,West Bengal,19.0,702,Kalimpong,0.0,2157,Lava,2157.0,S
8,Rajasthan,8.0,97,Dausa,109.0,6909,Lawan,0.0,S
28,Andhra Pradesh,28.0,504,Y.S.R.,551.0,5218,Lingala,5218.0,S
28,Andhra Pradesh,28.0,748,Eluru,0.0,4945,Lingapalem,4945.0,S
14,Manipur,14.0,260,Ukhrul,279.0,6482,LM,0.0,S
13,Nagaland,13.0,615,Longleng,268.0,1833,Longleng,1833.0,S
14,Manipur,14.0,714,Noney,0.0,6491,Longmai,0.0,S
13,Nagaland,13.0,614,Kiphire,269.0,1840,Longmatra,1840.0,S
9,Uttar Pradesh,9.0,145,Ghaziabad,140.0,6089,Loni,0.0,S
3,Punjab,3.0,36,Ludhiana,41.0,227,Ludhiana (East),227.0,S
12,Arunachal Pradesh,12.0,238,Tawang,245.0,1557,Lumla Adc,1557.0,S
14,Manipur,14.0,716,Tengnoupal,0.0,1892,Machi,1892.0,S
23,Madhya Pradesh,23.0,638,Singrauli,463.0,6987,Mada,0.0,S
33,Tamil Nadu,33.0,634,Tiruppur,633.0,5907,Madathukulam,5907.0,S
28,Andhra Pradesh,28.0,511,Kurnool,552.0,5292,Maddikera (East),5292.0,S
28,Andhra Pradesh,28.0,517,Prakasam,549.0,5127,Maddipadu,5127.0,S
36,Telangana,0.0,696,Suryapet,0.0,6300,Maddirala,0.0,S
36,Telangana,0.0,721,Narayanpet,0.0,4554,Maddur,4554.0,S
36,Telangana,0.0,692,Siddipet,0.0,4673,Maddur,4673.0,S
10,Bihar,10.0,206,Madhubani,207.0,1100,Madhepur,1100.0,S
36,Telangana,0.0,509,Khammam,541.0,4766,Madhira,4766.0,S
10,Bihar,10.0,206,Madhubani,207.0,1080,Madhwapur,1080.0,S
28,Andhra Pradesh,28.0,744,Anakapalli,0.0,4857,Madugula,4857.0,S
36,Telangana,0.0,514,Nalgonda,539.0,6305,Madugulapally,0.0,S
33,Tamil Nadu,33.0,578,Madurai,623.0,5836,Madurai North,5836.0,S
23,Madhya Pradesh,23.0,433,Sidhi,462.0,7410,Madwas,0.0,S
36,Telangana,0.0,721,Narayanpet,0.0,4590,Maganoor,4590.0,S
9,Uttar Pradesh,9.0,167,Mathura,145.0,763,Mahavan,763.0,S
23,Madhya Pradesh,23.0,435,Ujjain,435.0,3510,Mahidpur,3510.0,S
9,Uttar Pradesh,9.0,183,Sitapur,154.0,807,Mahmudabad,807.0,S
9,Uttar Pradesh,9.0,183,Sitapur,154.0,6880,Maholi,0.0,S
24,Gujarat,24.0,459,Surat,492.0,3941,Mahuva,3941.0,S
10,Bihar,10.0,211,Pashchim Champaran,203.0,1016,Mainatanr,1016.0,S
22,Chhattisgarh,22.0,645,Gariyaband,0.0,3337,Mainpur,3337.0,S
23,Madhya Pradesh,23.0,433,Sidhi,462.0,3701,Majhauli,3701.0,S
20,Jharkhand,20.0,343,West Singhbhum,368.0,2745,Majhgaon,2745.0,S
10,Bihar,10.0,221,Sitamarhi,206.0,1065,Majorganj,1065.0,S
28,Andhra Pradesh,28.0,744,Anakapalli,0.0,4875,Makavarapalem,4875.0,S
23,Madhya Pradesh,23.0,409,Narmadapuram,449.0,3616,Makhan Nagar,3616.0,S
8,Rajasthan,8.0,768,Didwana-Kuchaman,,565,Makrana,565.0,S
27,Maharashtra,27.0,499,Washim,502.0,3995,Malegaon,3995.0,S
3,Punjab,3.0,737,Malerkotla,0.0,269,Malerkotla,269.0,S
23,Madhya Pradesh,23.0,410,Indore,439.0,7014,Malharganj,0.0,S
36,Telangana,0.0,687,Jayashankar Bhupalapally,0.0,4405,Malharrao,4405.0,S
9,Uttar Pradesh,9.0,162,Lucknow,157.0,819,Malihabad,819.0,S
36,Telangana,0.0,700,Medchal Malkajgiri,0.0,4521,Malkajgiri,4521.0,S
21,Odisha,21.0,364,Malkangiri,399.0,3220,Malkangiri,3220.0,S
22,Chhattisgarh,22.0,762,Sakti,0.0,3285,Malkharoda,3285.0,S
36,Telangana,0.0,681,Jagitial,0.0,4413,Mallial,4413.0,S
29,Karnataka,29.0,542,Kolar,581.0,5592,Malur,5592.0,S
33,Tamil Nadu,33.0,568,Chennai,603.0,7165,Mambalam,0.0,S
28,Andhra Pradesh,28.0,747,Dr. B.R. Ambedkar Konaseema,0.0,4936,Mamidikuduru,4936.0,S
2,Himachal Pradesh,2.0,25,Solan,31.0,6967,Mamlig,0.0,S
20,Jharkhand,20.0,338,Palamu,358.0,2628,Manatu,2628.0,S
23,Madhya Pradesh,23.0,403,Dhar,438.0,3538,Manawar,3538.0,S
5,Uttarakhand,5.0,48,Champawat,65.0,6348,Manch,0.0,S
8,Rajasthan,8.0,92,Bhilwara,122.0,637,Mandalgarh,637.0,S
27,Maharashtra,27.0,492,Ratnagiri,528.0,4266,Mandangad,4266.0,S
1,Jammu And Kashmir,1.0,10,Poonch,5.0,17,Mandi,17.0,U
22,Chhattisgarh,22.0,387,Raipur,410.0,7308,Mandir Hasoud,0.0,S
23,Madhya Pradesh,23.0,415,Mandla,454.0,3643,Mandla,3643.0,S
20,Jharkhand,20.0,607,Ramgarh,361.0,2661,Mandu,2661.0,S
22,Chhattisgarh,22.0,760,Manendragarh-Chirmiri-Bharatpur(M C B),0.0,3234,Manendragarh,3234.0,S
11,Sikkim,11.0,742,Soreng,0.0,7178,Mangalbarey,0.0,S
27,Maharashtra,27.0,496,Solapur,526.0,4252,Mangalvedhe,4252.0,S
27,Maharashtra,27.0,499,Washim,502.0,3996,Mangrulpir,3996.0,S
10,Bihar,10.0,195,Darbhanga,215.0,1185,Manigachhi,1185.0,S
10,Bihar,10.0,201,Katihar,212.0,1156,Manihari,1156.0,S
18,Assam,18.0,281,Bongaigaon,319.0,7199,Manikpur,0.0,S
1,Jammu And Kashmir,1.0,12,Rajouri,6.0,6772,Manjakote,0.0,U
32,Kerala,32.0,558,Kasaragod,588.0,5932,Manjeswaram,0.0,S
9,Uttar Pradesh,9.0,158,Kaushambi,174.0,886,Manjhanpur,886.0,S
18,Assam,18.0,707,South Salmara Mancachar,0.0,2012,Mankachar,2012.0,S
33,Tamil Nadu,33.0,576,Karur,613.0,5985,Manmangalam,0.0,S
20,Jharkhand,20.0,343,West Singhbhum,368.0,2735,Manoharpur,2735.0,S
10,Bihar,10.0,196,Gaya,236.0,1494,Manpur,1494.0,S
10,Bihar,10.0,201,Katihar,212.0,1152,Mansahi,1152.0,S
27,Maharashtra,27.0,489,Parbhani,513.0,4119,Manwath,4119.0,S
1,Jammu And Kashmir,1.0,7,Kathua,7.0,6731,Marheen,0.0,U
1,Jammu And Kashmir,1.0,4,Doda,16.0,6751,Marmat,0.0,U
12,Arunachal Pradesh,12.0,241,Upper Subansiri,249.0,6554,Maro Circle,0.0,S
22,Chhattisgarh,22.0,734,Gaurela-Pendra-Marwahi,0.0,3288,Marwahi,3288.0,S
10,Bihar,10.0,208,Muzaffarpur,216.0,1203,Marwan,1203.0,S
8,Rajasthan,8.0,111,Pali,118.0,602,Marwar Junction,602.0,S
22,Chhattisgarh,22.0,375,Bilaspur,406.0,3296,Masturi,3296.0,S
19,West Bengal,19.0,314,Jalpaiguri,328.0,2168,Matiali,2168.0,S
19,West Bengal,19.0,309,Darjeeling,327.0,2162,Matigara,2162.0,S
23,Madhya Pradesh,23.0,766,MAUGANJ,,3477,Mauganj,3477.0,S
9,Uttar Pradesh,9.0,168,Mau,192.0,973,Maunath Bhanjan,973.0,S
9,Uttar Pradesh,9.0,153,Jhansi,166.0,859,Mauranipur,859.0,S
17,Meghalaya,17.0,274,East Khasi Hills,298.0,1993,Mawsynram,1993.0,S
18,Assam,18.0,296,Marigaon,304.0,2026,Mayong,2026.0,S
36,Telangana,0.0,513,Medak,535.0,4456,Medak,4456.0,S
32,Kerala,32.0,560,Kottayam,597.0,5668,Meenachil,5668.0,S
3,Punjab,3.0,605,Barnala,54.0,7409,Mehal Kalan,0.0,S
7,Delhi,7.0,83,South,98.0,6080,Mehrauli,0.0,U
9,Uttar Pradesh,9.0,120,Prayagraj,175.0,894,Meja,894.0,S
19,West Bengal,19.0,306,Purba Bardhaman,335.0,2291,Memari - I,2291.0,S
20,Jharkhand,20.0,328,Garhwa,346.0,2508,Meral (Pipra Kalan),2508.0,S
13,Nagaland,13.0,246,Mokokchung,262.0,1765,Merangmen,1765.0,S
36,Telangana,0.0,512,Mahabubnagar,538.0,4566,Midjil,4566.0,S
23,Madhya Pradesh,23.0,395,Bhind,420.0,3397,Mihona,3397.0,S
9,Uttar Pradesh,9.0,176,Rampur,136.0,728,Milak,728.0,S
31,Lakshadweep,31.0,553,Lakshadweep District,587.0,5629,Minicoy,5629.0,U
36,Telangana,0.0,514,Nalgonda,539.0,4664,Miryalaguda,4664.0,S
9,Uttar Pradesh,9.0,159,Kheri,153.0,6875,Mitauli,0.0,S
33,Tamil Nadu,33.0,573,Erode,610.0,6636,Modakkurichi,0.0,S
36,Telangana,0.0,691,Sangareddy,0.0,6278,Mogudampally,0.0,S
1,Jammu And Kashmir,1.0,4,Doda,16.0,6750,Mohalla,0.0,U
9,Uttar Pradesh,9.0,159,Kheri,153.0,800,Mohammdi,800.0,S
33,Tamil Nadu,33.0,580,Namakkal,609.0,6635,Mohanur,0.0,S
22,Chhattisgarh,22.0,761,Mohla-Manpur-Ambagarh Chouki,0.0,3308,Mohla,3308.0,S
27,Maharashtra,27.0,665,Palghar,0.0,4161,Mokhada,4161.0,S
36,Telangana,0.0,698,Vikarabad,0.0,4513,Mominpet,4513.0,S
13,Nagaland,13.0,247,Mon,261.0,1748,Mon Sadar,1748.0,S
36,Telangana,0.0,512,Mahabubnagar,538.0,6260,Moosapet,0.0,S
18,Assam,18.0,288,Golaghat,313.0,2086,Morangi,2086.0,S
3,Punjab,3.0,42,Rupnagar,51.0,6857,Morinda,0.0,S
30,Goa,30.0,552,South Goa,586.0,5615,Mormugao,5615.0,S
10,Bihar,10.0,217,Samastipur,221.0,1291,Morwa,1291.0,S
24,Gujarat,24.0,454,Panch Mahals,484.0,3884,Morwa (Hadaf),3884.0,S
9,Uttar Pradesh,9.0,153,Jhansi,166.0,856,Moth,856.0,S
10,Bihar,10.0,213,Purbi Champaran,204.0,1041,Motihari,1041.0,S
1,Jammu And Kashmir,1.0,14,Udhampur,19.0,6734,Moungri,0.0,U
14,Manipur,14.0,254,Churachandpur,274.0,6504,Mualnuam,0.0,S
36,Telangana,0.0,680,Nirmal,0.0,4341,Mudhole,4341.0,S
1,Jammu And Kashmir,1.0,620,Kishtwar,18.0,6764,Mughalmaidan,0.0,U
9,Uttar Pradesh,9.0,168,Mau,192.0,974,Muhammadabad Gohna,974.0,S
32,Kerala,32.0,566,Thrissur,594.0,5656,Mukundapuram,5656.0,S
23,Madhya Pradesh,23.0,394,Betul,447.0,3604,Multai,3604.0,S
36,Telangana,0.0,720,Mulugu,0.0,4689,Mulug,4689.0,S
28,Andhra Pradesh,28.0,744,Anakapalli,0.0,4877,Munagapaka,4877.0,S
28,Andhra Pradesh,28.0,745,Alluri Sitharama Raju,0.0,4841,Munchingi Puttu,4841.0,S
10,Bihar,10.0,207,Munger,226.0,1356,Munger,1356.0,S
36,Telangana,0.0,516,Nizamabad,533.0,6238,Mupkal,0.0,S
20,Jharkhand,20.0,606,Khunti,365.0,2703,Murhu,2703.0,S
20,Jharkhand,20.0,327,East Singhbum,357.0,2609,Musabani,2609.0,S
5,Uttarakhand,5.0,49,Dehradun,60.0,7393,Mussoorie,0.0,S
36,Telangana,0.0,687,Jayashankar Bhupalapally,0.0,4404,Mutharam Mahadevpur,4404.0,S
36,Telangana,0.0,682,Peddapalli,0.0,4406,Mutharam (Manthani),4406.0,S
9,Uttar Pradesh,9.0,172,Muzaffarnagar,133.0,708,Muzaffarnagar,708.0,S
28,Andhra Pradesh,28.0,504,Y.S.R.,551.0,5200,Mylavaram,5200.0,S
24,Gujarat,24.0,450,Kheda,483.0,6531,Nadiad City,0.0,S
18,Assam,18.0,705,Biswanath,0.0,2044,Na-Duar,2044.0,S
36,Telangana,0.0,691,Sangareddy,0.0,6280,Nagalgidda,0.0,S
8,Rajasthan,8.0,116,Tonk,120.0,7155,Nagarfort,0.0,S
20,Jharkhand,20.0,328,Garhwa,346.0,2503,Nagaruntari,2503.0,S
27,Maharashtra,27.0,473,Chandrapur,509.0,4066,Nagbhid,4066.0,S
9,Uttar Pradesh,9.0,132,Bijnor,134.0,714,Nagina,714.0,S
27,Maharashtra,27.0,484,Nagpur,505.0,4032,Nagpur (Urban),4032.0,S
1,Jammu And Kashmir,1.0,5,Jammu,21.0,6711,Nagrota,0.0,U
23,Madhya Pradesh,23.0,766,MAUGANJ,,3478,Naigarhi,3478.0,S
2,Himachal Pradesh,2.0,15,Bilaspur,30.0,155,Naina Devi,155.0,S
7,Delhi,7.0,84,South West,97.0,451,Najafgarh,451.0,U
9,Uttar Pradesh,9.0,132,Bijnor,134.0,712,Najibabad,712.0,S
21,Odisha,21.0,371,Sambalpur,372.0,2798,Naktideul,2798.0,S
33,Tamil Nadu,33.0,580,Namakkal,609.0,5747,Namakkal,5747.0,S
11,Sikkim,11.0,227,Namchi,243.0,1551,Namchi,1551.0,S
20,Jharkhand,20.0,339,Ranchi,364.0,2690,Namkum,2690.0,S
36,Telangana,0.0,507,Hyderabad,536.0,4504,Nampally,4504.0,S
12,Arunachal Pradesh,12.0,229,Changlang,253.0,6580,Namtok Eac,0.0,S
27,Maharashtra,27.0,487,Nashik,516.0,4147,Nandgaon,4147.0,S
27,Maharashtra,27.0,468,Amravati,503.0,4012,Nandgaon-Khandeshwar,4012.0,S
21,Odisha,21.0,361,Kendujhar,375.0,2856,Nandipada,2856.0,S
36,Telangana,0.0,516,Nizamabad,533.0,4359,Nandipet,4359.0,S
27,Maharashtra,27.0,472,Buldhana,500.0,3978,Nandura,3978.0,S
6,Haryana,6.0,69,Mahendragarh,84.0,6456,Nangal Chawdhary,0.0,S
22,Chhattisgarh,22.0,374,Bastar,414.0,7313,Nangur,0.0,S
33,Tamil Nadu,33.0,590,Thiruvarur,619.0,5805,Nannilam,5805.0,S
18,Assam,18.0,295,Lakhimpur,307.0,2050,Naobaicha,2050.0,S
10,Bihar,10.0,191,Begusarai,222.0,1315,Naokothi,1315.0,S
9,Uttar Pradesh,9.0,128,Banda,170.0,874,Naraini,874.0,S
19,West Bengal,19.0,318,Paschim Medinipur,344.0,2465,Narayangarh,2465.0,S
22,Chhattisgarh,22.0,381,Uttar Bastar Kanker,413.0,3352,Narharpur,3352.0,S
10,Bihar,10.0,210,Nawada,237.0,1521,Narhat,1521.0,S
10,Bihar,10.0,211,Pashchim Champaran,203.0,1017,Narkatiaganj,1017.0,S
28,Andhra Pradesh,28.0,502,Ananthapuramu,553.0,5328,Narpala,5328.0,S
23,Madhya Pradesh,23.0,422,Rajgarh,442.0,3568,Narsinghgarh,3568.0,S
1,Jammu And Kashmir,1.0,3,Baramulla,8.0,7202,Narvaw,0.0,U
23,Madhya Pradesh,23.0,432,Shivpuri,423.0,3409,Narwar,3409.0,S
36,Telangana,0.0,685,Kamareddy,0.0,6244,Nasurullabad,0.0,S
33,Tamil Nadu,33.0,572,Dindigul,612.0,5763,Natham,5763.0,S
10,Bihar,10.0,192,Bhagalpur,224.0,1332,Naugachhia,1332.0,S
8,Rajasthan,8.0,87,Alwar,104.0,7129,Naugaon,0.0,S
10,Bihar,10.0,215,Rohtas,234.0,1469,Nauhatta,1469.0,S
10,Bihar,10.0,211,Pashchim Champaran,203.0,1030,Nautan,1030.0,S
8,Rajasthan,8.0,117,Udaipur,130.0,7157,Nayagaon,0.0,S
18,Assam,18.0,300,Sivasagar,311.0,2073,Nazira,2073.0,S
8,Rajasthan,8.0,773,Neem Ka Thana,,556,Neem-Ka-Thana,556.0,S
29,Karnataka,29.0,526,Bengaluru Rural,583.0,5601,Nelamangala,5601.0,S
36,Telangana,0.0,688,Mahabubabad,0.0,4716,Nellikudur,4716.0,S
21,Odisha,21.0,350,Cuttack,381.0,2959,Nemalo,2959.0,S
36,Telangana,0.0,514,Nalgonda,539.0,4661,Nidmanoor,4661.0,S
6,Haryana,6.0,67,Karnal,74.0,6451,Nigdu St,0.0,S
20,Jharkhand,20.0,341,Saraikela Kharsawan,369.0,2751,Nimdih,2751.0,S
10,Bihar,10.0,223,Supaul,208.0,1101,Nirmali,1101.0,S
36,Telangana,0.0,680,Nirmal,0.0,4344,Nirmal U,4344.0,S
36,Telangana,0.0,685,Kamareddy,0.0,4385,Nizamsagar,4385.0,S
20,Jharkhand,20.0,343,West Singhbhum,368.0,2736,Noamundi,2736.0,S
10,Bihar,10.0,209,Nalanda,229.0,1387,Noorsarai,1387.0,S
13,Nagaland,13.0,613,Peren,271.0,1855,Nsong,1855.0,S
21,Odisha,21.0,367,Nayagarh,385.0,3025,Nuagaon,3025.0,S
21,Odisha,21.0,368,Nuapada,394.0,3154,Nuapada,3154.0,S
36,Telangana,0.0,696,Suryapet,0.0,4621,Nuthanakal,4621.0,S
9,Uttar Pradesh,9.0,184,Sonbhadra,200.0,7127,Obra,0.0,S
21,Odisha,21.0,367,Nayagarh,385.0,3031,Odagaon,3031.0,S
36,Telangana,0.0,682,Peddapalli,0.0,4426,Odela,4426.0,S
12,Arunachal Pradesh,12.0,236,Lower Subansiri,255.0,6107,Old Ziro Sdo,0.0,S
33,Tamil Nadu,33.0,584,Salem,608.0,5737,Omalur,5737.0,S
13,Nagaland,13.0,246,Mokokchung,262.0,1766,Ongpangkong,1766.0,S
9,Uttar Pradesh,9.0,151,Jalaun,165.0,854,Orai,854.0,S
33,Tamil Nadu,33.0,586,Thanjavur,620.0,5815,Orathanadu,5815.0,S
21,Odisha,21.0,357,Jharsuguda,371.0,2774,Orient,2774.0,S
21,Odisha,21.0,364,Malkangiri,399.0,3226,Orkel,3226.0,S
12,Arunachal Pradesh,12.0,232,East Siang,251.0,1654,Oyan Circle,1654.0,S
2,Himachal Pradesh,2.0,24,Sirmaur,32.0,169,Pachhad,169.0,S
20,Jharkhand,20.0,332,Hazaribagh,360.0,2646,Padma,2646.0,S
28,Andhra Pradesh,28.0,520,Visakhapatnam,544.0,4864,Padmanabham,4864.0,S
21,Odisha,21.0,347,Bargarh,370.0,2757,Padmapur,2757.0,S
21,Odisha,21.0,363,Koraput,398.0,3213,Padua,3213.0,S
1,Jammu And Kashmir,1.0,622,Kulgam,15.0,6194,Pahloo,0.0,U
27,Maharashtra,27.0,469,Chhatrapati Sambhajinagar,515.0,4141,Paithan,4141.0,S
11,Sikkim,11.0,741,Pakyong,0.0,1554,Pakyong,1554.0,S
27,Maharashtra,27.0,489,Parbhani,513.0,4123,Palam,4123.0,S
28,Andhra Pradesh,28.0,503,Chittoor,554.0,5422,Palamaner,5422.0,S
2,Himachal Pradesh,2.0,18,Kangra,24.0,111,Palampur,111.0,S
22,Chhattisgarh,22.0,644,Balodabazar-Bhatapara,0.0,3327,Palari,3327.0,S
8,Rajasthan,8.0,99,Dungarpur,124.0,7212,Paldewal,0.0,S
22,Chhattisgarh,22.0,383,Korba,404.0,3274,Pali,3274.0,S
12,Arunachal Pradesh,12.0,240,Upper Siang,252.0,1660,Palling Circle,1660.0,S
24,Gujarat,24.0,459,Surat,492.0,3939,Palsana,3939.0,S
23,Madhya Pradesh,23.0,411,Jabalpur,451.0,3632,Panagar,3632.0,S
27,Maharashtra,27.0,496,Solapur,526.0,4249,Pandharpur,4249.0,S
23,Madhya Pradesh,23.0,785,Pandhurna,,3658,Pandhurna,3658.0,S
9,Uttar Pradesh,9.0,135,Chandauli,196.0,6869,Pandit Deendayal Upadhyay Nagar,0.0,S
20,Jharkhand,20.0,338,Palamu,358.0,2622,Pandu,2622.0,S
2,Himachal Pradesh,2.0,22,Mandi,27.0,6951,Pangna,0.0,S
23,Madhya Pradesh,23.0,393,Barwani,441.0,3559,Pansemal,3559.0,S
28,Andhra Pradesh,28.0,755,Nandyal,0.0,5280,Panyam,5280.0,S
2,Himachal Pradesh,2.0,24,Sirmaur,32.0,173,Paonta Sahib,173.0,S
8,Rajasthan,8.0,97,Dausa,109.0,7367,Paparda,0.0,S
19,West Bengal,19.0,321,Purulia,340.0,2380,Para,2380.0,S
21,Odisha,21.0,355,Jagatsinghapur,380.0,2935,Paradeep Lock,2935.0,S
21,Odisha,21.0,355,Jagatsinghapur,380.0,2934,Paradip,2934.0,S
21,Odisha,21.0,352,Dhenkanal,383.0,2987,Parajang,2987.0,S
33,Tamil Nadu,33.0,583,Ramanathapuram,626.0,5856,Paramakudi,5856.0,S
33,Tamil Nadu,33.0,580,Namakkal,609.0,5748,Paramathi-Velur,5748.0,S
27,Maharashtra,27.0,489,Parbhani,513.0,4118,Parbhani,4118.0,S
10,Bihar,10.0,221,Sitamarhi,206.0,1071,Parsauni,1071.0,S
8,Rajasthan,8.0,773,Neem Ka Thana,,7227,Patan,0.0,S
27,Maharashtra,27.0,494,Satara,527.0,4264,Patan,4264.0,S
36,Telangana,0.0,691,Sangareddy,0.0,4494,Patancheru,4494.0,S
24,Gujarat,24.0,675,Gir Somnath,0.0,3835,Patan-Veraval,3835.0,S
21,Odisha,21.0,354,Ganjam,388.0,3091,Patapur,3091.0,S
23,Madhya Pradesh,23.0,400,Damoh,428.0,3455,Patera,3455.0,S
19,West Bengal,19.0,304,South 24 Parganas,343.0,2440,Patharpratima,2440.0,S
20,Jharkhand,20.0,340,Sahebganj,352.0,2571,Pathna,2571.0,S
33,Tamil Nadu,33.0,586,Thanjavur,620.0,5816,Pattukkottai,5816.0,S
28,Andhra Pradesh,28.0,751,Palnadu,0.0,5057,Pedakurapadu,5057.0,S
28,Andhra Pradesh,28.0,506,Guntur,548.0,5082,Pedanandipadu,5082.0,S
28,Andhra Pradesh,28.0,753,Annamayya,0.0,5369,Peddamandyam,5369.0,S
28,Andhra Pradesh,28.0,502,Ananthapuramu,553.0,5314,Peddapappur,5314.0,S
36,Telangana,0.0,698,Vikarabad,0.0,4533,Peddemul,4533.0,S
13,Nagaland,13.0,613,Peren,271.0,1851,Pedi (Ngwalwa),1851.0,S
8,Rajasthan,8.0,116,Tonk,120.0,616,Peeplu,616.0,S
32,Kerala,32.0,556,Idukki,596.0,5667,Peerumade,5667.0,S
8,Rajasthan,8.0,86,Ajmer,119.0,608,Peesangan,608.0,S
36,Telangana,0.0,696,Suryapet,0.0,4643,Penpahad,4643.0,S
28,Andhra Pradesh,28.0,523,West Godavari,546.0,4980,Penugonda,4980.0,S
33,Tamil Nadu,33.0,581,Perambalur,615.0,5973,Perambalur,0.0,S
28,Andhra Pradesh,28.0,505,East Godavari,545.0,4971,Peravali,4971.0,S
33,Tamil Nadu,33.0,595,Vellore,605.0,6663,Pernambut,0.0,S
8,Rajasthan,8.0,103,Jaisalmer,114.0,7214,Phalsund,0.0,S
19,West Bengal,19.0,309,Darjeeling,327.0,2164,Phansidewa,2164.0,S
1,Jammu And Kashmir,1.0,4,Doda,16.0,6757,Phigsoo,0.0,U
13,Nagaland,13.0,248,Phek,266.0,1805,Phokhungri,1805.0,S
10,Bihar,10.0,190,Banka,225.0,1351,Phulidumar,1351.0,S
23,Madhya Pradesh,23.0,407,Gwalior,421.0,7412,Pichhor,0.0,S
22,Chhattisgarh,22.0,382,Kabeerdham,407.0,7324,Pipariya,0.0,S
8,Rajasthan,8.0,778,Jodhpur (Gramin),,6051,Pipar Shahar,0.0,S
21,Odisha,21.0,369,Puri,387.0,3057,Pipili,3057.0,S
23,Madhya Pradesh,23.0,423,Ratlam,434.0,3500,Piploda,3500.0,S
10,Bihar,10.0,223,Supaul,208.0,1110,Pipra,1110.0,S
10,Bihar,10.0,213,Purbi Champaran,204.0,1050,Piprakothi,1050.0,S
10,Bihar,10.0,192,Bhagalpur,224.0,1335,Pirpainti,1335.0,S
28,Andhra Pradesh,28.0,517,Prakasam,549.0,5120,Podili,5120.0,S
23,Madhya Pradesh,23.0,430,Shajapur,436.0,6511,Polaykala,0.0,S
33,Tamil Nadu,33.0,582,Pudukkottai,621.0,5823,Ponnamaravathi,5823.0,S
8,Rajasthan,8.0,93,Bikaner,101.0,474,Poogal,474.0,S
33,Tamil Nadu,33.0,589,Thiruvallur,602.0,5699,Poonamallee,5699.0,S
5,Uttarakhand,5.0,48,Champawat,65.0,337,Poornagiri,337.0,S
14,Manipur,14.0,255,Imphal East,278.0,1885,Porompat,1885.0,S
28,Andhra Pradesh,28.0,504,Y.S.R.,551.0,5208,Porumamilla,5208.0,S
10,Bihar,10.0,223,Supaul,208.0,1104,Pratapganj,1104.0,S
6,Haryana,6.0,76,Yamunanagar,71.0,6417,Pratap Nagar St,0.0,S
28,Andhra Pradesh,28.0,506,Guntur,548.0,5081,Prathipadu,5081.0,S
22,Chhattisgarh,22.0,648,Surajpur,0.0,3246,Premnagar,3246.0,S
12,Arunachal Pradesh,12.0,718,Kamle,0.0,1616,Puchi Geko Circle,1616.0,S
34,Puducherry,34.0,600,Puducherry,635.0,5909,Puducherry,5909.0,U
36,Telangana,0.0,691,Sangareddy,0.0,4478,Pulkal,4478.0,S
5,Uttarakhand,5.0,48,Champawat,65.0,6349,Pulla Gumdesh,0.0,S
28,Andhra Pradesh,28.0,517,Prakasam,549.0,5098,Pullalacheruvu,5098.0,S
24,Gujarat,24.0,459,Surat,492.0,6521,Puna,0.0,S
6,Haryana,6.0,604,Nuh,87.0,424,Punahana,424.0,S
13,Nagaland,13.0,614,Kiphire,269.0,1841,Pungro,1841.0,S
10,Bihar,10.0,205,Madhepura,213.0,1168,Puraini,1168.0,S
5,Uttarakhand,5.0,57,Uttar Kashi,56.0,278,Puraula,278.0,S
21,Odisha,21.0,349,Boudh,391.0,3131,Puruna Katak,3131.0,S
21,Odisha,21.0,344,Anugul,384.0,3020,Purunakot,3020.0,S
9,Uttar Pradesh,9.0,186,Unnao,156.0,817,Purwa,817.0,S
10,Bihar,10.0,217,Samastipur,221.0,1289,Pusa,1289.0,S
27,Maharashtra,27.0,500,Yavatmal,510.0,4085,Pusad,4085.0,S
28,Andhra Pradesh,28.0,502,Ananthapuramu,553.0,5326,Putlur,5326.0,S
9,Uttar Pradesh,9.0,175,Rae Bareli,158.0,825,Rae Bareli,825.0,S
12,Arunachal Pradesh,12.0,718,Kamle,0.0,6129,Raga Adc,0.0,S
19,West Bengal,19.0,321,Purulia,340.0,2382,Raghunathpur - I,2382.0,S
36,Telangana,0.0,689,Jangoan,0.0,4698,Ragunathpally,4698.0,S
18,Assam,18.0,297,Nagaon,305.0,2036,Raha,2036.0,S
20,Jharkhand,20.0,339,Ranchi,364.0,2687,Rahe,2687.0,S
21,Odisha,21.0,346,Baleshwar,377.0,2889,Raibania,2889.0,S
21,Odisha,21.0,373,Sundargarh,374.0,2815,Raiboga,2815.0,S
36,Telangana,0.0,681,Jagitial,0.0,4395,Raikal,4395.0,S
21,Odisha,21.0,359,Kandhamal,390.0,3126,Raikia,3126.0,S
19,West Bengal,19.0,306,Purba Bardhaman,335.0,2296,Raina - I,2296.0,S
6,Haryana,6.0,70,Panchkula,69.0,6411,Raipur Rani,0.0,S
21,Odisha,21.0,371,Sambalpur,372.0,2797,Rairakhol,2797.0,S
23,Madhya Pradesh,23.0,421,Raisen,446.0,3590,Raisen,3590.0,S
8,Rajasthan,8.0,776,Anupgarh,,461,Raisinghnagar,461.0,S
28,Andhra Pradesh,28.0,505,East Godavari,545.0,4906,Rajamahendravaram Urban,4906.0,S
36,Telangana,0.0,697,Yadadri Bhuvanagiri,0.0,4615,Rajapeta,4615.0,S
27,Maharashtra,27.0,492,Ratnagiri,528.0,4274,Rajapur,4274.0,S
9,Uttar Pradesh,9.0,187,Varanasi,197.0,6093,Rajatalab,0.0,S
10,Bihar,10.0,190,Banka,225.0,1347,Rajaun,1347.0,S
24,Gujarat,24.0,457,Rajkot,476.0,6524,Rajkot South,0.0,S
10,Bihar,10.0,206,Madhubani,207.0,1095,Rajnagar,1095.0,S
1,Jammu And Kashmir,1.0,12,Rajouri,6.0,22,Rajouri,22.0,U
10,Bihar,10.0,215,Rohtas,234.0,1464,Rajpur,1464.0,S
3,Punjab,3.0,41,Patiala,48.0,254,Rajpura,254.0,S
28,Andhra Pradesh,28.0,504,Y.S.R.,551.0,5202,Rajupalem,5202.0,S
28,Andhra Pradesh,28.0,521,Vizianagaram,543.0,4819,Ramabhadrapuram,4819.0,S
28,Andhra Pradesh,28.0,747,Dr. B.R. Ambedkar Konaseema,0.0,4924,Ramachandrapuram,4924.0,S
28,Andhra Pradesh,28.0,752,Tirupati,0.0,5398,Ramachandrapuram,5398.0,S
36,Telangana,0.0,682,Peddapalli,0.0,6216,Ramagiri,0.0,S
29,Karnataka,29.0,631,Ramanagara,584.0,5606,Ramanagara,5606.0,S
28,Andhra Pradesh,28.0,753,Annamayya,0.0,5241,Ramapuram,5241.0,S
36,Telangana,0.0,685,Kamareddy,0.0,6243,Ramareddy,0.0,S
28,Andhra Pradesh,28.0,753,Annamayya,0.0,5414,Ramasamudram,5414.0,S
28,Andhra Pradesh,28.0,744,Anakapalli,0.0,4883,Rambilli,4883.0,S
10,Bihar,10.0,200,Kaimur (Bhabua),233.0,1446,Ramgarh,1446.0,S
10,Bihar,10.0,204,Lakhisarai,227.0,1370,Ramgarh Chowk,1370.0,S
1,Jammu And Kashmir,1.0,8,Kupwara,1.0,6787,Ramhal,0.0,U
1,Jammu And Kashmir,1.0,7,Kathua,7.0,6728,Ramkote,0.0,U
23,Madhya Pradesh,23.0,784,Maihar,,3469,Ramnagar,3469.0,S
10,Bihar,10.0,211,Pashchim Champaran,203.0,1014,Ramnagar,1014.0,S
9,Uttar Pradesh,9.0,129,Bara Banki,176.0,897,Ramnagar,897.0,S
1,Jammu And Kashmir,1.0,14,Udhampur,19.0,74,Ramnagar,74.0,U
27,Maharashtra,27.0,484,Nagpur,505.0,4028,Ramtek,4028.0,S
28,Andhra Pradesh,28.0,519,Srikakulam,542.0,4805,Ranastalam,4805.0,S
28,Andhra Pradesh,28.0,505,East Godavari,545.0,4909,Rangampeta,4909.0,S
19,West Bengal,19.0,309,Darjeeling,327.0,2155,Rangli Rangliot,2155.0,S
6,Haryana,6.0,74,Sirsa,79.0,391,Rania,391.0,S
20,Jharkhand,20.0,606,Khunti,365.0,2702,Rania,2702.0,S
9,Uttar Pradesh,9.0,174,Pratapgarh,173.0,884,Raniganj,884.0,S
20,Jharkhand,20.0,328,Garhwa,346.0,2511,Ranka,2511.0,S
32,Kerala,32.0,564,Pathanamthitta,599.0,5681,Ranni,5681.0,S
23,Madhya Pradesh,23.0,432,Shivpuri,423.0,6976,Rannod,0.0,S
21,Odisha,21.0,365,Mayurbhanj,376.0,2868,Raruan,2868.0,S
9,Uttar Pradesh,9.0,126,Ballia,193.0,977,Rasra,977.0,S
22,Chhattisgarh,22.0,375,Bilaspur,406.0,7239,Ratanpur,0.0,S
19,West Bengal,19.0,316,Malda,332.0,2213,Ratua - II,2213.0,S
28,Andhra Pradesh,28.0,747,Dr. B.R. Ambedkar Konaseema,0.0,4926,Ravulapalem,4926.0,S
21,Odisha,21.0,353,Gajapati,389.0,3107,Rayagada,3107.0,S
29,Karnataka,29.0,527,Belagavi,555.0,5435,Raybag,5435.0,S
28,Andhra Pradesh,28.0,749,Ntr,0.0,4999,Reddigudem,4999.0,S
36,Telangana,0.0,513,Medak,535.0,4471,Regode,4471.0,S
15,Mizoram,15.0,266,Mamit,281.0,1898,Reiek,1898.0,S
28,Andhra Pradesh,28.0,752,Tirupati,0.0,5376,Renigunta,5376.0,S
28,Andhra Pradesh,28.0,751,Palnadu,0.0,5043,Rentachintala,5043.0,S
8,Rajasthan,8.0,115,Sirohi,117.0,596,Reodar,596.0,S
10,Bihar,10.0,218,Saran,219.0,1257,Revelganj,1257.0,S
12,Arunachal Pradesh,12.0,231,East Kameng,247.0,6101,Richukrong Circle,0.0,S
17,Meghalaya,17.0,279,West Khasi Hills,296.0,7336,Ri Muliang,0.0,S
33,Tamil Nadu,33.0,589,Thiruvallur,602.0,6674,R K Pet,0.0,S
9,Uttar Pradesh,9.0,184,Sonbhadra,200.0,1005,Robertsganj,1005.0,S
27,Maharashtra,27.0,491,Raigad,520.0,4179,Roha,4179.0,S
2,Himachal Pradesh,2.0,23,Shimla,33.0,191,Rohru,191.0,S
9,Uttar Pradesh,9.0,131,Basti,185.0,940,Rudhauli,940.0,S
10,Bihar,10.0,221,Sitamarhi,206.0,1073,Runisaidpur,1073.0,S
18,Assam,18.0,297,Nagaon,305.0,2033,Rupahi,2033.0,S
19,West Bengal,19.0,318,Paschim Medinipur,344.0,2464,Sabang,2464.0,S
9,Uttar Pradesh,9.0,163,Hathras,144.0,760,Sadabad,760.0,S
36,Telangana,0.0,691,Sangareddy,0.0,4490,Sadasivpet,4490.0,S
2,Himachal Pradesh,2.0,18,Kangra,24.0,7291,Sadwan,0.0,S
29,Karnataka,29.0,547,Shivamogga,568.0,5515,Sagar,5515.0,S
19,West Bengal,19.0,319,Murshidabad,333.0,2230,Sagardighi,2230.0,S
24,Gujarat,24.0,452,Narmada,487.0,3912,Sagbara,3912.0,S
12,Arunachal Pradesh,12.0,724,Leparada,0.0,6840,Sago,0.0,S
21,Odisha,21.0,346,Baleshwar,377.0,2898,Sahadevkhunta,2898.0,S
9,Uttar Pradesh,9.0,177,Saharanpur,132.0,702,Saharanpur,702.0,S
19,West Bengal,19.0,317,Purba Medinipur,345.0,2473,Sahid Matangini,2473.0,S
9,Uttar Pradesh,9.0,139,Etawah,161.0,837,Saifai,837.0,S
14,Manipur,14.0,712,Kangpokpi,0.0,6493,Saikul,0.0,S
21,Odisha,21.0,345,Balangir,393.0,3148,Saintala,3148.0,S
14,Manipur,14.0,712,Kangpokpi,0.0,1862,Saitu-Gamphazol,1862.0,S
22,Chhattisgarh,22.0,650,Bemetara,0.0,3313,Saja,3313.0,S
8,Rajasthan,8.0,88,Banswara,125.0,6043,Sajjangarh,0.0,S
28,Andhra Pradesh,28.0,747,Dr. B.R. Ambedkar Konaseema,0.0,4939,Sakhinetipalli,4939.0,S
22,Chhattisgarh,22.0,734,Gaurela-Pendra-Marwahi,0.0,7252,Sakola,0.0,S
13,Nagaland,13.0,248,Phek,266.0,1808,Sakraba,1808.0,S
22,Chhattisgarh,22.0,762,Sakti,0.0,3282,Sakti,3282.0,S
19,West Bengal,19.0,704,Paschim Bardhaman,0.0,2268,Salanpur,2268.0,S
30,Goa,30.0,552,South Goa,586.0,5616,Salcete,5616.0,S
6,Haryana,6.0,64,Jhajjar,83.0,6443,Salhawas St,0.0,S
9,Uttar Pradesh,9.0,175,Rae Bareli,158.0,829,Salon,829.0,S
2,Himachal Pradesh,2.0,16,Chamba,23.0,85,Saluni,85.0,S
6,Haryana,6.0,71,Panipat,75.0,377,Samalkha,377.0,S
1,Jammu And Kashmir,1.0,624,Samba,22.0,82,Samba,82.0,U
8,Rajasthan,8.0,775,Balotra,,6904,Samdari,0.0,S
3,Punjab,3.0,36,Ludhiana,41.0,224,Samrala,224.0,S
14,Manipur,14.0,254,Churachandpur,274.0,6505,Samulamlan,0.0,S
28,Andhra Pradesh,28.0,515,Sri Potti Sriramulu Nellore,550.0,5171,Sangam,5171.0,S
27,Maharashtra,27.0,466,Ahmednagar,522.0,4202,Sangamner,4202.0,S
8,Rajasthan,8.0,109,Kota,127.0,669,Sangod,669.0,S
3,Punjab,3.0,43,Sangrur,53.0,271,Sangrur,271.0,S
33,Tamil Nadu,33.0,584,Salem,608.0,5739,Sankari,5739.0,S
5,Uttarakhand,5.0,57,Uttar Kashi,56.0,6404,Sankari,0.0,S
37,Ladakh,0.0,6,Kargil,4.0,14,Sankoo,14.0,U
19,West Bengal,19.0,703,Jhargram,0.0,2459,Sankrail,2459.0,S
28,Andhra Pradesh,28.0,519,Srikakulam,542.0,4790,Santhabommali,4790.0,S
13,Nagaland,13.0,251,Zunheboto,263.0,1778,Saptiqa,1778.0,S
8,Rajasthan,8.0,777,Salumbar,,693,Sarada,693.0,S
10,Bihar,10.0,223,Supaul,208.0,1106,Saraigarh Bhaptiyahi,1106.0,S
20,Jharkhand,20.0,341,Saraikela Kharsawan,369.0,2753,Saraikela,2753.0,S
21,Odisha,21.0,367,Nayagarh,385.0,3032,Sarankul,3032.0,S
8,Rajasthan,8.0,112,Rajsamand,123.0,7370,Sardargarh,0.0,S
9,Uttar Pradesh,9.0,149,Hamirpur,168.0,866,Sarila,866.0,S
2,Himachal Pradesh,2.0,22,Mandi,27.0,129,Sarkaghat,129.0,S
22,Chhattisgarh,22.0,763,Sarangarh-Bilaigarh,0.0,7401,Sarsiwa,0.0,S
18,Assam,18.0,288,Golaghat,313.0,2087,Sarupathar,2087.0,S
18,Assam,18.0,739,Bajali,0.0,2025,Sarupeta (Pt),2025.0,S
21,Odisha,21.0,371,Sambalpur,372.0,2786,Sasan,2786.0,S
3,Punjab,3.0,608,S.A.S Nagar,52.0,267,Sas Nagar (Mohali),267.0,S
13,Nagaland,13.0,251,Zunheboto,263.0,1777,Satakha,1777.0,S
33,Tamil Nadu,33.0,594,Thoothukkudi,627.0,5869,Sathankulam,5869.0,S
33,Tamil Nadu,33.0,573,Erode,610.0,5749,Sathyamangalam,5749.0,S
24,Gujarat,24.0,451,Mahesana,471.0,3751,Satlasana,3751.0,S
13,Nagaland,13.0,251,Zunheboto,263.0,1779,Satoi,1779.0,S
5,Uttarakhand,5.0,52,Pauri Garhwal,61.0,311,Satpuli,311.0,S
10,Bihar,10.0,216,Saharsa,214.0,1175,Saur Bazar,1175.0,S
29,Karnataka,29.0,527,Belagavi,555.0,5441,Savadatti,5441.0,S
28,Andhra Pradesh,28.0,751,Palnadu,0.0,5064,Savalyapuram H/O Kanamarlapudi,5064.0,S
29,Karnataka,29.0,540,Haveri,564.0,5490,Savanur,5490.0,S
8,Rajasthan,8.0,92,Bhilwara,122.0,7392,Sawaipur,0.0,S
27,Maharashtra,27.0,473,Chandrapur,509.0,4068,Sawali,4068.0,S
36,Telangana,0.0,507,Hyderabad,536.0,4498,Secunderabad,4498.0,S
29,Karnataka,29.0,538,Kalaburagi,579.0,5584,Sedam,5584.0,S
7,Delhi,7.0,671,Shahdara,0.0,438,Seema Puri,438.0,U
13,Nagaland,13.0,248,Phek,266.0,1800,Sekruzu,1800.0,S
23,Madhya Pradesh,23.0,428,Seoni,456.0,3664,Seoni,3664.0,S
15,Mizoram,15.0,268,Serchhip,285.0,1910,Serchhip,1910.0,S
13,Nagaland,13.0,614,Kiphire,269.0,1835,Seyochung,1835.0,S
9,Uttar Pradesh,9.0,150,Hardoi,155.0,809,Shahabad,809.0,S
27,Maharashtra,27.0,497,Thane,517.0,4167,Shahapur,4167.0,S
1,Jammu And Kashmir,1.0,1,Anantnag,14.0,6816,Shahbad Bala,0.0,U
9,Uttar Pradesh,9.0,152,Jaunpur,194.0,981,Shahganj,981.0,S
3,Punjab,3.0,34,Jalandhar,37.0,209,Shahkot,209.0,S
6,Haryana,6.0,58,Ambala,70.0,6431,Shahzadpur St,0.0,S
36,Telangana,0.0,507,Hyderabad,536.0,4496,Shaikpet,4496.0,S
10,Bihar,10.0,191,Begusarai,222.0,1321,Shamho Akha Kurha,1321.0,S
36,Telangana,0.0,700,Medchal Malkajgiri,0.0,4520,Shamirpet,4520.0,S
10,Bihar,10.0,219,Sheikhpura,228.0,1373,Shekhopur Sarai,1373.0,S
8,Rajasthan,8.0,90,Barmer,115.0,577,Sheo,577.0,S
8,Rajasthan,8.0,115,Sirohi,117.0,592,Sheoganj,592.0,S
2,Himachal Pradesh,2.0,23,Shimla,33.0,181,Shimla ( Rural ),181.0,S
2,Himachal Pradesh,2.0,23,Shimla,33.0,182,Shimla (Urban),182.0,S
27,Maharashtra,27.0,493,Sangli,531.0,4295,Shirala,4295.0,S
33,Tamil Nadu,33.0,568,Chennai,603.0,5705,Sholinganallur,5705.0,S
27,Maharashtra,27.0,491,Raigad,520.0,4183,Shrivardhan,4183.0,S
23,Madhya Pradesh,23.0,427,Sehore,445.0,3583,Shyampur,3583.0,S
19,West Bengal,19.0,313,Howrah,341.0,2410,Shyampur - I,2410.0,S
19,West Bengal,19.0,313,Howrah,341.0,2411,Shyampur - II,2411.0,S
15,Mizoram,15.0,267,Siaha,288.0,1921,Siaha,1921.0,S
29,Karnataka,29.0,550,Uttara Kannada,563.0,5486,Siddapur,5486.0,S
10,Bihar,10.0,211,Pashchim Champaran,203.0,1013,Sidhaw,1013.0,S
28,Andhra Pradesh,28.0,504,Y.S.R.,551.0,5229,Sidhout,5229.0,S
18,Assam,18.0,612,Chirang,320.0,2114,Sidli (Pt),2114.0,S
24,Gujarat,24.0,443,Bhavnagar,481.0,3856,Sihor,3856.0,S
2,Himachal Pradesh,2.0,16,Chamba,23.0,89,Sihunta,89.0,S
10,Bihar,10.0,198,Jamui,238.0,1526,Sikandra,1526.0,S
8,Rajasthan,8.0,114,Sikar,111.0,7228,Sikar Gramin,0.0,S
8,Rajasthan,8.0,97,Dausa,109.0,535,Sikrai,535.0,S
8,Rajasthan,8.0,767,Deeg,,6930,Sikri,0.0,S
18,Assam,18.0,282,Cachar,316.0,2097,Silchar,2097.0,S
20,Jharkhand,20.0,323,Chatra,347.0,2524,Simaria,2524.0,S
23,Madhya Pradesh,23.0,420,Panna,426.0,6975,Simariya,0.0,S
28,Andhra Pradesh,28.0,504,Y.S.R.,551.0,5217,Simhadripuram,5217.0,S
19,West Bengal,19.0,305,Bankura,339.0,2372,Simlapal,2372.0,S
10,Bihar,10.0,194,Buxar,232.0,1435,Simri,1435.0,S
36,Telangana,0.0,509,Khammam,541.0,4744,Singareni,4744.0,S
23,Madhya Pradesh,23.0,638,Singrauli,463.0,7040,Singrauli Nagar,0.0,S
27,Maharashtra,27.0,487,Nashik,516.0,4154,Sinnar,4154.0,S
9,Uttar Pradesh,9.0,129,Bara Banki,176.0,899,Sirauli Gauspur,899.0,S
10,Bihar,10.0,210,Nawada,237.0,1523,Sirdala,1523.0,S
36,Telangana,0.0,501,Adilabad,532.0,6224,Sirikonda,0.0,S
36,Telangana,0.0,516,Nizamabad,533.0,4379,Sirikonda,4379.0,S
23,Madhya Pradesh,23.0,424,Rewa,430.0,3473,Sirmour,3473.0,S
36,Telangana,0.0,699,Kumuram Bheem Asifabad,0.0,4326,Sirpur U,4326.0,S
19,West Bengal,19.0,308,Cooch Behar,329.0,2189,Sitai,2189.0,S
19,West Bengal,19.0,308,Cooch Behar,329.0,2190,Sitalkuchi,2190.0,S
9,Uttar Pradesh,9.0,183,Sitapur,154.0,804,Sitapur,804.0,S
12,Arunachal Pradesh,12.0,241,Upper Subansiri,249.0,1610,Siyum Adc,1610.0,S
27,Maharashtra,27.0,469,Chhatrapati Sambhajinagar,515.0,4134,Soegaon,4134.0,S
8,Rajasthan,8.0,111,Pali,118.0,599,Sojat,599.0,S
24,Gujarat,24.0,440,Anand,482.0,3862,Sojitra,3862.0,S
27,Maharashtra,27.0,496,Solapur,526.0,4253,Solapur South,4253.0,S
16,Tripura,16.0,653,Sepahijala,0.0,6680,Sonamura,0.0,S
14,Manipur,14.0,257,Senapati,272.0,6484,Song Song,0.0,S
27,Maharashtra,27.0,489,Parbhani,513.0,4121,Sonpeth,4121.0,S
20,Jharkhand,20.0,343,West Singhbhum,368.0,2728,Sonua,2728.0,S
18,Assam,18.0,285,Dhubri,301.0,7417,South Salmara Pt,0.0,S
8,Rajasthan,8.0,773,Neem Ka Thana,,555,Sri Madhopur,555.0,S
36,Telangana,0.0,682,Peddapalli,0.0,4407,Srirampur,4407.0,S
9,Uttar Pradesh,9.0,176,Rampur,136.0,723,Suar,723.0,S
1,Jammu And Kashmir,1.0,5,Jammu,21.0,6716,Suchetgarh,0.0,U
10,Bihar,10.0,213,Purbi Champaran,204.0,1034,Sugauli,1034.0,S
24,Gujarat,24.0,441,Banas Kantha,469.0,6166,Suigam,0.0,S
22,Chhattisgarh,22.0,642,Sukma,0.0,3375,Sukma,3375.0,S
2,Himachal Pradesh,2.0,18,Kangra,24.0,7048,Sulah,0.0,S
21,Odisha,21.0,365,Mayurbhanj,376.0,2877,Suliapada,2877.0,S
5,Uttarakhand,5.0,45,Almora,64.0,327,Sult,327.0,S
10,Bihar,10.0,192,Bhagalpur,224.0,1340,Sultanganj,1340.0,S
21,Odisha,21.0,373,Sundargarh,374.0,2808,Sundargarh Town,2808.0,S
2,Himachal Pradesh,2.0,22,Mandi,27.0,132,Sundarnagar,132.0,S
13,Nagaland,13.0,250,Wokha,264.0,1784,Sungro,1784.0,S
8,Rajasthan,8.0,108,Karauli,107.0,6934,Suroth,0.0,S
23,Madhya Pradesh,23.0,667,Agar-Malwa,0.0,3515,Susner,3515.0,S
28,Andhra Pradesh,28.0,506,Guntur,548.0,5054,Tadepalli,5054.0,S
28,Andhra Pradesh,28.0,523,West Godavari,546.0,4961,Tadepalligudem,4961.0,S
14,Manipur,14.0,257,Senapati,272.0,6508,Tadubi,0.0,S
22,Chhattisgarh,22.0,375,Bilaspur,406.0,3294,Takhatpur,3294.0,S
24,Gujarat,24.0,443,Bhavnagar,481.0,3859,Talaja,3859.0,S
27,Maharashtra,27.0,665,Palghar,0.0,4157,Talasari,4157.0,S
9,Uttar Pradesh,9.0,161,Lalitpur,167.0,861,Talbehat,861.0,S
3,Punjab,3.0,28,Bathinda,46.0,246,Talwandi Sabo,246.0,S
14,Manipur,14.0,258,Tamenglong,273.0,1866,Tamenglong,1866.0,S
28,Andhra Pradesh,28.0,754,Sri Sathya Sai,0.0,5360,Tanakal,5360.0,S
3,Punjab,3.0,33,Hoshiarpur,38.0,7193,Tanda,0.0,S
9,Uttar Pradesh,9.0,121,Ambedkar Nagar,178.0,907,Tanda,907.0,S
36,Telangana,0.0,680,Nirmal,0.0,4340,Tanoor,4340.0,S
8,Rajasthan,8.0,781,Kekri,,6658,Tantoli,0.0,S
28,Andhra Pradesh,28.0,523,West Godavari,546.0,4972,Tanuku,4972.0,S
19,West Bengal,19.0,310,Dakshin Dinajpur,331.0,2205,Tapan,2205.0,S
10,Bihar,10.0,218,Saran,219.0,1250,Taraiya,1250.0,S
21,Odisha,21.0,372,Sonepur,392.0,3140,Tarbha,3140.0,S
3,Punjab,3.0,609,Tarn Taran,50.0,259,Tarn Taran,259.0,S
2,Himachal Pradesh,2.0,17,Hamirpur,28.0,6883,Tauni Devi Bamson,0.0,S
27,Maharashtra,27.0,467,Akola,501.0,3988,Telhara,3988.0,S
2,Himachal Pradesh,2.0,16,Chamba,23.0,7286,Telka,0.0,S
18,Assam,18.0,286,Dibrugarh,310.0,2066,Tengakhat,2066.0,S
33,Tamil Nadu,33.0,733,Tenkasi,0.0,5873,Tenkasi,5873.0,S
23,Madhya Pradesh,23.0,424,Rewa,430.0,3471,Teonthar,3471.0,S
17,Meghalaya,17.0,275,West Jaintia Hills,299.0,1996,Thadlaskein,1996.0,S
32,Kerala,32.0,557,Kannur,589.0,5634,Thalassery,5634.0,S
33,Tamil Nadu,33.0,573,Erode,610.0,6539,Thalavadi,0.0,S
32,Kerala,32.0,561,Kozhikode,591.0,5938,Thamarassery,0.0,S
1,Jammu And Kashmir,1.0,12,Rajouri,6.0,20,Thana Mandi,20.0,U
33,Tamil Nadu,33.0,593,Tiruvannamalai,606.0,5726,Thandrampet,5726.0,S
6,Haryana,6.0,68,Kurukshetra,72.0,366,Thanesar,366.0,S
24,Gujarat,24.0,460,Surendranagar,475.0,6037,Thangadh,0.0,S
10,Bihar,10.0,209,Nalanda,229.0,1388,Tharthari,1388.0,S
24,Gujarat,24.0,450,Kheda,483.0,3878,Thasra,3878.0,S
18,Assam,18.0,301,Sonitpur,306.0,7049,Thelamara,0.0,S
33,Tamil Nadu,33.0,588,Theni,624.0,5844,Theni,5844.0,S
2,Himachal Pradesh,2.0,23,Shimla,33.0,184,Theog,184.0,S
12,Arunachal Pradesh,12.0,238,Tawang,245.0,6556,Thingbu Circle,0.0,S
33,Tamil Nadu,33.0,585,Sivaganga,622.0,5829,Thiruppathur,5829.0,S
32,Kerala,32.0,564,Pathanamthitta,599.0,5679,Thiruvalla,5679.0,S
33,Tamil Nadu,33.0,591,Tiruchirappalli,614.0,5780,Thiruverumbur,5780.0,S
33,Tamil Nadu,33.0,586,Thanjavur,620.0,7406,Thiruvonam,0.0,S
32,Kerala,32.0,556,Idukki,596.0,5666,Thodupuzha,5666.0,S
33,Tamil Nadu,33.0,594,Thoothukkudi,627.0,5866,Thoothukkudi,5866.0,S
36,Telangana,0.0,688,Mahabubabad,0.0,4715,Thorrur,4715.0,S
28,Andhra Pradesh,28.0,515,Sri Potti Sriramulu Nellore,550.0,5180,Thotapalligudur,5180.0,S
12,Arunachal Pradesh,12.0,242,West Kameng,246.0,1575,Thrizino Adc,1575.0,S
21,Odisha,21.0,358,Kalahandi,395.0,3171,Thuamul Rampur,3171.0,S
21,Odisha,21.0,359,Kandhamal,390.0,3115,Tikabali,3115.0,S
10,Bihar,10.0,215,Rohtas,234.0,1474,Tilouthu,1474.0,S
23,Madhya Pradesh,23.0,408,Harda,448.0,3610,Timarni,3610.0,S
18,Assam,18.0,302,Tinsukia,309.0,2061,Tinsukia,2061.0,S
29,Karnataka,29.0,547,Shivamogga,568.0,5519,Tirthahalli,5519.0,S
33,Tamil Nadu,33.0,597,Virudhunagar,625.0,5852,Tiruchuli,5852.0,S
29,Karnataka,29.0,545,Mysuru,577.0,5575,Tirumakudal - Narsipur,5575.0,S
33,Tamil Nadu,33.0,592,Tirunelveli,628.0,5876,Tirunelveli,5876.0,S
28,Andhra Pradesh,28.0,752,Tirupati,0.0,5383,Tirupati (Urban),5383.0,S
33,Tamil Nadu,33.0,634,Tiruppur,633.0,5967,Tiruppurnorth,0.0,S
33,Tamil Nadu,33.0,583,Ramanathapuram,626.0,5855,Tiruvadanai,5855.0,S
33,Tamil Nadu,33.0,593,Tiruvannamalai,606.0,5727,Tiruvannamalai,5727.0,S
33,Tamil Nadu,33.0,733,Tenkasi,0.0,6642,Tiruvengadam,0.0,S
28,Andhra Pradesh,28.0,748,Eluru,0.0,4946,T.Narasapuram,4946.0,S
8,Rajasthan,8.0,771,Gangapurcity,,520,Todabhim,520.0,S
13,Nagaland,13.0,251,Zunheboto,263.0,5988,Tokiye,0.0,S
21,Odisha,21.0,356,Jajapur,382.0,2970,Tomka,2970.0,S
33,Tamil Nadu,33.0,568,Chennai,603.0,7168,Tondiarpet,0.0,S
23,Madhya Pradesh,23.0,402,Dewas,437.0,3524,Tonk Khurd,3524.0,S
20,Jharkhand,20.0,343,West Singhbhum,368.0,2737,Tonto,2737.0,S
36,Telangana,0.0,513,Medak,535.0,4482,Toopran,4482.0,S
29,Karnataka,29.0,548,Tumakuru,571.0,5537,Tumakuru,5537.0,S
27,Maharashtra,27.0,471,Bhandara,506.0,4037,Tumsar,4037.0,S
21,Odisha,21.0,345,Balangir,393.0,3146,Turekela,3146.0,S
21,Odisha,21.0,361,Kendujhar,375.0,2842,Turumunga,2842.0,S
14,Manipur,14.0,712,Kangpokpi,0.0,6492,T Vaichong,0.0,S
23,Madhya Pradesh,23.0,437,Vidisha,443.0,3574,Tyonda,3574.0,S
16,Tripura,16.0,654,Gomati,0.0,6693,Udaipur,0.0,S
23,Madhya Pradesh,23.0,421,Raisen,446.0,3597,Udaipura,3597.0,S
18,Assam,18.0,617,Udalguri,326.0,2152,Udalguri,2152.0,S
33,Tamil Nadu,33.0,610,Ariyalur,616.0,5786,Udayarpalayam,5786.0,S
23,Madhya Pradesh,23.0,402,Dewas,437.0,6535,Udaynagar,0.0,S
19,West Bengal,19.0,313,Howrah,341.0,2398,Udaynarayanpur,2398.0,S
32,Kerala,32.0,556,Idukki,596.0,5665,Udumbanchola,5665.0,S
28,Andhra Pradesh,28.0,746,Kakinada,0.0,4912,U.Kothapalli,4912.0,S
27,Maharashtra,27.0,497,Thane,517.0,4169,Ulhasnagar,4169.0,S
24,Gujarat,24.0,462,Valsad,491.0,3931,Umbergaon,3931.0,S
17,Meghalaya,17.0,276,Ri Bhoi,297.0,1987,Umsning,1987.0,S
24,Gujarat,24.0,675,Gir Somnath,0.0,3838,Una,3838.0,S
2,Himachal Pradesh,2.0,26,Una,29.0,150,Una,150.0,S
9,Uttar Pradesh,9.0,175,Rae Bareli,158.0,828,Unchahar,828.0,S
9,Uttar Pradesh,9.0,186,Unnao,156.0,816,Unnao,816.0,S
28,Andhra Pradesh,28.0,747,Dr. B.R. Ambedkar Konaseema,0.0,4942,Uppalaguptam,4942.0,S
28,Andhra Pradesh,28.0,502,Ananthapuramu,553.0,5317,Uravakonda,5317.0,S
33,Tamil Nadu,33.0,588,Theni,624.0,5845,Uthamapalayam,5845.0,S
36,Telangana,0.0,501,Adilabad,532.0,4321,Utnoor,4321.0,S
28,Andhra Pradesh,28.0,755,Nandyal,0.0,5302,Uyyalawada,5302.0,S
24,Gujarat,24.0,461,Vadodara,486.0,6526,Vadodara South,0.0,S
36,Telangana,0.0,516,Nizamabad,533.0,4365,Vailpoor,4365.0,S
24,Gujarat,24.0,442,Bharuch,488.0,3920,Valia,3920.0,S
36,Telangana,0.0,697,Yadadri Bhuvanagiri,0.0,4627,Valigonda,4627.0,S
24,Gujarat,24.0,641,Tapi,493.0,3946,Valod,3946.0,S
33,Tamil Nadu,33.0,729,Kallakurichi,0.0,7405,Vanapuram,0.0,S
33,Tamil Nadu,33.0,593,Tiruvannamalai,606.0,5723,Vandavasi,5723.0,S
24,Gujarat,24.0,448,Junagadh,479.0,3826,Vanthali,3826.0,S
33,Tamil Nadu,33.0,596,Viluppuram,607.0,5730,Vanur,5730.0,S
28,Andhra Pradesh,28.0,752,Tirupati,0.0,5381,Varadaiahpalem,5381.0,S
27,Maharashtra,27.0,665,Palghar,0.0,4164,Vasai,4164.0,S
7,Delhi,7.0,79,New Delhi,94.0,453,Vasant Vihar,453.0,U
27,Maharashtra,27.0,477,Hingoli,512.0,4115,Vasmath,4115.0,S
36,Telangana,0.0,691,Sangareddy,0.0,6291,Vatpally,0.0,S
28,Andhra Pradesh,28.0,749,Ntr,0.0,4990,Vatsavai,4990.0,S
24,Gujarat,24.0,438,Ahmedabad,474.0,6516,Vatva,0.0,S
33,Tamil Nadu,33.0,579,Nagapattinam,618.0,5802,Vedaranyam,5802.0,S
28,Andhra Pradesh,28.0,503,Chittoor,554.0,5397,Vedurukuppam,5397.0,S
36,Telangana,0.0,508,Karimnagar,534.0,4439,Veenavanka,4439.0,S
36,Telangana,0.0,686,Hanumakonda,0.0,6252,Velair,0.0,S
36,Telangana,0.0,681,Jagitial,0.0,4398,Velgatur,4398.0,S
27,Maharashtra,27.0,490,Pune,521.0,4197,Velhe,4197.0,S
28,Andhra Pradesh,28.0,517,Prakasam,549.0,5135,Veligandla,5135.0,S
33,Tamil Nadu,33.0,597,Virudhunagar,625.0,6640,Vembakottai,0.0,S
28,Andhra Pradesh,28.0,504,Y.S.R.,551.0,5233,Vempalli,5233.0,S
27,Maharashtra,27.0,495,Sindhudurg,529.0,4279,Vengurla,4279.0,S
28,Andhra Pradesh,28.0,521,Vizianagaram,543.0,4832,Vepada,4832.0,S
28,Andhra Pradesh,28.0,503,Chittoor,554.0,5405,Vijayapuram,5405.0,S
28,Andhra Pradesh,28.0,749,Ntr,0.0,6863,Vijayawada East,0.0,S
28,Andhra Pradesh,28.0,749,Ntr,0.0,6864,Vijayawada North,0.0,S
28,Andhra Pradesh,28.0,749,Ntr,0.0,6865,Vijayawada West,0.0,S
27,Maharashtra,27.0,665,Palghar,0.0,4159,Vikramgad,4159.0,S
28,Andhra Pradesh,28.0,515,Sri Potti Sriramulu Nellore,550.0,5161,Vinjamur,5161.0,S
29,Karnataka,29.0,541,Kodagu,576.0,5568,Virajpet,5568.0,S
24,Gujarat,24.0,669,Mahisagar,0.0,3870,Virpur,3870.0,S
28,Andhra Pradesh,28.0,749,Ntr,0.0,5000,Vissannapeta,5000.0,S
13,Nagaland,13.0,251,Zunheboto,263.0,1767,V.K.,1767.0,S
32,Kerala,32.0,567,Wayanad,590.0,5637,Vythiri,5637.0,S
36,Telangana,0.0,695,Jogulamba Gadwal,0.0,4610,Waddepally,4610.0,S
1,Jammu And Kashmir,1.0,3,Baramulla,8.0,6823,Wagoora,0.0,U
27,Maharashtra,27.0,494,Satara,527.0,4256,Wai,4256.0,S
12,Arunachal Pradesh,12.0,666,Longding,0.0,6012,Wakka Sdo,0.0,S
1,Jammu And Kashmir,1.0,626,Ganderbal,11.0,6808,Wakoora,0.0,U
27,Maharashtra,27.0,468,Amravati,503.0,4007,Warud,4007.0,S
33,Tamil Nadu,33.0,597,Virudhunagar,625.0,6675,Watrap,0.0,S
10,Bihar,10.0,196,Gaya,236.0,1507,Wazirganj,1507.0,S
28,Andhra Pradesh,28.0,502,Ananthapuramu,553.0,5312,Yadiki,5312.0,S
5,Uttarakhand,5.0,52,Pauri Garhwal,61.0,314,Yamkeshwar,314.0,S
12,Arunachal Pradesh,12.0,677,Kra Daadi,0.0,1704,Yangte Circle,1704.0,S
27,Maharashtra,27.0,500,Yavatmal,510.0,4082,Yavatmal,4082.0,S
27,Maharashtra,27.0,478,Jalgaon,499.0,3961,Yawal,3961.0,S
29,Karnataka,29.0,550,Uttara Kannada,563.0,5481,Yellapur,5481.0,S
28,Andhra Pradesh,28.0,511,Kurnool,552.0,5254,Yemmiganur,5254.0,S
28,Andhra Pradesh,28.0,745,Alluri Sitharama Raju,0.0,6063,Yetapaka,0.0,S
27,Maharashtra,27.0,487,Nashik,516.0,4156,Yevla,4156.0,S
12,Arunachal Pradesh,12.0,243,West Siang,250.0,1633,Yomcha Adc,1633.0,S
13,Nagaland,13.0,615,Longleng,268.0,1832,Yongnyah,1832.0,S
1,Jammu And Kashmir,1.0,8,Kupwara,1.0,6790,Zachaldara,0.0,U
9,Uttar Pradesh,9.0,146,Ghazipur,195.0,991,Zamania,991.0,S
28,Andhra Pradesh,28.0,517,Prakasam,549.0,5142,Zarugumalli,5142.0,S
8,Rajasthan,8.0,88,Banswara,125.0,6612,Abapura,0.0,S
36,Telangana,0.0,518,Ranga Reddy,537.0,6319,Abdullapurmet,0.0,S
3,Punjab,3.0,651,Fazilka,0.0,238,Abohar,238.0,S
8,Rajasthan,8.0,115,Sirohi,117.0,595,Abu Road,595.0,S
28,Andhra Pradesh,28.0,523,West Godavari,546.0,4981,Achanta,4981.0,S
6,Haryana,6.0,63,Hisar,80.0,393,Adampur,393.0,S
10,Bihar,10.0,213,Purbi Champaran,204.0,1032,Adapur,1032.0,S
27,Maharashtra,27.0,481,Latur,524.0,4228,Ahmadpur,4228.0,S
3,Punjab,3.0,737,Malerkotla,0.0,6856,Ahmedgarh,0.0,S
13,Nagaland,13.0,250,Wokha,264.0,1781,Aitepyong,1781.0,S
22,Chhattisgarh,22.0,383,Korba,404.0,7241,Ajgarbahar,0.0,S
27,Maharashtra,27.0,480,Kolhapur,530.0,4292,Ajra,4292.0,S
28,Andhra Pradesh,28.0,523,West Godavari,546.0,4975,Akividu,4975.0,S
36,Telangana,0.0,692,Siddipet,0.0,6285,Akkannapet,0.0,S
28,Andhra Pradesh,28.0,747,Dr. B.R. Ambedkar Konaseema,0.0,4925,Alamuru,4925.0,S
33,Tamil Nadu,33.0,582,Pudukkottai,621.0,5824,Alangudi,5824.0,S
10,Bihar,10.0,202,Khagaria,223.0,1322,Alauli,1322.0,S
6,Haryana,6.0,65,Jind,77.0,6409,Alewa,0.0,S
10,Bihar,10.0,195,Darbhanga,215.0,1187,Alinagar,1187.0,S
36,Telangana,0.0,690,Bhadradri Kothagudem,0.0,6267,Allapalli,0.0,S
9,Uttar Pradesh,9.0,121,Ambedkar Nagar,178.0,908,Allapur,908.0,S
29,Karnataka,29.0,530,Vijayapura,557.0,7123,Almel,0.0,S
28,Andhra Pradesh,28.0,519,Srikakulam,542.0,4798,Amadalavalasa,4798.0,S
28,Andhra Pradesh,28.0,751,Palnadu,0.0,5052,Amaravathi,5052.0,S
9,Uttar Pradesh,9.0,173,Pilibhit,151.0,6867,Amariya,0.0,S
28,Andhra Pradesh,28.0,747,Dr. B.R. Ambedkar Konaseema,0.0,4935,Ambajipeta,4935.0,S
6,Haryana,6.0,58,Ambala,70.0,6406,Ambala Cantonment,0.0,S
27,Maharashtra,27.0,497,Thane,517.0,4170,Ambarnath,4170.0,S
36,Telangana,0.0,507,Hyderabad,536.0,4502,Amberpet,4502.0,S
10,Bihar,10.0,214,Purnia,211.0,1138,Amour,1138.0,S
36,Telangana,0.0,694,Nagarkurnool,0.0,4578,Amrabad,4578.0,S
20,Jharkhand,20.0,337,Pakur,353.0,2574,Amrapara,2574.0,S
27,Maharashtra,27.0,468,Amravati,503.0,4009,Amravati,4009.0,S
9,Uttar Pradesh,9.0,141,Farrukhabad,159.0,831,Amritpur,831.0,S
33,Tamil Nadu,33.0,569,Coimbatore,632.0,6643,Anaimalai,0.0,S
21,Odisha,21.0,361,Kendujhar,375.0,2854,Anandapur,2854.0,S
28,Andhra Pradesh,28.0,505,East Godavari,545.0,4917,Anaparthi,4917.0,S
33,Tamil Nadu,33.0,577,Krishnagiri,631.0,6662,Anchetty,0.0,S
19,West Bengal,19.0,704,Paschim Bardhaman,0.0,2272,Andal,2272.0,S
27,Maharashtra,27.0,483,Mumbai Suburban,518.0,7179,Andheri,0.0,S
33,Tamil Nadu,33.0,610,Ariyalur,616.0,5983,Andimadam,0.0,S
24,Gujarat,24.0,440,Anand,482.0,3868,Anklav,3868.0,S
33,Tamil Nadu,33.0,569,Coimbatore,632.0,5955,Annur,0.0,S
8,Rajasthan,8.0,89,Baran,128.0,671,Antah,671.0,S
36,Telangana,0.0,682,Peddapalli,0.0,6214,Anthergaon,0.0,S
33,Tamil Nadu,33.0,576,Karur,613.0,5768,Aravakurichi,5768.0,S
27,Maharashtra,27.0,485,Nanded,511.0,4099,Ardhapur,4099.0,S
27,Maharashtra,27.0,500,Yavatmal,510.0,4088,Arni,4088.0,S
8,Rajasthan,8.0,629,Pratapgarh,131.0,700,Arnod,700.0,S
23,Madhya Pradesh,23.0,406,Guna,458.0,3682,Aron,3682.0,S
24,Gujarat,24.0,438,Ahmedabad,474.0,6512,Asarva,0.0,S
6,Haryana,6.0,67,Karnal,74.0,373,Assandh,373.0,S
1,Jammu And Kashmir,1.0,4,Doda,16.0,6752,Assar,0.0,U
36,Telangana,0.0,690,Bhadradri Kothagudem,0.0,4728,Aswapuram,4728.0,S
28,Andhra Pradesh,28.0,751,Palnadu,0.0,5050,Atchampet,5050.0,S
28,Andhra Pradesh,28.0,744,Anakapalli,0.0,4878,Atchuthapuram,4878.0,S
1,Jammu And Kashmir,1.0,620,Kishtwar,18.0,71,Atholi (Paddar),71.0,U
28,Andhra Pradesh,28.0,747,Dr. B.R. Ambedkar Konaseema,0.0,4919,Atreyapuram,4919.0,S
21,Odisha,21.0,347,Bargarh,370.0,2769,Attabira,2769.0,S
10,Bihar,10.0,208,Muzaffarpur,216.0,1207,Aurai,1207.0,S
27,Maharashtra,27.0,481,Latur,524.0,4232,Ausa,4232.0,S
19,West Bengal,19.0,306,Purba Bardhaman,335.0,2276,Ausgram - II,2276.0,S
2,Himachal Pradesh,2.0,22,Mandi,27.0,134,Aut,134.0,S
33,Tamil Nadu,33.0,634,Tiruppur,633.0,5903,Avinashi,5903.0,S
9,Uttar Pradesh,9.0,123,Azamgarh,191.0,966,Azamgarh,966.0,S
9,Uttar Pradesh,9.0,128,Banda,170.0,872,Baberu,872.0,S
23,Madhya Pradesh,23.0,398,Chhatarpur,425.0,3431,Bada Malhera,3431.0,S
2,Himachal Pradesh,2.0,25,Solan,31.0,162,Baddi,162.0,S
22,Chhattisgarh,22.0,643,Kondagaon,0.0,3356,Baderajpur,3356.0,S
23,Madhya Pradesh,23.0,421,Raisen,446.0,3595,Badi,3595.0,S
6,Haryana,6.0,64,Jhajjar,83.0,6444,Badli,0.0,S
22,Chhattisgarh,22.0,385,Mahasamund,411.0,3343,Bagbahra,3343.0,S
18,Assam,18.0,280,Barpeta,303.0,2020,Baghbor,2020.0,S
13,Nagaland,13.0,250,Wokha,264.0,1783,Baghty,1783.0,S
19,West Bengal,19.0,313,Howrah,341.0,2408,Bagnan - I,2408.0,S
20,Jharkhand,20.0,329,Giridih,349.0,2541,Bagodar,2541.0,S
36,Telangana,0.0,507,Hyderabad,536.0,4508,Bahadurpura,4508.0,S
21,Odisha,21.0,365,Mayurbhanj,376.0,2859,Bahalda,2859.0,S
1,Jammu And Kashmir,1.0,5,Jammu,21.0,6707,Bahu,0.0,U
23,Madhya Pradesh,23.0,392,Balaghat,457.0,3674,Baihar,3674.0,S
2,Himachal Pradesh,2.0,18,Kangra,24.0,112,Baijnath,112.0,S
10,Bihar,10.0,211,Pashchim Champaran,203.0,1029,Bairia,1029.0,S
10,Bihar,10.0,214,Purnia,211.0,1139,Baisa,1139.0,S
18,Assam,18.0,739,Bajali,0.0,2024,Bajali (Pt),2024.0,S
8,Rajasthan,8.0,93,Bikaner,101.0,6913,Bajju,0.0,S
3,Punjab,3.0,40,Shahid Bhagat Singh Nagar,39.0,219,Balachaur,219.0,S
21,Odisha,21.0,346,Baleshwar,377.0,2900,Balaramgadi Marine,2900.0,S
24,Gujarat,24.0,669,Mahisagar,0.0,3871,Balasinor,3871.0,S
28,Andhra Pradesh,28.0,752,Tirupati,0.0,5188,Balayapalli,5188.0,S
2,Himachal Pradesh,2.0,22,Mandi,27.0,6947,Balh,0.0,S
21,Odisha,21.0,356,Jajapur,382.0,2983,Balichandrapur,2983.0,S
2,Himachal Pradesh,2.0,22,Mandi,27.0,135,Bali Chowki,135.0,S
18,Assam,18.0,287,Goalpara,302.0,2014,Balijana,2014.0,S
21,Odisha,21.0,355,Jagatsinghapur,380.0,2943,Balikuda,2943.0,S
21,Odisha,21.0,352,Dhenkanal,383.0,2996,Balimi,2996.0,S
28,Andhra Pradesh,28.0,755,Nandyal,0.0,5288,Banaganapalli,5288.0,S
21,Odisha,21.0,362,Khordha,386.0,3054,Banapur,3054.0,S
12,Arunachal Pradesh,12.0,237,Papum Pare,248.0,6603,Banderdewa Circle,0.0,S
20,Jharkhand,20.0,343,West Singhbhum,368.0,2730,Bandgaon,2730.0,S
36,Telangana,0.0,507,Hyderabad,536.0,4509,Bandlaguda,4509.0,S
3,Punjab,3.0,40,Shahid Bhagat Singh Nagar,39.0,5993,Banga,0.0,S
2,Himachal Pradesh,2.0,26,Una,29.0,149,Bangana,149.0,S
29,Karnataka,29.0,542,Kolar,581.0,5593,Bangarapet,5593.0,S
2,Himachal Pradesh,2.0,20,Kullu,26.0,120,Banjar,120.0,S
10,Bihar,10.0,190,Banka,225.0,1350,Banka,1350.0,S
19,West Bengal,19.0,305,Bankura,339.0,2361,Bankura - I,2361.0,S
10,Bihar,10.0,216,Saharsa,214.0,1180,Banma Itahri,1180.0,S
29,Karnataka,29.0,534,Dakshina Kannada,575.0,5562,Bantval,5562.0,S
36,Telangana,0.0,698,Vikarabad,0.0,4532,Bantwaram,4532.0,S
8,Rajasthan,8.0,772,Phalodi,,6916,Bapini,0.0,S
6,Haryana,6.0,71,Panipat,75.0,6462,Bapoli,0.0,S
28,Andhra Pradesh,28.0,510,Krishna,547.0,5004,Bapulapadu,5004.0,S
5,Uttarakhand,5.0,48,Champawat,65.0,6377,Barakot,0.0,S
18,Assam,18.0,298,Nalbari,323.0,2135,Barbhag,2135.0,S
10,Bihar,10.0,219,Sheikhpura,228.0,1372,Barbigha,1372.0,S
20,Jharkhand,20.0,328,Garhwa,346.0,2500,Bardiha,2500.0,S
9,Uttar Pradesh,9.0,130,Bareilly,150.0,787,Bareilly,787.0,S
20,Jharkhand,20.0,328,Garhwa,346.0,6329,Bargarh,0.0,S
10,Bihar,10.0,222,Siwan,218.0,1231,Barharia,1231.0,S
20,Jharkhand,20.0,340,Sahebganj,352.0,2572,Barharwa,2572.0,S
8,Rajasthan,8.0,98,Dholpur,106.0,516,Bari,516.0,S
10,Bihar,10.0,207,Munger,226.0,1357,Bariarpur,1357.0,S
20,Jharkhand,20.0,332,Hazaribagh,360.0,2657,Barkagaon,2657.0,S
18,Assam,18.0,280,Barpeta,303.0,2022,Barpeta,2022.0,S
21,Odisha,21.0,365,Mayurbhanj,376.0,2882,Barsahi,2882.0,S
2,Himachal Pradesh,2.0,17,Hamirpur,28.0,144,Barsar,144.0,S
6,Haryana,6.0,63,Hisar,80.0,6440,Barwala,0.0,S
8,Rajasthan,8.0,98,Dholpur,106.0,7372,Basai Nawab,0.0,S
19,West Bengal,19.0,304,South 24 Parganas,343.0,2434,Basanti,2434.0,S
29,Karnataka,29.0,530,Vijayapura,557.0,5452,Basavana Bagevadi,5452.0,S
8,Rajasthan,8.0,98,Dholpur,106.0,515,Baseri,515.0,S
23,Madhya Pradesh,23.0,437,Vidisha,443.0,3573,Basoda,3573.0,S
1,Jammu And Kashmir,1.0,7,Kathua,7.0,28,Basohli,28.0,U
1,Jammu And Kashmir,1.0,621,Ramban,17.0,6761,Batote,0.0,U
24,Gujarat,24.0,672,Arvalli,0.0,3772,Bayad,3772.0,S
36,Telangana,0.0,681,Jagitial,0.0,6212,Beerpur,0.0,S
8,Rajasthan,8.0,782,Kotputli-Behror,,493,Behror,493.0,S
22,Chhattisgarh,22.0,377,Dhamtari,412.0,7316,Belargaon,0.0,S
10,Bihar,10.0,190,Banka,225.0,1352,Belhar,1352.0,S
21,Odisha,21.0,357,Jharsuguda,371.0,2772,Belpahar,2772.0,S
22,Chhattisgarh,22.0,375,Bilaspur,406.0,7281,Beltara,0.0,S
9,Uttar Pradesh,9.0,126,Ballia,193.0,975,Belthara Road,975.0,S
10,Bihar,10.0,209,Nalanda,229.0,1393,Ben,1393.0,S
20,Jharkhand,20.0,329,Giridih,349.0,2537,Bengabad,2537.0,S
19,West Bengal,19.0,319,Murshidabad,333.0,2241,Berhampore,2241.0,S
22,Chhattisgarh,22.0,650,Bemetara,0.0,3315,Berla,3315.0,S
20,Jharkhand,20.0,322,Bokaro,355.0,2590,Bermo,2590.0,S
27,Maharashtra,27.0,478,Jalgaon,499.0,3971,Bhadgaon,3971.0,S
8,Rajasthan,8.0,101,Hanumangarh,100.0,472,Bhadra,472.0,S
36,Telangana,0.0,690,Bhadradri Kothagudem,0.0,4730,Bhadrachalam,4730.0,S
1,Jammu And Kashmir,1.0,4,Doda,16.0,6747,Bhagwah,0.0,U
10,Bihar,10.0,222,Siwan,218.0,1235,Bhagwanpur Hat,1235.0,S
36,Telangana,0.0,680,Nirmal,0.0,4339,Bhainsa,4339.0,S
21,Odisha,21.0,363,Koraput,398.0,3201,Bhairabsingipur,3201.0,S
22,Chhattisgarh,22.0,636,Bijapur,417.0,3379,Bhairamgarh,3379.0,S
22,Chhattisgarh,22.0,377,Dhamtari,412.0,7315,Bhakhara,0.0,S
29,Karnataka,29.0,529,Bidar,558.0,5455,Bhalki,5455.0,S
23,Madhya Pradesh,23.0,401,Datia,422.0,3406,Bhander,3406.0,S
20,Jharkhand,20.0,336,Lohardaga,356.0,2603,Bhandra,2603.0,S
19,West Bengal,19.0,304,South 24 Parganas,343.0,2418,Bhangar - I,2418.0,S
1,Jammu And Kashmir,1.0,4,Doda,16.0,6746,Bharath Bagla,0.0,U
6,Haryana,6.0,61,Fatehabad,78.0,6436,Bhattukalan St,0.0,S
36,Telangana,0.0,684,Mancherial,0.0,6228,Bheemaram,0.0,S
36,Telangana,0.0,516,Nizamabad,533.0,4364,Bheemgal,4364.0,S
36,Telangana,0.0,684,Mancherial,0.0,4328,Bheemini,4328.0,S
8,Rajasthan,8.0,112,Rajsamand,123.0,639,Bhim,639.0,S
8,Rajasthan,8.0,781,Kekri,,612,Bhinay,612.0,S
23,Madhya Pradesh,23.0,395,Bhind,420.0,3392,Bhind,3392.0,S
9,Uttar Pradesh,9.0,181,Shrawasti,181.0,923,Bhinga,923.0,S
17,Meghalaya,17.0,276,Ri Bhoi,297.0,6543,Bhoirymbong,0.0,S
27,Maharashtra,27.0,479,Jalna,514.0,4125,Bhokardan,4125.0,S
8,Rajasthan,8.0,778,Jodhpur (Gramin),,569,Bhopalgarh,569.0,S
24,Gujarat,24.0,449,Kachchh,468.0,3726,Bhuj,3726.0,S
6,Haryana,6.0,61,Fatehabad,78.0,6437,Bhuna St,0.0,S
27,Maharashtra,27.0,478,Jalgaon,499.0,3965,Bhusawal,3965.0,S
23,Madhya Pradesh,23.0,422,Rajgarh,442.0,3566,Biaora,3566.0,S
28,Andhra Pradesh,28.0,505,East Godavari,545.0,4916,Biccavolu,4916.0,S
23,Madhya Pradesh,23.0,415,Mandla,454.0,3645,Bichhiya,3645.0,S
36,Telangana,0.0,685,Kamareddy,0.0,4374,Bichkunda,4374.0,S
18,Assam,18.0,295,Lakhimpur,307.0,2049,Bihpuria,2049.0,S
23,Madhya Pradesh,23.0,398,Chhatarpur,425.0,3433,Bijawar,3433.0,S
8,Rajasthan,8.0,92,Bhilwara,122.0,638,Bijoliya,638.0,S
9,Uttar Pradesh,9.0,140,Ayodhya,177.0,906,Bikapur,906.0,S
10,Bihar,10.0,212,Patna,230.0,1405,Bikram,1405.0,S
8,Rajasthan,8.0,778,Jodhpur (Gramin),,573,Bilara,573.0,S
6,Haryana,6.0,76,Yamunanagar,71.0,362,Bilaspur,362.0,S
21,Odisha,21.0,372,Sonepur,392.0,3137,Biramaharajpur,3137.0,S
9,Uttar Pradesh,9.0,173,Pilibhit,151.0,791,Bisalpur,791.0,S
16,Tripura,16.0,653,Sepahijala,0.0,6699,Bishalgarh,0.0,S
36,Telangana,0.0,516,Nizamabad,533.0,4370,Bodhan,4370.0,S
21,Odisha,21.0,363,Koraput,398.0,3211,Boipariguda,3211.0,S
21,Odisha,21.0,362,Khordha,386.0,3034,Bolagad,3034.0,S
28,Andhra Pradesh,28.0,751,Palnadu,0.0,5061,Bollapalli,5061.0,S
28,Andhra Pradesh,28.0,502,Ananthapuramu,553.0,5307,Bommanahal,5307.0,S
36,Telangana,0.0,509,Khammam,541.0,4765,Bonakal,4765.0,S
12,Arunachal Pradesh,12.0,238,Tawang,245.0,6557,Bongkhar Circle,0.0,S
12,Arunachal Pradesh,12.0,239,Tirap,254.0,6594,Borduria Circle,0.0,S
22,Chhattisgarh,22.0,378,Durg,409.0,7330,Bori,0.0,S
13,Nagaland,13.0,245,Kohima,270.0,1846,Botsa,1846.0,S
21,Odisha,21.0,369,Puri,387.0,3067,Brahmagiri,3067.0,S
27,Maharashtra,27.0,473,Chandrapur,509.0,4067,Brahmapuri,4067.0,S
29,Karnataka,29.0,549,Udupi,569.0,7068,Brahmavara,0.0,S
9,Uttar Pradesh,9.0,172,Muzaffarnagar,133.0,709,Budhana,709.0,S
21,Odisha,21.0,354,Ganjam,388.0,3072,Buguda,3072.0,S
9,Uttar Pradesh,9.0,134,Bulandshahr,142.0,746,Bulandshahr,746.0,S
21,Odisha,21.0,347,Bargarh,370.0,2758,Burdenp.S.,2758.0,S
19,West Bengal,19.0,306,Purba Bardhaman,335.0,2290,Burdwan - II,2290.0,S
36,Telangana,0.0,690,Bhadradri Kothagudem,0.0,4736,Burgampahad,4736.0,S
23,Madhya Pradesh,23.0,429,Shahdol,460.0,6988,Burhar,0.0,S
29,Karnataka,29.0,540,Haveri,564.0,5493,Byadgi,5493.0,S
19,West Bengal,19.0,304,South 24 Parganas,343.0,2420,Canning - I,2420.0,S
18,Assam,18.0,286,Dibrugarh,310.0,2065,Chabua,2065.0,S
2,Himachal Pradesh,2.0,22,Mandi,27.0,137,Chachyot,137.0,S
2,Himachal Pradesh,2.0,18,Kangra,24.0,6897,Chadiyar,0.0,S
20,Jharkhand,20.0,331,Gumla,366.0,2713,Chainpur,2713.0,S
9,Uttar Pradesh,9.0,139,Etawah,161.0,840,Chakarnagar,840.0,S
19,West Bengal,19.0,320,Nadia,336.0,2314,Chakdah,2314.0,S
20,Jharkhand,20.0,327,East Singhbum,357.0,2613,Chakulia,2613.0,S
22,Chhattisgarh,22.0,649,Balrampur-Ramanujganj,0.0,7340,Chalgali,0.0,S
27,Maharashtra,27.0,478,Jalgaon,499.0,3972,Chalisgaon,3972.0,S
18,Assam,18.0,291,Kamrup,321.0,2122,Chamaria,2122.0,S
2,Himachal Pradesh,2.0,16,Chamba,23.0,90,Chamba,90.0,S
12,Arunachal Pradesh,12.0,677,Kra Daadi,0.0,1709,Chambang Circle,1709.0,S
22,Chhattisgarh,22.0,379,Janjgir-Champa,405.0,3281,Champa,3281.0,S
23,Madhya Pradesh,23.0,398,Chhatarpur,425.0,3426,Chandla,3426.0,S
18,Assam,18.0,618,Kamrup Metro,322.0,2131,Chandrapur,2131.0,S
27,Maharashtra,27.0,473,Chandrapur,509.0,4071,Chandrapur,4071.0,S
20,Jharkhand,20.0,322,Bokaro,355.0,2589,Chandrapura,2589.0,S
28,Andhra Pradesh,28.0,517,Prakasam,549.0,5145,Chandra Sekhara Puram,5145.0,S
36,Telangana,0.0,516,Nizamabad,533.0,6669,Chandur,0.0,S
36,Telangana,0.0,514,Nalgonda,539.0,4655,Chandur,4655.0,S
27,Maharashtra,27.0,487,Nashik,516.0,4148,Chandvad,4148.0,S
32,Kerala,32.0,560,Kottayam,597.0,5671,Changanassery,5671.0,S
12,Arunachal Pradesh,12.0,229,Changlang,253.0,1671,Changlang Hq,1671.0,S
13,Nagaland,13.0,249,Tuensang,267.0,1815,Chare,1815.0,S
18,Assam,18.0,301,Sonitpur,306.0,2042,Chariduar,2042.0,S
28,Andhra Pradesh,28.0,506,Guntur,548.0,5079,Chebrolu,5079.0,S
28,Andhra Pradesh,28.0,521,Vizianagaram,543.0,4827,Cheepurupalli,4827.0,S
1,Jammu And Kashmir,1.0,14,Udhampur,19.0,73,Chenani,73.0,U
18,Assam,18.0,280,Barpeta,303.0,2021,Chenga,2021.0,S
33,Tamil Nadu,33.0,730,Chengalpattu,0.0,5706,Chengalpattu,5706.0,S
33,Tamil Nadu,33.0,593,Tiruvannamalai,606.0,5725,Chengam,5725.0,S
36,Telangana,0.0,522,Warangal,540.0,4712,Chennaraopet,4712.0,S
32,Kerala,32.0,554,Alappuzha,598.0,5673,Cherthala,5673.0,S
22,Chhattisgarh,22.0,386,Raigarh,403.0,7240,Chhal,0.0,S
2,Himachal Pradesh,2.0,22,Mandi,27.0,6950,Chhatri,0.0,S
18,Assam,18.0,291,Kamrup,321.0,2120,Chhaygaon,2120.0,S
21,Odisha,21.0,344,Anugul,384.0,3014,Chhendipada,3014.0,S
23,Madhya Pradesh,23.0,399,Chhindwara,455.0,3654,Chhindwara,3654.0,S
10,Bihar,10.0,191,Begusarai,222.0,1305,Chhorahi,1305.0,S
24,Gujarat,24.0,668,Chhotaudepur,0.0,3901,Chhota Udaipur,3901.0,S
27,Maharashtra,27.0,472,Buldhana,500.0,3983,Chikhli,3983.0,S
28,Andhra Pradesh,28.0,748,Eluru,0.0,4944,Chintalapudi,4944.0,S
29,Karnataka,29.0,630,Chikkaballapura,582.0,5600,Chintamani,5600.0,S
5,Uttarakhand,5.0,57,Uttar Kashi,56.0,282,Chinyali Saur,282.0,S
21,Odisha,21.0,364,Malkangiri,399.0,3223,Chitrakonda,3223.0,S
28,Andhra Pradesh,28.0,752,Tirupati,0.0,5193,Chittamur,5193.0,S
13,Nagaland,13.0,248,Phek,266.0,1812,Chizami,1812.0,S
28,Andhra Pradesh,28.0,744,Anakapalli,0.0,4872,Chodavaram,4872.0,S
8,Rajasthan,8.0,90,Barmer,115.0,584,Chohtan,584.0,S
36,Telangana,0.0,508,Karimnagar,534.0,4424,Choppadandi,4424.0,S
1,Jammu And Kashmir,1.0,5,Jammu,21.0,6703,Chowki Choura,0.0,U
13,Nagaland,13.0,250,Wokha,264.0,1791,Chukitong,1791.0,S
36,Telangana,0.0,690,Bhadradri Kothagudem,0.0,6376,Chunchupalli,0.0,S
20,Jharkhand,20.0,332,Hazaribagh,360.0,2658,Churchu,2658.0,S
8,Rajasthan,8.0,96,Churu,102.0,484,Churu,484.0,S
21,Odisha,21.0,350,Cuttack,381.0,2964,C.R.R.I.,2964.0,S
28,Andhra Pradesh,28.0,751,Palnadu,0.0,5045,Dachepalli,5045.0,S
12,Arunachal Pradesh,12.0,239,Tirap,254.0,1687,Dadam Circle,1687.0,S
36,Telangana,0.0,699,Kumuram Bheem Asifabad,0.0,4329,Dahegoan,4329.0,S
23,Madhya Pradesh,23.0,403,Dhar,438.0,3537,Dahi,3537.0,S
18,Assam,18.0,283,Darrang,325.0,2149,Dalgaon (Pt),2149.0,S
9,Uttar Pradesh,9.0,175,Rae Bareli,158.0,827,Dalmau,827.0,S
10,Bihar,10.0,217,Samastipur,221.0,1297,Dalsinghsarai,1297.0,S
17,Meghalaya,17.0,278,West Garo Hills,293.0,1969,Dalu,1969.0,S
17,Meghalaya,17.0,273,East Garo Hills,294.0,1971,Dambo Rongjeng,1971.0,S
12,Arunachal Pradesh,12.0,230,Dibang Valley,257.0,6591,Dambuen Circle,0.0,S
36,Telangana,0.0,686,Hanumakonda,0.0,6375,Damera,0.0,S
36,Telangana,0.0,690,Bhadradri Kothagudem,0.0,4750,Dammapeta,4750.0,S
21,Odisha,21.0,363,Koraput,398.0,3217,Damonjodi,3217.0,S
20,Jharkhand,20.0,328,Garhwa,346.0,2506,Dandai,2506.0,S
10,Bihar,10.0,191,Begusarai,222.0,1317,Dandari,1317.0,S
1,Jammu And Kashmir,1.0,3,Baramulla,8.0,6827,Dangarpora,0.0,U
10,Bihar,10.0,212,Patna,230.0,1412,Daniawan,1412.0,S
36,Telangana,0.0,688,Mahabubabad,0.0,6255,Danthalapalle,0.0,S
10,Bihar,10.0,195,Darbhanga,215.0,1184,Darbhanga,1184.0,S
2,Himachal Pradesh,2.0,25,Solan,31.0,159,Darlaghat,159.0,S
27,Maharashtra,27.0,500,Yavatmal,510.0,4083,Darwha,4083.0,S
24,Gujarat,24.0,460,Surendranagar,475.0,3790,Dasada,3790.0,S
27,Maharashtra,27.0,490,Pune,521.0,4195,Daund,4195.0,S
9,Uttar Pradesh,9.0,134,Bulandshahr,142.0,749,Debai,749.0,S
8,Rajasthan,8.0,767,Deeg,,508,Deeg,508.0,S
24,Gujarat,24.0,441,Banas Kantha,469.0,3740,Deesa,3740.0,S
7,Delhi,7.0,670,South East,0.0,455,Defence Colony,455.0,U
19,West Bengal,19.0,303,North 24 Parganas,337.0,2327,Deganga,2327.0,S
2,Himachal Pradesh,2.0,22,Mandi,27.0,6949,Dehar,0.0,S
24,Gujarat,24.0,446,Gandhinagar,473.0,3776,Dehgam,3776.0,S
17,Meghalaya,17.0,278,West Garo Hills,293.0,6546,Demdema,0.0,S
10,Bihar,10.0,189,Aurangabad,235.0,1485,Deo,1485.0,S
9,Uttar Pradesh,9.0,177,Saharanpur,132.0,704,Deoband,704.0,S
8,Rajasthan,8.0,112,Rajsamand,123.0,640,Deogarh,640.0,S
8,Rajasthan,8.0,116,Tonk,120.0,620,Deoli,620.0,S
12,Arunachal Pradesh,12.0,239,Tirap,254.0,1684,Deomali Adc,1684.0,S
27,Maharashtra,27.0,481,Latur,524.0,4234,Deoni,4234.0,S
21,Odisha,21.0,360,Kendrapara,379.0,2930,Derabish,2930.0,S
8,Rajasthan,8.0,111,Pali,118.0,603,Desuri,603.0,S
29,Karnataka,29.0,526,Bengaluru Rural,583.0,5603,Devanahalli,5603.0,S
29,Karnataka,29.0,530,Vijayapura,557.0,7071,Devara Hipparagi,0.0,S
28,Andhra Pradesh,28.0,505,East Godavari,545.0,4957,Devarapalle,4957.0,S
24,Gujarat,24.0,445,Dahod,485.0,3895,Devgadbaria,3895.0,S
23,Madhya Pradesh,23.0,402,Dewas,437.0,3526,Dewas,3526.0,S
10,Bihar,10.0,213,Purbi Champaran,204.0,1039,Dhaka,1039.0,S
21,Odisha,21.0,371,Sambalpur,372.0,2795,Dhama,2795.0,S
21,Odisha,21.0,348,Bhadrak,378.0,2921,Dhamara Marine,2921.0,S
20,Jharkhand,20.0,325,Dhanbad,354.0,2584,Dhanbad-Cum-Kenduadih-Cum-Jagata,2584.0,S
6,Haryana,6.0,66,Kaithal,73.0,6448,Dhand St,0.0,S
27,Maharashtra,27.0,475,Gadchiroli,508.0,4056,Dhanora,4056.0,S
23,Madhya Pradesh,23.0,428,Seoni,456.0,3662,Dhanora,3662.0,S
24,Gujarat,24.0,672,Arvalli,0.0,3770,Dhansura,3770.0,S
20,Jharkhand,20.0,329,Giridih,349.0,2535,Dhanwar,2535.0,S
10,Bihar,10.0,207,Munger,226.0,1359,Dharhara,1359.0,S
29,Karnataka,29.0,536,Dharwad,562.0,5473,Dharwad,5473.0,S
2,Himachal Pradesh,2.0,17,Hamirpur,28.0,145,Dhatwal,145.0,S
9,Uttar Pradesh,9.0,159,Kheri,153.0,802,Dhaurahara,802.0,S
10,Bihar,10.0,208,Muzaffarpur,216.0,1211,Dholi (Moraul),1211.0,S
5,Uttarakhand,5.0,52,Pauri Garhwal,61.0,309,Dhoomakot,309.0,S
18,Assam,18.0,285,Dhubri,301.0,6014,Dhubri,2008.0,S
20,Jharkhand,20.0,328,Garhwa,346.0,2504,Dhurki,2504.0,S
21,Odisha,21.0,348,Bhadrak,378.0,2918,Dhusuri,2918.0,S
35,Andaman And Nicobar Islands,35.0,632,North And Middle Andaman,639.0,5919,Diglipur,5919.0,U
8,Rajasthan,8.0,109,Kota,127.0,666,Digod,666.0,S
27,Maharashtra,27.0,500,Yavatmal,510.0,4084,Digras,4084.0,S
13,Nagaland,13.0,244,Dimapur,265.0,1796,Dimapur Sadar,1796.0,S
27,Maharashtra,27.0,495,Sindhudurg,529.0,4282,Dodamarg,4282.0,S
12,Arunachal Pradesh,12.0,237,Papum Pare,248.0,1598,Doimukh Sdo,1598.0,S
23,Madhya Pradesh,23.0,409,Narmadapuram,449.0,3615,Dolariya,3615.0,S
12,Arunachal Pradesh,12.0,718,Kamle,0.0,1701,Dollungmukh Circle,1701.0,S
36,Telangana,0.0,698,Vikarabad,0.0,4537,Doma,4537.0,S
22,Chhattisgarh,22.0,388,Rajnandgaon,408.0,3307,Dongargaon,3307.0,S
18,Assam,18.0,710,West Karbi Anglong,0.0,2088,Donka,2088.0,S
18,Assam,18.0,302,Tinsukia,309.0,2060,Doom Dooma,2060.0,S
21,Odisha,21.0,370,Rayagada,396.0,3180,Doraguda,3180.0,S
9,Uttar Pradesh,9.0,184,Sonbhadra,200.0,1006,Dudhi,1006.0,S
18,Assam,18.0,287,Goalpara,302.0,2016,Dudhnai,2016.0,S
36,Telangana,0.0,522,Warangal,540.0,4693,Duggondi,4693.0,S
22,Chhattisgarh,22.0,380,Jashpur,402.0,3260,Duldula,3260.0,S
19,West Bengal,19.0,704,Paschim Bardhaman,0.0,2274,Durgapur Faridpur,2274.0,S
10,Bihar,10.0,200,Kaimur (Bhabua),233.0,1450,Durgawati,1450.0,S
22,Chhattisgarh,22.0,381,Uttar Bastar Kanker,413.0,3350,Durgkondal,3350.0,S
33,Tamil Nadu,33.0,568,Chennai,603.0,7164,Egmore,0.0,S
10,Bihar,10.0,209,Nalanda,229.0,1391,Ekangarsarai,1391.0,S
19,West Bengal,19.0,316,Malda,332.0,2218,English Bazar,2218.0,S
20,Jharkhand,20.0,606,Khunti,365.0,2705,Erki(Tamar Ii),2705.0,S
32,Kerala,32.0,562,Malappuram,592.0,5641,Ernad,5641.0,S
19,West Bengal,19.0,664,Alipurduar,0.0,2175,Falakata,2175.0,S
10,Bihar,10.0,201,Katihar,212.0,1142,Falka,1142.0,S
9,Uttar Pradesh,9.0,141,Farrukhabad,159.0,832,Farrukhabad,832.0,S
6,Haryana,6.0,61,Fatehabad,78.0,388,Fatehabad,388.0,S
9,Uttar Pradesh,9.0,129,Bara Banki,176.0,896,Fatehpur,896.0,S
6,Haryana,6.0,66,Kaithal,73.0,369,Fatehpur Pundri,369.0,S
35,Andaman And Nicobar Islands,35.0,602,South Andamans,640.0,5922,Ferrargunj,5922.0,U
22,Chhattisgarh,22.0,645,Gariyaband,0.0,7343,Fingeshwar,0.0,S
3,Punjab,3.0,31,Ferozepur,43.0,235,Firozpur,235.0,S
1,Jammu And Kashmir,1.0,622,Kulgam,15.0,6780,Frisal,0.0,U
28,Andhra Pradesh,28.0,749,Ntr,0.0,5006,Gaddamanugu Konduru,5006.0,S
24,Gujarat,24.0,676,Botad,0.0,3852,Gadhada,3852.0,S
36,Telangana,0.0,501,Adilabad,532.0,6225,Gadiguda,0.0,S
27,Maharashtra,27.0,480,Kolhapur,530.0,4288,Gaganbawada,4288.0,S
28,Andhra Pradesh,28.0,520,Visakhapatnam,544.0,4869,Gajuwaka,4869.0,S
24,Gujarat,24.0,450,Kheda,483.0,6025,Galteshwar,0.0,S
8,Rajasthan,8.0,99,Dungarpur,124.0,7138,Gamdi Ahada,0.0,S
22,Chhattisgarh,22.0,759,Khairagarh-Chhuikhadan-Gandai,0.0,7264,Gandai,0.0,S
28,Andhra Pradesh,28.0,746,Kakinada,0.0,4904,Gandepalli,4904.0,S
20,Jharkhand,20.0,329,Giridih,349.0,2538,Gandey,2538.0,S
7,Delhi,7.0,78,East,93.0,439,Gandhi Nagar,439.0,U
23,Madhya Pradesh,23.0,403,Dhar,438.0,3535,Gandhwani,3535.0,S
36,Telangana,0.0,700,Medchal Malkajgiri,0.0,6316,Gandimaisamma Dundigal,0.0,S
36,Telangana,0.0,508,Karimnagar,534.0,4422,Gangadhara,4422.0,S
22,Chhattisgarh,22.0,636,Bijapur,417.0,7263,Gangaloor,0.0,S
21,Odisha,21.0,354,Ganjam,388.0,3075,Gangapur,3075.0,S
33,Tamil Nadu,33.0,584,Salem,608.0,5744,Gangavalli,5744.0,S
8,Rajasthan,8.0,95,Chittorgarh,126.0,656,Gangrar,656.0,S
28,Andhra Pradesh,28.0,521,Vizianagaram,543.0,4830,Gantyada,4830.0,S
9,Uttar Pradesh,9.0,153,Jhansi,166.0,857,Garautha,857.0,S
19,West Bengal,19.0,318,Paschim Medinipur,344.0,2445,Garbeta - III,2445.0,S
9,Uttar Pradesh,9.0,661,Hapur,0.0,741,Garhmukteshwar,741.0,S
28,Andhra Pradesh,28.0,521,Vizianagaram,543.0,4826,Garividi,4826.0,S
24,Gujarat,24.0,452,Narmada,487.0,6029,Garudeshwar,0.0,S
6,Haryana,6.0,60,Faridabad,88.0,6416,Gaunchi St,0.0,S
9,Uttar Pradesh,9.0,640,Amethi,0.0,913,Gauriganj,913.0,S
20,Jharkhand,20.0,329,Giridih,349.0,2532,Gawan,2532.0,S
10,Bihar,10.0,196,Gaya,236.0,1495,Gaya Town C.D.Block,1495.0,S
5,Uttarakhand,5.0,47,Chamoli,57.0,6343,Ghaat,0.0,S
21,Odisha,21.0,365,Mayurbhanj,376.0,2869,Ghagarbeda,2869.0,S
36,Telangana,0.0,693,Wanaparthy,0.0,4585,Ghanpur,4585.0,S
23,Madhya Pradesh,23.0,428,Seoni,456.0,3661,Ghansaur,3661.0,S
8,Rajasthan,8.0,117,Udaipur,130.0,7377,Ghasa,0.0,S
19,West Bengal,19.0,318,Paschim Medinipur,344.0,2448,Ghatal,2448.0,S
9,Uttar Pradesh,9.0,157,Kanpur Nagar,164.0,850,Ghatampur,850.0,S
13,Nagaland,13.0,251,Zunheboto,263.0,1776,Ghathashi,1776.0,S
23,Madhya Pradesh,23.0,407,Gwalior,421.0,7026,Ghatigaon,0.0,S
8,Rajasthan,8.0,88,Banswara,125.0,650,Ghatol,650.0,S
10,Bihar,10.0,213,Purbi Champaran,204.0,1038,Ghorasahan,1038.0,S
2,Himachal Pradesh,2.0,15,Bilaspur,30.0,152,Ghumarwin,152.0,S
22,Chhattisgarh,22.0,388,Rajnandgaon,408.0,7352,Ghumka,0.0,S
23,Madhya Pradesh,23.0,398,Chhatarpur,425.0,3432,Ghuwara,3432.0,S
12,Arunachal Pradesh,12.0,241,Upper Subansiri,249.0,1613,Giba Circle,1613.0,S
28,Andhra Pradesh,28.0,517,Prakasam,549.0,5133,Giddalur,5133.0,S
8,Rajasthan,8.0,117,Udaipur,130.0,689,Girwa,689.0,S
19,West Bengal,19.0,311,Uttar Dinajpur,330.0,2194,Goalpokher - II,2194.0,S
10,Bihar,10.0,210,Nawada,237.0,1518,Gobindpur,1518.0,S
19,West Bengal,19.0,312,Hooghly,338.0,2338,Goghat - I,2338.0,S
23,Madhya Pradesh,23.0,421,Raisen,446.0,3593,Goharganj,3593.0,S
23,Madhya Pradesh,23.0,429,Shahdol,460.0,6979,Gohparu,0.0,S
28,Andhra Pradesh,28.0,746,Kakinada,0.0,4902,Gollaprolu,4902.0,S
20,Jharkhand,20.0,322,Bokaro,355.0,2591,Gomia,2591.0,S
27,Maharashtra,27.0,476,Gondia,507.0,4046,Gondiya,4046.0,S
1,Jammu And Kashmir,1.0,621,Ramban,17.0,6763,Gool,0.0,U
21,Odisha,21.0,354,Ganjam,388.0,3094,Gopalpur,3094.0,S
19,West Bengal,19.0,703,Jhargram,0.0,2457,Gopiballavpur - I,2457.0,S
18,Assam,18.0,291,Kamrup,321.0,2121,Goroimari,2121.0,S
18,Assam,18.0,294,Kokrajhar,300.0,2001,Gossaigaon (Pt),2001.0,S
23,Madhya Pradesh,23.0,418,Narsimhapur,452.0,3634,Gotegaon,3634.0,S
36,Telangana,0.0,720,Mulugu,0.0,4688,Govindaraopet,4688.0,S
8,Rajasthan,8.0,87,Alwar,104.0,6383,Govindgarh,0.0,S
28,Andhra Pradesh,28.0,510,Krishna,547.0,5021,Gudivada,5021.0,S
28,Andhra Pradesh,28.0,515,Sri Potti Sriramulu Nellore,550.0,5151,Gudluru,5151.0,S
20,Jharkhand,20.0,343,West Singhbhum,368.0,2729,Gudri,2729.0,S
23,Madhya Pradesh,23.0,430,Shajapur,436.0,3520,Gulana,3520.0,S
20,Jharkhand,20.0,327,East Singhbum,357.0,2612,Gurbandha,2612.0,S
11,Sikkim,11.0,228,Gyalshing,242.0,1549,Gyalshing,1549.0,S
19,West Bengal,19.0,316,Malda,332.0,2216,Habibpur,2216.0,S
19,West Bengal,19.0,303,North 24 Parganas,337.0,2320,Habra - I,2320.0,S
18,Assam,18.0,299,Dima Hasao,315.0,2093,Haflong,2093.0,S
1,Jammu And Kashmir,1.0,623,Bandipora,9.0,6811,Hajin,0.0,U
18,Assam,18.0,291,Kamrup,321.0,2119,Hajo,2119.0,S
2,Himachal Pradesh,2.0,17,Hamirpur,28.0,143,Hamirpur,143.0,S
9,Uttar Pradesh,9.0,120,Prayagraj,175.0,893,Handia,893.0,S
1,Jammu And Kashmir,1.0,8,Kupwara,1.0,2,Handwara,2.0,U
29,Karnataka,29.0,540,Haveri,564.0,5491,Hangal,5491.0,S
6,Haryana,6.0,63,Hisar,80.0,396,Hansi,396.0,S
23,Madhya Pradesh,23.0,766,MAUGANJ,,3476,Hanumana,3476.0,S
29,Karnataka,29.0,531,Chamarajanagara,578.0,7077,Hanur,0.0,S
36,Telangana,0.0,512,Mahabubnagar,538.0,4555,Hanwada,4555.0,S
14,Manipur,14.0,714,Noney,0.0,6039,Haochong,0.0,S
21,Odisha,21.0,361,Kendujhar,375.0,2851,Harichandanpur,2851.0,S
19,West Bengal,19.0,310,Dakshin Dinajpur,331.0,2207,Harirampur,2207.0,S
10,Bihar,10.0,209,Nalanda,229.0,1380,Harnaut,1380.0,S
2,Himachal Pradesh,2.0,26,Una,29.0,151,Haroli,151.0,S
9,Uttar Pradesh,9.0,131,Basti,185.0,938,Harraiya,938.0,S
8,Rajasthan,8.0,770,Khairthal-Tijara,,7208,Harsauli,0.0,S
23,Madhya Pradesh,23.0,405,Khandwa (East Nimar),466.0,3714,Harsud,3714.0,S
10,Bihar,10.0,201,Katihar,212.0,1144,Hasanganj,1144.0,S
6,Haryana,6.0,619,Palwal,89.0,6478,Hassanpur St,0.0,S
9,Uttar Pradesh,9.0,160,Kushinagar,189.0,956,Hata,956.0,S
9,Uttar Pradesh,9.0,163,Hathras,144.0,759,Hathras,759.0,S
20,Jharkhand,20.0,335,Latehar,359.0,2642,Herhanj,2642.0,S
10,Bihar,10.0,209,Nalanda,229.0,1390,Hilsa,1390.0,S
36,Telangana,0.0,507,Hyderabad,536.0,4503,Himayatnagar,4503.0,S
21,Odisha,21.0,352,Dhenkanal,383.0,2997,Hindol,2997.0,S
21,Odisha,21.0,354,Ganjam,388.0,3090,Hinjili,3090.0,S
28,Andhra Pradesh,28.0,519,Srikakulam,542.0,4783,Hiramandalam,4783.0,S
28,Andhra Pradesh,28.0,511,Kurnool,552.0,5272,Holagunda,5272.0,S
29,Karnataka,29.0,529,Bidar,558.0,5458,Homnabad,5458.0,S
29,Karnataka,29.0,545,Mysuru,577.0,5570,Hunsur,5570.0,S
19,West Bengal,19.0,321,Purulia,340.0,2386,Hura,2386.0,S
8,Rajasthan,8.0,92,Bhilwara,122.0,628,Hurda,628.0,S
20,Jharkhand,20.0,338,Palamu,358.0,2615,Hussainabad,2615.0,S
28,Andhra Pradesh,28.0,749,Ntr,0.0,5009,Ibrahimpatnam,5009.0,S
36,Telangana,0.0,501,Adilabad,532.0,4322,Ichoda,4322.0,S
24,Gujarat,24.0,458,Sabar Kantha,472.0,3763,Idar,3763.0,S
36,Telangana,0.0,695,Jogulamba Gadwal,0.0,4606,Ieeja,4606.0,S
33,Tamil Nadu,33.0,585,Sivaganga,622.0,5834,Ilayangudi,5834.0,S
19,West Bengal,19.0,307,Birbhum,334.0,2265,Illambazar,2265.0,S
2,Himachal Pradesh,2.0,18,Kangra,24.0,94,Indora,94.0,S
19,West Bengal,19.0,305,Bankura,339.0,2360,Indpur,2360.0,S
23,Madhya Pradesh,23.0,391,Ashoknagar,459.0,3684,Isagarh,3684.0,S
6,Haryana,6.0,68,Kurukshetra,72.0,6453,Ismailabad St,0.0,S
10,Bihar,10.0,192,Bhagalpur,224.0,1337,Ismailpur,1337.0,S
19,West Bengal,19.0,311,Uttar Dinajpur,330.0,2199,Itahar,2199.0,S
36,Telangana,0.0,512,Mahabubnagar,538.0,4567,Jadcherla,4567.0,S
6,Haryana,6.0,76,Yamunanagar,71.0,361,Jagadhri,361.0,S
21,Odisha,21.0,350,Cuttack,381.0,2961,Jagatpur,2961.0,S
22,Chhattisgarh,22.0,374,Bastar,414.0,3360,Jagdalpur,3360.0,S
20,Jharkhand,20.0,334,Koderma,348.0,2529,Jainagar,2529.0,S
36,Telangana,0.0,684,Mancherial,0.0,4355,Jaipur,4355.0,S
2,Himachal Pradesh,2.0,18,Kangra,24.0,110,Jaisinghpur,110.0,S
6,Haryana,6.0,61,Fatehabad,78.0,6438,Jakhal St,0.0,S
13,Nagaland,13.0,245,Kohima,270.0,1848,Jakhama,1848.0,S
21,Odisha,21.0,356,Jajapur,382.0,2973,Jakhapura,2973.0,S
18,Assam,18.0,616,Baksa,324.0,2140,Jalah (Pt),2140.0,S
10,Bihar,10.0,214,Purnia,211.0,1137,Jalalgarh,1137.0,S
5,Uttarakhand,5.0,45,Almora,64.0,6340,Jalali,0.0,S
9,Uttar Pradesh,9.0,151,Jalaun,165.0,852,Jalaun,852.0,S
2,Himachal Pradesh,2.0,23,Shimla,33.0,6961,Jalog,0.0,S
28,Andhra Pradesh,28.0,519,Srikakulam,542.0,4792,Jalumuru,4792.0,S
21,Odisha,21.0,371,Sambalpur,372.0,2792,Jamankira,2792.0,S
21,Odisha,21.0,360,Kendrapara,379.0,2924,Jamboo Marine,2924.0,S
24,Gujarat,24.0,442,Bharuch,488.0,3913,Jambusar,3913.0,S
12,Arunachal Pradesh,12.0,242,West Kameng,246.0,6563,Jamiri Circle,0.0,S
24,Gujarat,24.0,447,Jamnagar,477.0,3821,Jamjodhpur,3821.0,S
28,Andhra Pradesh,28.0,504,Y.S.R.,551.0,5215,Jammalamadugu,5215.0,S
36,Telangana,0.0,508,Karimnagar,534.0,4440,Jammikunta,4440.0,S
1,Jammu And Kashmir,1.0,5,Jammu,21.0,6706,Jammu South,0.0,U
27,Maharashtra,27.0,478,Jalgaon,499.0,3974,Jamner,3974.0,S
8,Rajasthan,8.0,783,Jaipur (Gramin),,548,Jamwa Ramgarh,548.0,S
22,Chhattisgarh,22.0,379,Janjgir-Champa,405.0,3277,Janjgir,3277.0,S
36,Telangana,0.0,684,Mancherial,0.0,4334,Jannaram,4334.0,S
23,Madhya Pradesh,23.0,423,Ratlam,434.0,3501,Jaora,3501.0,S
2,Himachal Pradesh,2.0,20,Kullu,26.0,7283,Jari,0.0,S
5,Uttarakhand,5.0,56,Udam Singh Nagar,67.0,347,Jaspur,347.0,S
9,Uttar Pradesh,9.0,143,Firozabad,147.0,773,Jasrana,773.0,S
2,Himachal Pradesh,2.0,18,Kangra,24.0,105,Jaswan,105.0,S
23,Madhya Pradesh,23.0,434,Tikamgarh,424.0,3418,Jatara,3418.0,S
23,Madhya Pradesh,23.0,427,Sehore,445.0,3585,Jawar,3585.0,S
19,West Bengal,19.0,304,South 24 Parganas,343.0,2432,Jaynagar - II,2432.0,S
28,Andhra Pradesh,28.0,748,Eluru,0.0,4947,Jeelugu Milli,4947.0,S
24,Gujarat,24.0,443,Bhavnagar,481.0,6203,Jesar,0.0,S
29,Karnataka,29.0,538,Kalaburagi,579.0,5586,Jevargi,5586.0,S
23,Madhya Pradesh,23.0,412,Jhabua,464.0,3709,Jhabua,3709.0,S
8,Rajasthan,8.0,117,Udaipur,130.0,688,Jhadol,688.0,S
6,Haryana,6.0,64,Jhajjar,83.0,409,Jhajjar,409.0,S
19,West Bengal,19.0,321,Purulia,340.0,2390,Jhalda - I,2390.0,S
24,Gujarat,24.0,445,Dahod,485.0,3891,Jhalod,3891.0,S
2,Himachal Pradesh,2.0,15,Bilaspur,30.0,154,Jhanduta,154.0,S
9,Uttar Pradesh,9.0,153,Jhansi,166.0,860,Jhansi,860.0,S
20,Jharkhand,20.0,343,West Singhbhum,368.0,2742,Jhinkpani,2742.0,S
21,Odisha,21.0,361,Kendujhar,375.0,2840,Jhumpura,2840.0,S
23,Madhya Pradesh,23.0,639,Alirajpur,465.0,3712,Jobat,3712.0,S
10,Bihar,10.0,211,Pashchim Champaran,203.0,1024,Jogapatti,1024.0,S
21,Odisha,21.0,368,Nuapada,394.0,3153,Jonk,3153.0,S
18,Assam,18.0,290,Jorhat,312.0,2078,Jorhat East,2078.0,S
18,Assam,18.0,290,Jorhat,312.0,2077,Jorhat West,2077.0,S
5,Uttarakhand,5.0,47,Chamoli,57.0,284,Joshimath,284.0,S
24,Gujarat,24.0,451,Mahesana,471.0,6021,Jotana,0.0,S
23,Madhya Pradesh,23.0,417,Morena,419.0,3388,Joura,3388.0,S
2,Himachal Pradesh,2.0,23,Shimla,33.0,188,Jubbal,188.0,S
21,Odisha,21.0,371,Sambalpur,372.0,2794,Jujomura,2794.0,S
36,Telangana,0.0,682,Peddapalli,0.0,4409,Julapalli,4409.0,S
24,Gujarat,24.0,448,Junagadh,479.0,6517,Junagadh City,0.0,S
28,Andhra Pradesh,28.0,755,Nandyal,0.0,5262,Jupadu Bunglow,5262.0,S
18,Assam,18.0,295,Lakhimpur,307.0,2051,Kadam,2051.0,S
24,Gujarat,24.0,669,Mahisagar,0.0,3880,Kadana,3880.0,S
33,Tamil Nadu,33.0,576,Karur,613.0,5772,Kadavur,5772.0,S
28,Andhra Pradesh,28.0,754,Sri Sathya Sai,0.0,5343,Kadiri,5343.0,S
23,Madhya Pradesh,23.0,417,Morena,419.0,3389,Kailaras,3389.0,S
9,Uttar Pradesh,9.0,141,Farrukhabad,159.0,830,Kaimganj,830.0,S
28,Andhra Pradesh,28.0,746,Kakinada,0.0,4923,Kajuluru,4923.0,S
28,Andhra Pradesh,28.0,746,Kakinada,0.0,4914,Kakinada (Urban),4914.0,S
10,Bihar,10.0,199,Jehanabad,239.0,1537,Kako,1537.0,S
5,Uttarakhand,5.0,51,Nainital,66.0,344,Kaladhungi,344.0,S
29,Karnataka,29.0,538,Kalaburagi,579.0,7087,Kalagi,0.0,S
33,Tamil Nadu,33.0,585,Sivaganga,622.0,6644,Kalaiyarkoil,0.0,S
27,Maharashtra,27.0,488,Dharashiv,525.0,4239,Kalamb,4239.0,S
9,Uttar Pradesh,9.0,180,Shahjahanpur,152.0,6882,Kalan,0.0,S
24,Gujarat,24.0,447,Jamnagar,477.0,3817,Kalavad,3817.0,S
2,Himachal Pradesh,2.0,23,Shimla,33.0,7284,Kalbog,0.0,S
28,Andhra Pradesh,28.0,515,Sri Potti Sriramulu Nellore,550.0,5160,Kaligiri,5160.0,S
6,Haryana,6.0,70,Panchkula,69.0,356,Kalka,356.0,S
2,Himachal Pradesh,2.0,15,Bilaspur,30.0,6938,Kalol,0.0,S
28,Andhra Pradesh,28.0,515,Sri Potti Sriramulu Nellore,550.0,5174,Kaluvoya,5174.0,S
27,Maharashtra,27.0,487,Nashik,516.0,4143,Kalwan,4143.0,S
29,Karnataka,29.0,529,Bidar,558.0,7085,Kamalnagar,0.0,S
36,Telangana,0.0,682,Peddapalli,0.0,4400,Kamanpur,4400.0,S
36,Telangana,0.0,685,Kamareddy,0.0,4390,Kamareddy,4390.0,S
28,Andhra Pradesh,28.0,502,Ananthapuramu,553.0,5334,Kambadur,5334.0,S
20,Jharkhand,20.0,331,Gumla,366.0,2710,Kamdara,2710.0,S
14,Manipur,14.0,717,Kamjong,0.0,1889,Kamjong,1889.0,S
36,Telangana,0.0,516,Nizamabad,533.0,4363,Kammarpally,4363.0,S
29,Karnataka,29.0,528,Ballari,565.0,7107,Kampli,0.0,S
12,Arunachal Pradesh,12.0,718,Kamle,0.0,1700,Kamporijo Circle,1700.0,S
27,Maharashtra,27.0,484,Nagpur,505.0,4030,Kamptee,4030.0,S
24,Gujarat,24.0,459,Surat,492.0,3936,Kamrej,3936.0,S
23,Madhya Pradesh,23.0,410,Indore,439.0,7012,Kanadia,0.0,S
28,Andhra Pradesh,28.0,754,Sri Sathya Sai,0.0,5335,Kanaganipalli,5335.0,S
16,Tripura,16.0,270,North Tripura,292.0,6685,Kanchanpur,0.0,S
28,Andhra Pradesh,28.0,749,Ntr,0.0,5007,Kanchikacherla,5007.0,S
5,Uttarakhand,5.0,46,Bageshwar,63.0,322,Kanda,322.0,S
2,Himachal Pradesh,2.0,25,Solan,31.0,166,Kandaghat,166.0,S
21,Odisha,21.0,350,Cuttack,381.0,2963,Kandarpur,2963.0,S
1,Jammu And Kashmir,1.0,626,Ganderbal,11.0,46,Kangan,46.0,U
21,Odisha,21.0,361,Kendujhar,375.0,2847,Kanjipani,2847.0,S
32,Kerala,32.0,560,Kottayam,597.0,5672,Kanjirappally,5672.0,S
36,Telangana,0.0,684,Mancherial,0.0,6229,Kannepally,0.0,S
9,Uttar Pradesh,9.0,157,Kanpur Nagar,164.0,849,Kanpur,849.0,S
12,Arunachal Pradesh,12.0,666,Longding,0.0,1688,Kanubari Adc,1688.0,S
5,Uttarakhand,5.0,46,Bageshwar,63.0,321,Kapkot,321.0,S
36,Telangana,0.0,700,Medchal Malkajgiri,0.0,6317,Kapra,0.0,S
33,Tamil Nadu,33.0,582,Pudukkottai,621.0,5825,Karambakudi,5825.0,S
28,Andhra Pradesh,28.0,750,Bapatla,0.0,5109,Karamchedu,5109.0,S
27,Maharashtra,27.0,499,Washim,502.0,3997,Karanja,3997.0,S
28,Andhra Pradesh,28.0,746,Kakinada,0.0,4922,Karapa,4922.0,S
7,Delhi,7.0,81,North East,92.0,6083,Karawal Nagar,0.0,U
33,Tamil Nadu,33.0,597,Virudhunagar,625.0,5851,Kariapatti,5851.0,S
28,Andhra Pradesh,28.0,750,Bapatla,0.0,5092,Karlapalem,5092.0,S
27,Maharashtra,27.0,496,Solapur,526.0,4244,Karmala,4244.0,S
6,Haryana,6.0,67,Karnal,74.0,372,Karnal,372.0,S
20,Jharkhand,20.0,324,Deoghar,350.0,2552,Karon,2552.0,S
10,Bihar,10.0,611,Arwal,240.0,1544,Karpi,1544.0,S
2,Himachal Pradesh,2.0,22,Mandi,27.0,139,Karsog,139.0,S
22,Chhattisgarh,22.0,383,Korba,404.0,3276,Kartala,3276.0,S
33,Tamil Nadu,33.0,576,Karur,613.0,5769,Karur,5769.0,S
27,Maharashtra,27.0,480,Kolhapur,530.0,4287,Karvir,4287.0,S
21,Odisha,21.0,370,Rayagada,396.0,3177,Kashipur,3177.0,S
19,West Bengal,19.0,321,Purulia,340.0,2385,Kashipur,2385.0,S
28,Andhra Pradesh,28.0,744,Anakapalli,0.0,4876,Kasimkota,4876.0,S
36,Telangana,0.0,684,Mancherial,0.0,4349,Kasipet,4349.0,S
9,Uttar Pradesh,9.0,160,Kushinagar,189.0,957,Kasya,957.0,S
20,Jharkhand,20.0,332,Hazaribagh,360.0,2655,Katamdag,2655.0,S
12,Arunachal Pradesh,12.0,239,Tirap,254.0,6596,Katang Circle,0.0,S
36,Telangana,0.0,687,Jayashankar Bhupalapally,0.0,4402,Kataram,4402.0,S
22,Chhattisgarh,22.0,383,Korba,404.0,3272,Katghora,3272.0,S
8,Rajasthan,8.0,87,Alwar,104.0,504,Kathumar,504.0,S
1,Jammu And Kashmir,1.0,627,Reasi,20.0,6741,Katra,0.0,U
28,Andhra Pradesh,28.0,747,Dr. B.R. Ambedkar Konaseema,0.0,4943,Katrenikona,4943.0,S
32,Kerala,32.0,565,Thiruvananthapuram,601.0,5945,Kattakkada,0.0,S
36,Telangana,0.0,514,Nalgonda,539.0,4635,Kattangur,4635.0,S
28,Andhra Pradesh,28.0,515,Sri Potti Sriramulu Nellore,550.0,5158,Kavali,5158.0,S
24,Gujarat,24.0,668,Chhotaudepur,0.0,3902,Kavant,3902.0,S
27,Maharashtra,27.0,493,Sangli,531.0,4303,Kavathemahankal,4303.0,S
10,Bihar,10.0,210,Nawada,237.0,1516,Kawakol,1516.0,S
21,Odisha,21.0,360,Kendrapara,379.0,2927,Kendrapara,2927.0,S
21,Odisha,21.0,360,Kendrapara,379.0,2928,Kendrapara Sadar,2928.0,S
21,Odisha,21.0,361,Kendujhar,375.0,2845,Kendujhar Town,2845.0,S
9,Uttar Pradesh,9.0,152,Jaunpur,194.0,986,Kerakat,986.0,S
36,Telangana,0.0,699,Kumuram Bheem Asifabad,0.0,4313,Kerameri,4313.0,S
22,Chhattisgarh,22.0,761,Mohla-Manpur-Ambagarh Chouki,0.0,7277,Khadgaon,0.0,S
10,Bihar,10.0,202,Khagaria,223.0,1323,Khagaria,1323.0,S
9,Uttar Pradesh,9.0,119,Aligarh,143.0,752,Khair,752.0,S
21,Odisha,21.0,354,Ganjam,388.0,3083,Khalikote,3083.0,S
23,Madhya Pradesh,23.0,405,Khandwa (East Nimar),466.0,3715,Khalwa,3715.0,S
36,Telangana,0.0,509,Khammam,541.0,4756,Khammam (Rural),4756.0,S
8,Rajasthan,8.0,112,Rajsamand,123.0,6393,Khamnor,0.0,S
29,Karnataka,29.0,527,Belagavi,555.0,5439,Khanapur,5439.0,S
23,Madhya Pradesh,23.0,405,Khandwa (East Nimar),466.0,7019,Khandwa Nagar,0.0,S
23,Madhya Pradesh,23.0,432,Shivpuri,423.0,3414,Khaniyadhana,3414.0,S
3,Punjab,3.0,36,Ludhiana,41.0,225,Khanna,225.0,S
6,Haryana,6.0,75,Sonipat,76.0,6472,Khanpur St,0.0,S
10,Bihar,10.0,207,Munger,226.0,1360,Kharagpur,1360.0,S
23,Madhya Pradesh,23.0,414,Khargone (West Nimar),440.0,3550,Khargone,3550.0,S
23,Madhya Pradesh,23.0,414,Khargone (West Nimar),440.0,7029,Khargone Nagar,0.0,S
19,West Bengal,19.0,319,Murshidabad,333.0,2239,Khargram,2239.0,S
22,Chhattisgarh,22.0,386,Raigarh,403.0,3269,Kharsia,3269.0,S
37,Ladakh,0.0,9,Leh Ladakh,3.0,7159,Kharu,0.0,U
5,Uttarakhand,5.0,56,Udam Singh Nagar,67.0,352,Khatima,352.0,S
15,Mizoram,15.0,728,Khawzawl,0.0,1907,Khawzawl,1907.0,S
24,Gujarat,24.0,458,Sabar Kantha,472.0,3760,Khedbrahma,3760.0,S
9,Uttar Pradesh,9.0,124,Baghpat,139.0,737,Khekada,737.0,S
9,Uttar Pradesh,9.0,118,Agra,146.0,768,Kheragarh,768.0,S
24,Gujarat,24.0,451,Mahesana,471.0,3752,Kheralu,3752.0,S
8,Rajasthan,8.0,773,Neem Ka Thana,,490,Khetri,490.0,S
18,Assam,18.0,617,Udalguri,326.0,6428,Khoirabari,0.0,S
12,Arunachal Pradesh,12.0,239,Tirap,254.0,1686,Khonsa Hq,1686.0,S
16,Tripura,16.0,652,Khowai,0.0,6684,Khowai,0.0,S
18,Assam,18.0,288,Golaghat,313.0,2083,Khumtai,2083.0,S
21,Odisha,21.0,365,Mayurbhanj,376.0,2883,Khunta,2883.0,S
20,Jharkhand,20.0,343,West Singhbhum,368.0,2732,Khuntpani,2732.0,S
21,Odisha,21.0,350,Cuttack,381.0,2953,Khuntuni,2953.0,S
9,Uttar Pradesh,9.0,134,Bulandshahr,142.0,751,Khurja,751.0,S
10,Bihar,10.0,212,Patna,230.0,1413,Khusrupur,1413.0,S
13,Nagaland,13.0,248,Phek,266.0,5991,Kikruma,0.0,S
21,Odisha,21.0,373,Sundargarh,374.0,2810,Kinjirkela,2810.0,S
13,Nagaland,13.0,614,Kiphire,269.0,1837,Kiphire Sadar,1837.0,S
21,Odisha,21.0,350,Cuttack,381.0,2960,Kishannagar,2960.0,S
10,Bihar,10.0,223,Supaul,208.0,1107,Kishanpur,1107.0,S
1,Jammu And Kashmir,1.0,620,Kishtwar,18.0,68,Kishtwar,68.0,U
13,Nagaland,13.0,614,Kiphire,269.0,1838,Kiusam,1838.0,S
36,Telangana,0.0,694,Nagarkurnool,0.0,4600,Kodair,4600.0,S
24,Gujarat,24.0,675,Gir Somnath,0.0,3837,Kodinar,3837.0,S
28,Andhra Pradesh,28.0,753,Annamayya,0.0,5249,Kodur,5249.0,S
36,Telangana,0.0,512,Mahabubnagar,538.0,4569,Koilkonda,4569.0,S
10,Bihar,10.0,193,Bhojpur,231.0,1424,Koilwar,1424.0,S
18,Assam,18.0,294,Kokrajhar,300.0,6403,Kokrajhar,0.0,S
21,Odisha,21.0,357,Jharsuguda,371.0,2779,Kolabira,2779.0,S
19,West Bengal,19.0,317,Purba Medinipur,345.0,2471,Kolaghat,2471.0,S
8,Rajasthan,8.0,93,Bikaner,101.0,476,Kolayat,476.0,S
29,Karnataka,29.0,530,Vijayapura,557.0,7072,Kolhar,0.0,S
21,Odisha,21.0,365,Mayurbhanj,376.0,2874,Koliana,2874.0,S
28,Andhra Pradesh,28.0,755,Nandyal,0.0,5301,Kolimigundla,5301.0,S
29,Karnataka,29.0,531,Chamarajanagara,578.0,5579,Kollegal,5579.0,S
28,Andhra Pradesh,28.0,506,Guntur,548.0,5077,Kollipara,5077.0,S
28,Andhra Pradesh,28.0,517,Prakasam,549.0,5134,Komarolu,5134.0,S
10,Bihar,10.0,196,Gaya,236.0,1487,Konch,1487.0,S
36,Telangana,0.0,514,Nalgonda,539.0,6307,Kondamallepally,0.0,S
32,Kerala,32.0,562,Malappuram,592.0,5941,Kondotty,0.0,S
36,Telangana,0.0,509,Khammam,541.0,4761,Konijerla,4761.0,S
32,Kerala,32.0,564,Pathanamthitta,599.0,5943,Konni,0.0,S
21,Odisha,21.0,356,Jajapur,382.0,2975,Korai,2975.0,S
21,Odisha,21.0,363,Koraput,398.0,3207,Koraput,3207.0,S
22,Chhattisgarh,22.0,383,Korba,404.0,3275,Korba,3275.0,S
10,Bihar,10.0,201,Katihar,212.0,1143,Korha,1143.0,S
12,Arunachal Pradesh,12.0,235,Lower Dibang Valley,258.0,1727,Koronu Circle,1727.0,S
6,Haryana,6.0,72,Rewari,85.0,413,Kosli,413.0,S
23,Madhya Pradesh,23.0,426,Satna,429.0,3467,Kotar,3467.0,S
36,Telangana,0.0,688,Mahabubabad,0.0,4710,Kothaguda,4710.0,S
32,Kerala,32.0,555,Ernakulam,595.0,5663,Kothamangalam,5663.0,S
28,Andhra Pradesh,28.0,517,Prakasam,549.0,5140,Kotha Patnam,5140.0,S
28,Andhra Pradesh,28.0,521,Vizianagaram,543.0,4834,Kothavalasa,4834.0,S
23,Madhya Pradesh,23.0,435,Ujjain,435.0,7007,Kothi Mahal,0.0,S
36,Telangana,0.0,518,Ranga Reddy,537.0,4560,Kothur,4560.0,S
3,Punjab,3.0,29,Faridkot,45.0,5984,Kotkapura,0.0,S
8,Rajasthan,8.0,770,Khairthal-Tijara,,495,Kotkasim,495.0,S
8,Rajasthan,8.0,117,Udaipur,130.0,687,Kotra,687.0,S
19,West Bengal,19.0,305,Bankura,339.0,2367,Kotulpur,2367.0,S
10,Bihar,10.0,213,Purbi Champaran,204.0,1049,Kotwa,1049.0,S
36,Telangana,0.0,513,Medak,535.0,4480,Kowdipally,4480.0,S
1,Jammu And Kashmir,1.0,8,Kupwara,1.0,6783,Kralpora,0.0,U
28,Andhra Pradesh,28.0,511,Kurnool,552.0,5277,Krishnagiri,5277.0,S
29,Karnataka,29.0,545,Mysuru,577.0,5571,Krishnarajanagara,5571.0,S
33,Tamil Nadu,33.0,576,Karur,613.0,5770,Krishnarayapuram,5770.0,S
10,Bihar,10.0,214,Purnia,211.0,1133,Krityanand Nagar,1133.0,S
28,Andhra Pradesh,28.0,510,Krishna,547.0,5018,Kruthivennu,5018.0,S
20,Jharkhand,20.0,341,Saraikela Kharsawan,369.0,2746,Kuchai,2746.0,S
10,Bihar,10.0,197,Gopalganj,217.0,1219,Kuchaikote,1219.0,S
8,Rajasthan,8.0,768,Didwana-Kuchaman,,6065,Kuchaman City,0.0,S
13,Nagaland,13.0,244,Dimapur,265.0,1794,Kuhoboto,1794.0,S
22,Chhattisgarh,22.0,377,Dhamtari,412.0,7314,Kukrel,0.0,S
29,Karnataka,29.0,543,Koppal,560.0,7093,Kukunoor,0.0,S
33,Tamil Nadu,33.0,582,Pudukkottai,621.0,5819,Kulathur,5819.0,S
19,West Bengal,19.0,304,South 24 Parganas,343.0,2428,Kulpi,2428.0,S
28,Andhra Pradesh,28.0,752,Tirupati,0.0,5382,Kumara Venkata Bhupala Puram,5382.0,S
19,West Bengal,19.0,310,Dakshin Dinajpur,331.0,2202,Kumarganj,2202.0,S
16,Tripura,16.0,655,Unakoti,0.0,6694,Kumarghat,0.0,S
29,Karnataka,29.0,550,Uttara Kannada,563.0,5485,Kumta,5485.0,S
22,Chhattisgarh,22.0,382,Kabeerdham,407.0,7323,Kunda,0.0,S
23,Madhya Pradesh,23.0,411,Jabalpur,451.0,3633,Kundam,3633.0,S
21,Odisha,21.0,366,Nabarangpur,397.0,3188,Kundei,3188.0,S
29,Karnataka,29.0,536,Dharwad,562.0,5477,Kundgol,5477.0,S
28,Andhra Pradesh,28.0,502,Ananthapuramu,553.0,5333,Kundurpi,5333.0,S
2,Himachal Pradesh,2.0,25,Solan,31.0,7056,Kunihar,0.0,S
22,Chhattisgarh,22.0,380,Jashpur,402.0,3259,Kunkuri,3259.0,S
28,Andhra Pradesh,28.0,503,Chittoor,554.0,5427,Kuppam,5427.0,S
9,Uttar Pradesh,9.0,166,Mainpuri,148.0,6874,Kurawali,0.0,S
27,Maharashtra,27.0,475,Gadchiroli,508.0,4054,Kurkheda,4054.0,S
28,Andhra Pradesh,28.0,743,Parvathipuram Manyam,0.0,4809,Kurupam,4809.0,S
23,Madhya Pradesh,23.0,437,Vidisha,443.0,3572,Kurwai,3572.0,S
33,Tamil Nadu,33.0,595,Vellore,605.0,7052,K V Kuppam,0.0,S
19,West Bengal,19.0,307,Birbhum,334.0,2262,Labpur,2262.0,S
8,Rajasthan,8.0,87,Alwar,104.0,503,Lachhmangarh,503.0,S
22,Chhattisgarh,22.0,386,Raigarh,403.0,3264,Lailunga,3264.0,S
10,Bihar,10.0,206,Madhubani,207.0,1099,Lakhnaur,1099.0,S
24,Gujarat,24.0,460,Surendranagar,475.0,3791,Lakhtar,3791.0,S
28,Andhra Pradesh,28.0,521,Vizianagaram,543.0,4833,Lakkavarapukota,4833.0,S
28,Andhra Pradesh,28.0,753,Annamayya,0.0,5240,Lakkireddipalli,5240.0,S
5,Uttarakhand,5.0,50,Haridwar,68.0,355,Laksar,355.0,S
21,Odisha,21.0,363,Koraput,398.0,3203,Lakshmipur,3203.0,S
22,Chhattisgarh,22.0,388,Rajnandgaon,408.0,7301,Lal Bahadur Nagar,0.0,S
9,Uttar Pradesh,9.0,175,Rae Bareli,158.0,826,Lalganj,826.0,S
9,Uttar Pradesh,9.0,161,Lalitpur,167.0,862,Lalitpur,862.0,S
8,Rajasthan,8.0,97,Dausa,109.0,537,Lalsot,537.0,S
21,Odisha,21.0,358,Kalahandi,395.0,3162,Lanjigarh,3162.0,S
18,Assam,18.0,709,Hojai,0.0,2040,Lanka,2040.0,S
20,Jharkhand,20.0,335,Latehar,359.0,2639,Latehar,2639.0,S
24,Gujarat,24.0,439,Amreli,480.0,3841,Lathi,3841.0,S
29,Karnataka,29.0,537,Gadag,561.0,7083,Laxmeshwar,0.0,S
36,Telangana,0.0,690,Bhadradri Kothagudem,0.0,6266,Laxmidevipalli,0.0,S
37,Ladakh,0.0,9,Leh Ladakh,3.0,10,Leh,10.0,U
3,Punjab,3.0,43,Sangrur,53.0,273,Lehra,273.0,S
12,Arunachal Pradesh,12.0,238,Tawang,245.0,6555,Lhou Circle,0.0,S
12,Arunachal Pradesh,12.0,241,Upper Subansiri,249.0,1608,Limeking Circle,1608.0,S
36,Telangana,0.0,694,Nagarkurnool,0.0,4598,Lingal,4598.0,S
36,Telangana,0.0,699,Kumuram Bheem Asifabad,0.0,6311,Lingapur,0.0,S
12,Arunachal Pradesh,12.0,666,Longding,0.0,6074,Longding Hq,0.0,S
8,Rajasthan,8.0,778,Jodhpur (Gramin),,572,Luni,572.0,S
12,Arunachal Pradesh,12.0,229,Changlang,253.0,6578,Lyngok Longtoi Circle,0.0,S
36,Telangana,0.0,685,Kamareddy,0.0,4380,Machareddy,4380.0,S
28,Andhra Pradesh,28.0,510,Krishna,547.0,5034,Machilipatnam,5034.0,S
28,Andhra Pradesh,28.0,753,Annamayya,0.0,5392,Madanapalle,5392.0,S
8,Rajasthan,8.0,783,Jaipur (Gramin),,7139,Madhorajpura,0.0,S
10,Bihar,10.0,213,Purbi Champaran,204.0,1055,Madhuban,1055.0,S
1,Jammu And Kashmir,1.0,2,Budgam,2.0,6814,Magam,0.0,U
27,Maharashtra,27.0,494,Satara,527.0,4255,Mahabaleshwar,4255.0,S
36,Telangana,0.0,512,Mahabubnagar,538.0,4568,Mahabubnagar Urban,4568.0,S
28,Andhra Pradesh,28.0,755,Nandyal,0.0,5285,Mahanandi,5285.0,S
21,Odisha,21.0,350,Cuttack,381.0,2956,Mahanga,2956.0,S
23,Madhya Pradesh,23.0,398,Chhatarpur,425.0,3428,Maharajpur,3428.0,S
28,Andhra Pradesh,28.0,520,Visakhapatnam,544.0,6837,Maharanipeta,0.0,S
23,Madhya Pradesh,23.0,414,Khargone (West Nimar),440.0,3546,Maheshwar,3546.0,S
9,Uttar Pradesh,9.0,165,Mahoba,169.0,870,Mahoba,870.0,S
1,Jammu And Kashmir,1.0,627,Reasi,20.0,6850,Mahore,0.0,U
22,Chhattisgarh,22.0,389,Surguja,401.0,3254,Mainpat,3254.0,S
9,Uttar Pradesh,9.0,166,Mainpuri,148.0,775,Mainpuri,775.0,S
9,Uttar Pradesh,9.0,156,Kanpur Dehat,163.0,6871,Maitha,0.0,S
1,Jammu And Kashmir,1.0,14,Udhampur,19.0,75,Majalta,75.0,U
10,Bihar,10.0,211,Pashchim Champaran,203.0,1027,Majhaulia,1027.0,S
2,Himachal Pradesh,2.0,24,Sirmaur,32.0,7121,Majra,0.0,S
18,Assam,18.0,706,Majuli,0.0,2076,Majuli,2076.0,S
22,Chhattisgarh,22.0,643,Kondagaon,0.0,3358,Makdi,3358.0,S
23,Madhya Pradesh,23.0,435,Ujjain,435.0,6995,Makdon,0.0,S
10,Bihar,10.0,199,Jehanabad,239.0,1540,Makhdumpur,1540.0,S
36,Telangana,0.0,721,Narayanpet,0.0,4589,Makthal,4589.0,S
36,Telangana,0.0,695,Jogulamba Gadwal,0.0,4604,Maldakal,4604.0,S
23,Madhya Pradesh,23.0,416,Mandsaur,433.0,3493,Malhargarh,3493.0,S
24,Gujarat,24.0,448,Junagadh,479.0,3833,Malia Hatina,3833.0,S
32,Kerala,32.0,564,Pathanamthitta,599.0,5680,Mallappally,5680.0,S
8,Rajasthan,8.0,106,Jhunjhunu,103.0,6370,Malsisar,0.0,S
36,Telangana,0.0,680,Nirmal,0.0,4346,Mamada,4346.0,S
19,West Bengal,19.0,321,Purulia,340.0,2396,Manbazar - II,2396.0,S
29,Karnataka,29.0,630,Chikkaballapura,582.0,7404,Manchenahalli,0.0,S
24,Gujarat,24.0,438,Ahmedabad,474.0,3777,Mandal,3777.0,S
8,Rajasthan,8.0,770,Khairthal-Tijara,,494,Mandawar,494.0,S
8,Rajasthan,8.0,782,Kotputli-Behror,,7383,Mandhan,0.0,S
24,Gujarat,24.0,459,Surat,492.0,3935,Mandvi,3935.0,S
10,Bihar,10.0,212,Patna,230.0,1398,Maner,1398.0,S
11,Sikkim,11.0,226,Mangan,241.0,1548,Mangan,1548.0,S
20,Jharkhand,20.0,335,Latehar,359.0,2635,Manika,2635.0,S
10,Bihar,10.0,197,Gopalganj,217.0,1225,Manjha,1225.0,S
20,Jharkhand,20.0,343,West Singhbhum,368.0,2741,Manjhari,2741.0,S
1,Jammu And Kashmir,1.0,10,Poonch,5.0,6779,Mankote,0.0,U
36,Telangana,0.0,695,Jogulamba Gadwal,0.0,4611,Manopad,4611.0,S
22,Chhattisgarh,22.0,380,Jashpur,402.0,3258,Manora,3258.0,S
27,Maharashtra,27.0,499,Washim,502.0,3998,Manora,3998.0,S
24,Gujarat,24.0,446,Gandhinagar,473.0,3774,Mansa,3774.0,S
10,Bihar,10.0,202,Khagaria,223.0,1324,Mansi,1324.0,S
22,Chhattisgarh,22.0,643,Kondagaon,0.0,7319,Mardapal,0.0,S
28,Andhra Pradesh,28.0,745,Alluri Sitharama Raju,0.0,4884,Maredumilli,4884.0,S
10,Bihar,10.0,218,Saran,219.0,1260,Marhaura,1260.0,S
18,Assam,18.0,296,Marigaon,304.0,2029,Marigaon,2029.0,S
12,Arunachal Pradesh,12.0,240,Upper Siang,252.0,1666,Mariyang Adc,1666.0,S
20,Jharkhand,20.0,334,Koderma,348.0,2531,Markacho,2531.0,S
36,Telangana,0.0,507,Hyderabad,536.0,4500,Marredpally,4500.0,S
8,Rajasthan,8.0,774,Beawar,,610,Masuda,610.0,S
6,Haryana,6.0,64,Jhajjar,83.0,410,Matenhail,410.0,S
19,West Bengal,19.0,308,Cooch Behar,329.0,2181,Mathabhanga - I,2181.0,S
19,West Bengal,19.0,304,South 24 Parganas,343.0,2430,Mathurapur - I,2430.0,S
8,Rajasthan,8.0,768,Didwana-Kuchaman,,7222,Maulasar,0.0,S
36,Telangana,0.0,501,Adilabad,532.0,6222,Mavala,0.0,S
32,Kerala,32.0,554,Alappuzha,598.0,5678,Mavelikkara,5678.0,S
8,Rajasthan,8.0,117,Udaipur,130.0,685,Mavli,685.0,S
17,Meghalaya,17.0,740,Eastern West Khasi Hills,0.0,1981,Mawthadraishan,1981.0,S
33,Tamil Nadu,33.0,735,Mayiladuthurai,0.0,5796,Mayiladuthurai,5796.0,S
18,Assam,18.0,617,Udalguri,326.0,2153,Mazbat,2153.0,S
36,Telangana,0.0,700,Medchal Malkajgiri,0.0,4519,Medchal,4519.0,S
20,Jharkhand,20.0,338,Palamu,358.0,2633,Medininagar(Daltonganj),2633.0,S
27,Maharashtra,27.0,472,Buldhana,500.0,3982,Mehkar,3982.0,S
24,Gujarat,24.0,450,Kheda,483.0,3873,Mehmedabad,3873.0,S
9,Uttar Pradesh,9.0,123,Azamgarh,191.0,970,Mehnagar,970.0,S
19,West Bengal,19.0,305,Bankura,339.0,2357,Mejhia,2357.0,S
21,Odisha,21.0,347,Bargarh,370.0,2760,Melchhamunda,2760.0,S
28,Andhra Pradesh,28.0,519,Srikakulam,542.0,4774,Meliaputti,4774.0,S
33,Tamil Nadu,33.0,596,Viluppuram,607.0,6652,Melmalaiyanur,0.0,S
13,Nagaland,13.0,248,Phek,266.0,1803,Meluri,1803.0,S
36,Telangana,0.0,516,Nizamabad,533.0,6237,Mendora,0.0,S
12,Arunachal Pradesh,12.0,628,Anjaw,260.0,1740,Metengliang Circle,1740.0,S
36,Telangana,0.0,681,Jagitial,0.0,4417,Metpalli,4417.0,S
33,Tamil Nadu,33.0,569,Coimbatore,632.0,5895,Mettupalayam,5895.0,S
10,Bihar,10.0,208,Muzaffarpur,216.0,1205,Minapur,1205.0,S
36,Telangana,0.0,687,Jayashankar Bhupalapally,0.0,4680,Mogullapally,4680.0,S
10,Bihar,10.0,200,Kaimur (Bhabua),233.0,1449,Mohania,1449.0,S
9,Uttar Pradesh,9.0,162,Lucknow,157.0,822,Mohanlalganj,822.0,S
10,Bihar,10.0,196,Gaya,236.0,1509,Mohanpur,1509.0,S
10,Bihar,10.0,217,Samastipur,221.0,1294,Mohiuddinagar,1294.0,S
14,Manipur,14.0,252,Bishnupur,275.0,1875,Moirang,1875.0,S
3,Punjab,3.0,43,Sangrur,53.0,274,Moonak,274.0,S
12,Arunachal Pradesh,12.0,240,Upper Siang,252.0,1667,Mopom Adipasi Circle,1667.0,S
27,Maharashtra,27.0,468,Amravati,503.0,4006,Morshi,4006.0,S
36,Telangana,0.0,697,Yadadri Bhuvanagiri,0.0,6309,Motakonduru,0.0,S
27,Maharashtra,27.0,472,Buldhana,500.0,3980,Motala,3980.0,S
36,Telangana,0.0,696,Suryapet,0.0,4640,Mothey,4640.0,S
21,Odisha,21.0,364,Malkangiri,399.0,3230,Motu,3230.0,S
21,Odisha,21.0,352,Dhenkanal,383.0,2994,Motunga,2994.0,S
28,Andhra Pradesh,28.0,510,Krishna,547.0,5032,Movva,5032.0,S
28,Andhra Pradesh,28.0,504,Y.S.R.,551.0,5216,Muddanur,5216.0,S
29,Karnataka,29.0,524,Bagalkote,556.0,5445,Mudhol,5445.0,S
36,Telangana,0.0,700,Medchal Malkajgiri,0.0,6671,Muduchinthalapally,0.0,S
3,Punjab,3.0,33,Hoshiarpur,38.0,215,Mukerian,215.0,S
27,Maharashtra,27.0,478,Jalgaon,499.0,3963,Muktainagar (Edlabad),3963.0,S
12,Arunachal Pradesh,12.0,238,Tawang,245.0,1563,Mukto Circle,1563.0,S
6,Haryana,6.0,58,Ambala,70.0,6430,Mulana St,0.0,S
29,Karnataka,29.0,534,Dakshina Kannada,575.0,7198,Mulki,0.0,S
36,Telangana,0.0,692,Siddipet,0.0,4486,Mulug,4486.0,S
29,Karnataka,29.0,537,Gadag,561.0,5472,Mundargi,5472.0,S
21,Odisha,21.0,370,Rayagada,396.0,3173,Muniguda,3173.0,S
28,Andhra Pradesh,28.0,751,Palnadu,0.0,5068,Muppalla,5068.0,S
19,West Bengal,19.0,307,Birbhum,334.0,2249,Murarai - I,2249.0,S
19,West Bengal,19.0,307,Birbhum,334.0,2250,Murarai - II,2250.0,S
27,Maharashtra,27.0,491,Raigad,520.0,4178,Murud,4178.0,S
23,Madhya Pradesh,23.0,413,Katni,450.0,3620,Murwara Or Katni,3620.0,S
9,Uttar Pradesh,9.0,640,Amethi,0.0,912,Musafirkhana,912.0,S
33,Tamil Nadu,33.0,568,Chennai,603.0,7170,Mylapore,0.0,S
3,Punjab,3.0,41,Patiala,48.0,252,Nabha,252.0,S
28,Andhra Pradesh,28.0,751,Palnadu,0.0,5069,Nadendla,5069.0,S
24,Gujarat,24.0,450,Kheda,483.0,3876,Nadiad,3876.0,S
36,Telangana,0.0,686,Hanumakonda,0.0,6547,Nadikuda,0.0,S
12,Arunachal Pradesh,12.0,242,West Kameng,246.0,1568,Nafra Eac,1568.0,S
28,Andhra Pradesh,28.0,752,Tirupati,0.0,5403,Nagalapuram,5403.0,S
18,Assam,18.0,297,Nagaon,305.0,2035,Nagaon,2035.0,S
18,Assam,18.0,291,Kamrup,321.0,2123,Nagarbera,2123.0,S
28,Andhra Pradesh,28.0,503,Chittoor,554.0,5406,Nagari,5406.0,S
10,Bihar,10.0,209,Nalanda,229.0,1379,Nagar Nausa,1379.0,S
28,Andhra Pradesh,28.0,510,Krishna,547.0,5038,Nagayalanka,5038.0,S
27,Maharashtra,27.0,484,Nagpur,505.0,4031,Nagpur (Rural),4031.0,S
1,Jammu And Kashmir,1.0,7,Kathua,7.0,6727,Nagri,0.0,U
2,Himachal Pradesh,2.0,24,Sirmaur,32.0,172,Nahan,172.0,S
23,Madhya Pradesh,23.0,391,Ashoknagar,459.0,6973,Nai Sarai,0.0,S
9,Uttar Pradesh,9.0,177,Saharanpur,132.0,703,Nakur,703.0,S
2,Himachal Pradesh,2.0,25,Solan,31.0,161,Nalagarh,161.0,S
18,Assam,18.0,298,Nalbari,323.0,2136,Nalbari,2136.0,S
33,Tamil Nadu,33.0,571,Dharmapuri,630.0,6623,Nallampalli,0.0,S
33,Tamil Nadu,33.0,573,Erode,610.0,6638,Nambiyur,0.0,S
2,Himachal Pradesh,2.0,15,Bilaspur,30.0,157,Namhol,157.0,S
19,West Bengal,19.0,304,South 24 Parganas,343.0,2439,Namkhana,2439.0,S
12,Arunachal Pradesh,12.0,229,Changlang,253.0,1676,Nampong Sdo,1676.0,S
12,Arunachal Pradesh,12.0,678,Namsai,0.0,1732,Namsai Hq,1732.0,S
12,Arunachal Pradesh,12.0,232,East Siang,251.0,6115,Namsing Circle,0.0,S
5,Uttarakhand,5.0,56,Udam Singh Nagar,67.0,6364,Nanakmatta,0.0,S
35,Andaman And Nicobar Islands,35.0,603,Nicobars,638.0,5917,Nancowry,5917.0,U
21,Odisha,21.0,362,Khordha,386.0,3039,Nandankanan,3039.0,S
22,Chhattisgarh,22.0,650,Bemetara,0.0,7248,Nandghat,0.0,S
19,West Bengal,19.0,317,Purba Medinipur,345.0,2485,Nandigram - II,2485.0,S
24,Gujarat,24.0,452,Narmada,487.0,3910,Nandod,3910.0,S
5,Uttarakhand,5.0,47,Chamoli,57.0,6344,Nandprayag,0.0,S
27,Maharashtra,27.0,486,Nandurbar,497.0,3954,Nandurbar,3954.0,S
6,Haryana,6.0,58,Ambala,70.0,358,Naraingarh,358.0,S
29,Karnataka,29.0,532,Chikkamagaluru,570.0,5527,Narasimharajapura,5527.0,S
5,Uttarakhand,5.0,47,Chamoli,57.0,6333,Narayanbagar,0.0,S
23,Madhya Pradesh,23.0,415,Mandla,454.0,3642,Narayanganj,3642.0,S
36,Telangana,0.0,721,Narayanpet,0.0,4570,Narayanpet,4570.0,S
20,Jharkhand,20.0,333,Jamtara,363.0,2676,Narayanpur,2676.0,S
22,Chhattisgarh,22.0,637,Narayanpur,415.0,3367,Narayanpur,3367.0,S
10,Bihar,10.0,210,Nawada,237.0,1511,Nardiganj,1511.0,S
29,Karnataka,29.0,537,Gadag,561.0,5468,Nargund,5468.0,S
6,Haryana,6.0,69,Mahendragarh,84.0,412,Narnaul,412.0,S
6,Haryana,6.0,63,Hisar,80.0,395,Narnaund,395.0,S
36,Telangana,0.0,513,Medak,535.0,4488,Narsapur,4488.0,S
36,Telangana,0.0,721,Narayanpet,0.0,4588,Narwa,4588.0,S
9,Uttar Pradesh,9.0,157,Kanpur Nagar,164.0,6163,Narwal,0.0,S
6,Haryana,6.0,65,Jind,77.0,382,Narwana,382.0,S
27,Maharashtra,27.0,487,Nashik,516.0,4152,Nashik,4152.0,S
33,Tamil Nadu,33.0,732,Tirupathur,0.0,5963,Natrampalli,0.0,S
9,Uttar Pradesh,9.0,164,Mahrajganj,187.0,944,Nautanwa,944.0,S
36,Telangana,0.0,516,Nizamabad,533.0,4358,Navipet,4358.0,S
8,Rajasthan,8.0,768,Didwana-Kuchaman,,566,Nawa,566.0,S
9,Uttar Pradesh,9.0,129,Bara Banki,176.0,898,Nawabganj,898.0,S
36,Telangana,0.0,698,Vikarabad,0.0,4514,Nawabpet,4514.0,S
20,Jharkhand,20.0,338,Palamu,358.0,2621,Nawadiha Bazar/Nawadiha*,2621.0,S
22,Chhattisgarh,22.0,762,Sakti,0.0,7267,Naya Baradwar,0.0,S
21,Odisha,21.0,367,Nayagarh,385.0,3028,Nayagarh,3028.0,S
23,Madhya Pradesh,23.0,419,Neemuch,432.0,7035,Neemuch Nagar,0.0,S
33,Tamil Nadu,33.0,731,Ranipet,0.0,6664,Nemili,0.0,S
36,Telangana,0.0,684,Mancherial,0.0,4331,Nennel,4331.0,S
27,Maharashtra,27.0,500,Yavatmal,510.0,4079,Ner,4079.0,S
36,Telangana,0.0,501,Adilabad,532.0,4325,Neradigonda,4325.0,S
2,Himachal Pradesh,2.0,23,Shimla,33.0,187,Nerwa,187.0,S
12,Arunachal Pradesh,12.0,719,Lower Siang,0.0,6575,New Seren Circle,0.0,S
9,Uttar Pradesh,9.0,164,Mahrajganj,187.0,945,Nichlaul,945.0,S
12,Arunachal Pradesh,12.0,243,West Siang,250.0,6587,Nikte Kodum Circle,0.0,S
21,Odisha,21.0,369,Puri,387.0,3058,Nimapada,3058.0,S
28,Andhra Pradesh,28.0,753,Annamayya,0.0,5393,Nimmanapalle,5393.0,S
28,Andhra Pradesh,28.0,503,Chittoor,554.0,5404,Nindra,5404.0,S
29,Karnataka,29.0,527,Belagavi,555.0,7105,Nippani,0.0,S
21,Odisha,21.0,362,Khordha,386.0,3051,Nirakarpur,3051.0,S
36,Telangana,0.0,680,Nirmal,0.0,6210,Nirmal Rural,0.0,S
2,Himachal Pradesh,2.0,20,Kullu,26.0,6886,Nither,0.0,S
36,Telangana,0.0,516,Nizamabad,533.0,4368,Nizamabad North,4368.0,S
36,Telangana,0.0,516,Nizamabad,533.0,6385,Nizamabad South,0.0,S
36,Telangana,0.0,513,Medak,535.0,6271,Nizampet,0.0,S
8,Rajasthan,8.0,101,Hanumangarh,100.0,471,Nohar,471.0,S
8,Rajasthan,8.0,93,Bikaner,101.0,477,Nokha,477.0,S
13,Nagaland,13.0,736,Noklak,0.0,1821,Noklak,1821.0,S
13,Nagaland,13.0,249,Tuensang,267.0,1814,Noksen,1814.0,S
23,Madhya Pradesh,23.0,398,Chhatarpur,425.0,3427,Nowgong,3427.0,S
6,Haryana,6.0,604,Nuh,87.0,422,Nuh,422.0,S
28,Andhra Pradesh,28.0,748,Eluru,0.0,5003,Nuzividu,5003.0,S
36,Telangana,0.0,691,Sangareddy,0.0,4473,Nyalkal,4473.0,S
28,Andhra Pradesh,28.0,753,Annamayya,0.0,5248,Obulavaripalle,5248.0,S
33,Tamil Nadu,33.0,572,Dindigul,612.0,5761,Oddanchatram,5761.0,S
24,Gujarat,24.0,459,Surat,492.0,3932,Olpad,3932.0,S
28,Andhra Pradesh,28.0,517,Prakasam,549.0,5139,Ongole,5139.0,S
33,Tamil Nadu,33.0,594,Thoothukkudi,627.0,5865,Ottapidaram,5865.0,S
28,Andhra Pradesh,28.0,755,Nandyal,0.0,5295,Owk,5295.0,S
10,Bihar,10.0,197,Gopalganj,217.0,1218,Pach Deuri,1218.0,S
23,Madhya Pradesh,23.0,422,Rajgarh,442.0,3569,Pachore,3569.0,S
8,Rajasthan,8.0,100,Ganganagar,99.0,460,Padampur,460.0,S
24,Gujarat,24.0,457,Rajkot,476.0,3802,Paddhari,3802.0,S
24,Gujarat,24.0,461,Vadodara,486.0,3906,Padra,3906.0,S
1,Jammu And Kashmir,1.0,1,Anantnag,14.0,53,Pahalgam,53.0,U
8,Rajasthan,8.0,767,Deeg,,505,Pahari,505.0,S
10,Bihar,10.0,213,Purbi Champaran,204.0,1044,Paharpur,1044.0,S
21,Odisha,21.0,347,Bargarh,370.0,2755,Paikamal,2755.0,S
28,Andhra Pradesh,28.0,752,Tirupati,0.0,5396,Pakala,5396.0,S
22,Chhattisgarh,22.0,381,Uttar Bastar Kanker,413.0,3354,Pakhanjur,3354.0,S
10,Bihar,10.0,210,Nawada,237.0,1515,Pakribarawan,1515.0,S
28,Andhra Pradesh,28.0,743,Parvathipuram Manyam,0.0,4784,Palakonda,4784.0,S
36,Telangana,0.0,682,Peddapalli,0.0,6215,Palakurthy,0.0,S
36,Telangana,0.0,689,Jangoan,0.0,4697,Palakurthy,4697.0,S
18,Assam,18.0,291,Kamrup,321.0,2125,Palasbari,2125.0,S
8,Rajasthan,8.0,111,Pali,118.0,601,Pali,601.0,S
23,Madhya Pradesh,23.0,436,Umaria,431.0,3485,Pali,3485.0,S
20,Jharkhand,20.0,324,Deoghar,350.0,2554,Palojori,2554.0,S
27,Maharashtra,27.0,493,Sangli,531.0,4297,Palus,4297.0,S
36,Telangana,0.0,690,Bhadradri Kothagudem,0.0,4737,Palvoncha,4737.0,S
28,Andhra Pradesh,28.0,510,Krishna,547.0,5026,Pamidimukkala,5026.0,S
28,Andhra Pradesh,28.0,755,Nandyal,0.0,5266,Pamulapadu,5266.0,S
10,Bihar,10.0,218,Saran,219.0,1249,Panapur,1249.0,S
19,West Bengal,19.0,313,Howrah,341.0,2405,Panchla,2405.0,S
19,West Bengal,19.0,312,Hooghly,338.0,2344,Pandua,2344.0,S
27,Maharashtra,27.0,480,Kolhapur,530.0,4284,Panhala,4284.0,S
33,Tamil Nadu,33.0,570,Cuddalore,617.0,5788,Panruti,5788.0,S
13,Nagaland,13.0,736,Noklak,0.0,1824,Panso,1824.0,S
33,Tamil Nadu,33.0,586,Thanjavur,620.0,5812,Papanasam,5812.0,S
21,Odisha,21.0,353,Gajapati,389.0,3105,Paralakhemundi,3105.0,S
27,Maharashtra,27.0,488,Dharashiv,525.0,4236,Paranda,4236.0,S
23,Madhya Pradesh,23.0,392,Balaghat,457.0,3675,Paraswada,3675.0,S
10,Bihar,10.0,209,Nalanda,229.0,1389,Parbalpur,1389.0,S
24,Gujarat,24.0,462,Valsad,491.0,3929,Pardi,3929.0,S
27,Maharashtra,27.0,466,Ahmednagar,522.0,4211,Parner,4211.0,S
27,Maharashtra,27.0,479,Jalna,514.0,4131,Partur,4131.0,S
36,Telangana,0.0,522,Warangal,540.0,4714,Parvathagiri,4714.0,S
22,Chhattisgarh,22.0,383,Korba,404.0,7237,Pasan,0.0,S
12,Arunachal Pradesh,12.0,232,East Siang,251.0,6118,Pasighat Hq,0.0,S
20,Jharkhand,20.0,338,Palamu,358.0,2626,Patan,2626.0,S
7,Delhi,7.0,85,West,96.0,448,Patel Nagar,448.0,U
20,Jharkhand,20.0,323,Chatra,347.0,2523,Pathalgora,2523.0,S
28,Andhra Pradesh,28.0,519,Srikakulam,542.0,4773,Pathapatnam,4773.0,S
27,Maharashtra,27.0,466,Ahmednagar,522.0,4208,Pathardi,4208.0,S
22,Chhattisgarh,22.0,647,Mungeli,0.0,3293,Pathariya,3293.0,S
18,Assam,18.0,293,Karimganj,317.0,2104,Patharkandi,2104.0,S
5,Uttarakhand,5.0,48,Champawat,65.0,335,Pati,335.0,S
32,Kerala,32.0,563,Palakkad,593.0,5940,Pattambi,0.0,S
27,Maharashtra,27.0,471,Bhandara,506.0,4042,Pauni,4042.0,S
29,Karnataka,29.0,548,Tumakuru,571.0,5534,Pavagada,5534.0,S
8,Rajasthan,8.0,782,Kotputli-Behror,,6924,Pavta,0.0,S
28,Andhra Pradesh,28.0,744,Anakapalli,0.0,4881,Payakaraopeta,4881.0,S
32,Kerala,32.0,557,Kannur,589.0,6599,Payyannur,0.0,S
36,Telangana,0.0,693,Wanaparthy,0.0,4602,Pebbair,4602.0,S
28,Andhra Pradesh,28.0,520,Visakhapatnam,544.0,4868,Pedagantyada,4868.0,S
28,Andhra Pradesh,28.0,510,Krishna,547.0,5030,Pedana,5030.0,S
28,Andhra Pradesh,28.0,510,Krishna,547.0,5022,Pedaparupudi,5022.0,S
28,Andhra Pradesh,28.0,517,Prakasam,549.0,5101,Peddaaraveedu,5101.0,S
36,Telangana,0.0,685,Kamareddy,0.0,6245,Pedda Kodapgal,0.0,S
28,Andhra Pradesh,28.0,504,Y.S.R.,551.0,5201,Peddamudiam,5201.0,S
28,Andhra Pradesh,28.0,753,Annamayya,0.0,5390,Pedda Thippasamudram,5390.0,S
19,West Bengal,19.0,702,Kalimpong,0.0,7051,Pedong,0.0,S
8,Rajasthan,8.0,629,Pratapgarh,131.0,697,Peepalkhoont,697.0,S
28,Andhra Pradesh,28.0,510,Krishna,547.0,5024,Penamaluru,5024.0,S
22,Chhattisgarh,22.0,734,Gaurela-Pendra-Marwahi,0.0,3289,Pendra,3289.0,S
36,Telangana,0.0,694,Nagarkurnool,0.0,6292,Pentlavelli,0.0,S
28,Andhra Pradesh,28.0,749,Ntr,0.0,4992,Penuganchiprolu,4992.0,S
28,Andhra Pradesh,28.0,754,Sri Sathya Sai,0.0,5356,Penukonda,5356.0,S
28,Andhra Pradesh,28.0,503,Chittoor,554.0,5409,Penumur,5409.0,S
33,Tamil Nadu,33.0,578,Madurai,623.0,5839,Peraiyur,5839.0,S
32,Kerala,32.0,562,Malappuram,592.0,5643,Perinthalmanna,5643.0,S
33,Tamil Nadu,33.0,569,Coimbatore,632.0,5957,Perur,0.0,S
27,Maharashtra,27.0,487,Nashik,516.0,4150,Peth,4150.0,S
28,Andhra Pradesh,28.0,747,Dr. B.R. Ambedkar Konaseema,0.0,4934,P.Gannavaram,4934.0,S
27,Maharashtra,27.0,494,Satara,527.0,4258,Phaltan,4258.0,S
13,Nagaland,13.0,248,Phek,266.0,1801,Phek Sadar,1801.0,S
21,Odisha,21.0,359,Kandhamal,390.0,3118,Phiringia,3118.0,S
21,Odisha,21.0,359,Kandhamal,390.0,3111,Phulabani,3111.0,S
8,Rajasthan,8.0,783,Jaipur (Gramin),,542,Phulera (Hq.Sambhar),542.0,S
15,Mizoram,15.0,727,Saitual,0.0,1903,Phullen,1903.0,S
9,Uttar Pradesh,9.0,120,Prayagraj,175.0,889,Phulpur,889.0,S
9,Uttar Pradesh,9.0,123,Azamgarh,191.0,968,Phulpur,968.0,S
10,Bihar,10.0,212,Patna,230.0,1402,Phulwari,1402.0,S
10,Bihar,10.0,197,Gopalganj,217.0,1220,Phulwaria,1220.0,S
14,Manipur,14.0,717,Kamjong,0.0,1890,Phungyar,1890.0,S
8,Rajasthan,8.0,106,Jhunjhunu,103.0,7386,Pilani,0.0,S
8,Rajasthan,8.0,115,Sirohi,117.0,594,Pindwara,594.0,S
19,West Bengal,19.0,318,Paschim Medinipur,344.0,2463,Pingla,2463.0,S
12,Arunachal Pradesh,12.0,231,East Kameng,247.0,1587,Pipu Dipu Circle,1587.0,S
8,Rajasthan,8.0,105,Jhalawar,129.0,683,Pirawa,683.0,S
10,Bihar,10.0,193,Bhojpur,231.0,1429,Piro,1429.0,S
20,Jharkhand,20.0,329,Giridih,349.0,2544,Pirtanr,2544.0,S
12,Arunachal Pradesh,12.0,678,Namsai,0.0,6121,Piyong Circle,0.0,S
12,Arunachal Pradesh,12.0,723,Pakke Kessang,0.0,6100,Pizirang Veo Circle,0.0,S
5,Uttarakhand,5.0,47,Chamoli,57.0,286,Pokhari,286.0,S
21,Odisha,21.0,354,Ganjam,388.0,3081,Polasara,3081.0,S
27,Maharashtra,27.0,473,Chandrapur,509.0,4073,Pombhurna,4073.0,S
30,Goa,30.0,552,South Goa,586.0,5614,Ponda,5614.0,S
22,Chhattisgarh,22.0,384,Korea,400.0,7270,Pondi(Bachra),0.0,S
28,Andhra Pradesh,28.0,519,Srikakulam,542.0,4803,Ponduru,4803.0,S
29,Karnataka,29.0,541,Kodagu,576.0,7125,Ponnampet,0.0,S
28,Andhra Pradesh,28.0,506,Guntur,548.0,5084,Ponnur,5084.0,S
35,Andaman And Nicobar Islands,35.0,602,South Andamans,640.0,5923,Port Blair,5923.0,U
10,Bihar,10.0,203,Kishanganj,210.0,1124,Pothia,1124.0,S
22,Chhattisgarh,22.0,383,Korba,404.0,3273,Poundi-Uproda,3273.0,S
9,Uttar Pradesh,9.0,180,Shahjahanpur,152.0,793,Powayan,793.0,S
8,Rajasthan,8.0,87,Alwar,104.0,7387,Pratapgarh,0.0,S
8,Rajasthan,8.0,629,Pratapgarh,131.0,699,Pratapgarh,699.0,S
5,Uttarakhand,5.0,55,Tehri Garhwal,59.0,295,Pratapnagar,295.0,S
22,Chhattisgarh,22.0,648,Surajpur,0.0,3239,Pratappur,3239.0,S
28,Andhra Pradesh,28.0,746,Kakinada,0.0,4900,Prathipadu,4900.0,S
28,Andhra Pradesh,28.0,503,Chittoor,554.0,5395,Pulicherla,5395.0,S
23,Madhya Pradesh,23.0,405,Khandwa (East Nimar),466.0,3717,Punasa,3717.0,S
27,Maharashtra,27.0,490,Pune,521.0,4194,Pune City,4194.0,S
27,Maharashtra,27.0,489,Parbhani,513.0,4124,Purna,4124.0,S
19,West Bengal,19.0,312,Hooghly,338.0,2341,Pursura,2341.0,S
14,Manipur,14.0,257,Senapati,272.0,1860,Purul,1860.0,S
21,Odisha,21.0,354,Ganjam,388.0,3089,Purusottampur,3089.0,S
8,Rajasthan,8.0,86,Ajmer,119.0,6655,Pushkar,0.0,S
1,Jammu And Kashmir,1.0,1,Anantnag,14.0,6817,Qazigund,0.0,U
28,Andhra Pradesh,28.0,517,Prakasam,549.0,5132,Racherla,5132.0,S
24,Gujarat,24.0,455,Patan,470.0,3745,Radhanpur,3745.0,S
1,Jammu And Kashmir,1.0,3,Baramulla,8.0,33,Rafiabad,33.0,U
10,Bihar,10.0,189,Aurangabad,235.0,1479,Rafiganj,1479.0,S
36,Telangana,0.0,509,Khammam,541.0,4757,Raghunadhapalem,4757.0,S
19,West Bengal,19.0,319,Murshidabad,333.0,2227,Raghunathganj - I,2227.0,S
19,West Bengal,19.0,319,Murshidabad,333.0,2228,Raghunathganj - II,2228.0,S
10,Bihar,10.0,222,Siwan,218.0,1244,Raghunathpur,1244.0,S
10,Bihar,10.0,209,Nalanda,229.0,1382,Rahui,1382.0,S
20,Jharkhand,20.0,331,Gumla,366.0,2716,Raidih,2716.0,S
36,Telangana,0.0,691,Sangareddy,0.0,4472,Raikode,4472.0,S
36,Telangana,0.0,692,Siddipet,0.0,6283,Raipole,0.0,S
8,Rajasthan,8.0,92,Bhilwara,122.0,632,Raipur,632.0,S
21,Odisha,21.0,373,Sundargarh,374.0,2814,Rajagangapur,2814.0,S
2,Himachal Pradesh,2.0,18,Kangra,24.0,7288,Raja Ka Talab,0.0,S
28,Andhra Pradesh,28.0,753,Annamayya,0.0,5246,Rajampet,5246.0,S
28,Andhra Pradesh,28.0,505,East Godavari,545.0,4908,Rajanagaram,4908.0,S
19,West Bengal,19.0,303,North 24 Parganas,337.0,2332,Rajarhat,2332.0,S
10,Bihar,10.0,210,Nawada,237.0,1524,Rajauli,1524.0,S
6,Haryana,6.0,66,Kaithal,73.0,6447,Rajaund St,0.0,S
28,Andhra Pradesh,28.0,745,Alluri Sitharama Raju,0.0,4888,Rajavommangi,4888.0,S
36,Telangana,0.0,518,Ranga Reddy,537.0,4527,Rajendranagar,4527.0,S
5,Uttarakhand,5.0,57,Uttar Kashi,56.0,280,Rajgarhi,280.0,S
24,Gujarat,24.0,457,Rajkot,476.0,3803,Rajkot,3803.0,S
20,Jharkhand,20.0,340,Sahebganj,352.0,2569,Rajmahal,2569.0,S
21,Odisha,21.0,360,Kendrapara,379.0,2923,Rajnagar,2923.0,S
7,Delhi,7.0,85,West,96.0,449,Rajouri Garden,449.0,U
1,Jammu And Kashmir,1.0,11,Pulwama,12.0,6796,Rajpora,0.0,U
10,Bihar,10.0,194,Buxar,232.0,1443,Rajpur,1443.0,S
28,Andhra Pradesh,28.0,754,Sri Sathya Sai,0.0,5348,Ramagiri,5348.0,S
22,Chhattisgarh,22.0,649,Balrampur-Ramanujganj,0.0,3236,Ramanujganj,3236.0,S
22,Chhattisgarh,22.0,648,Surajpur,0.0,3245,Ramanujnagar,3245.0,S
36,Telangana,0.0,691,Sangareddy,0.0,4495,Ramchandrapuram,4495.0,S
29,Karnataka,29.0,527,Belagavi,555.0,5442,Ramdurg,5442.0,S
8,Rajasthan,8.0,109,Kota,127.0,668,Ramganj Mandi,668.0,S
1,Jammu And Kashmir,1.0,624,Samba,22.0,6724,Ramgarh,0.0,U
8,Rajasthan,8.0,97,Dausa,109.0,6908,Ramgarh Pachwara,0.0,S
8,Rajasthan,8.0,114,Sikar,111.0,6388,Ramgarh Shekawati,0.0,S
19,West Bengal,19.0,317,Purba Medinipur,345.0,2494,Ramnagar - II,2494.0,S
9,Uttar Pradesh,9.0,176,Rampur,136.0,726,Rampur,726.0,S
10,Bihar,10.0,200,Kaimur (Bhabua),233.0,1454,Rampur,1454.0,S
8,Rajasthan,8.0,783,Jaipur (Gramin),,7391,Rampura Dabdi,0.0,S
1,Jammu And Kashmir,1.0,5,Jammu,21.0,80,Ranbir Singh Pura,80.0,U
11,Sikkim,11.0,741,Pakyong,0.0,6396,Rangpo,0.0,S
8,Rajasthan,8.0,111,Pali,118.0,6898,Rani,0.0,S
29,Karnataka,29.0,540,Haveri,564.0,5495,Ranibennur,5495.0,S
19,West Bengal,19.0,704,Paschim Bardhaman,0.0,2271,Raniganj,2271.0,S
17,Meghalaya,17.0,658,South West Khasi Hills,0.0,1983,Ranikor,1983.0,S
19,West Bengal,19.0,319,Murshidabad,333.0,2236,Raninagar - I,2236.0,S
20,Jharkhand,20.0,326,Dumka,362.0,2672,Ranishwar,2672.0,S
23,Madhya Pradesh,23.0,411,Jabalpur,451.0,7025,Ranjhi,0.0,S
24,Gujarat,24.0,449,Kachchh,468.0,3723,Rapar,3723.0,S
28,Andhra Pradesh,28.0,502,Ananthapuramu,553.0,5331,Rapthadu,5331.0,S
28,Andhra Pradesh,28.0,515,Sri Potti Sriramulu Nellore,550.0,5175,Rapur,5175.0,S
8,Rajasthan,8.0,767,Deeg,,7369,Rarah,0.0,S
9,Uttar Pradesh,9.0,149,Hamirpur,168.0,865,Rath,865.0,S
27,Maharashtra,27.0,478,Jalgaon,499.0,3962,Raver,3962.0,S
28,Andhra Pradesh,28.0,744,Anakapalli,0.0,4856,Ravikamatham,4856.0,S
28,Andhra Pradesh,28.0,502,Ananthapuramu,553.0,5305,Rayadurg,5305.0,S
28,Andhra Pradesh,28.0,747,Dr. B.R. Ambedkar Konaseema,0.0,4921,Rayavaram,4921.0,S
12,Arunachal Pradesh,12.0,679,Siang,0.0,1647,Rebo Perging Circle,1647.0,S
21,Odisha,21.0,346,Baleshwar,377.0,2902,Remuna,2902.0,S
27,Maharashtra,27.0,481,Latur,524.0,4227,Renapur,4227.0,S
21,Odisha,21.0,357,Jharsuguda,371.0,2770,Rengali,2770.0,S
8,Rajasthan,8.0,87,Alwar,104.0,6381,Reni,0.0,S
17,Meghalaya,17.0,663,South West Garo Hills,0.0,6545,Rerapara,0.0,S
36,Telangana,0.0,693,Wanaparthy,0.0,6286,Revally,0.0,S
6,Haryana,6.0,72,Rewari,85.0,414,Rewari,414.0,S
7,Delhi,7.0,82,North West,90.0,6077,Rohini,0.0,U
6,Haryana,6.0,73,Rohtak,82.0,405,Rohtak,405.0,S
12,Arunachal Pradesh,12.0,235,Lower Dibang Valley,258.0,1724,Roing Hq,1724.0,S
11,Sikkim,11.0,741,Pakyong,0.0,1555,Rongli,1555.0,S
5,Uttarakhand,5.0,50,Haridwar,68.0,353,Roorkee,353.0,S
36,Telangana,0.0,683,Rajanna Sircilla,0.0,6219,Rudrangi,0.0,S
5,Uttarakhand,5.0,54,Rudra Prayag,58.0,291,Rudraprayag,291.0,S
5,Uttarakhand,5.0,56,Udam Singh Nagar,67.0,6030,Rudrapur,0.0,S
36,Telangana,0.0,516,Nizamabad,533.0,6240,Rudrur,0.0,S
12,Arunachal Pradesh,12.0,679,Siang,0.0,1630,Rumgong Adc,1630.0,S
10,Bihar,10.0,214,Purnia,211.0,1131,Rupauli,1131.0,S
3,Punjab,3.0,42,Rupnagar,51.0,264,Rup Nagar,264.0,S
36,Telangana,0.0,685,Kamareddy,0.0,4381,Sadashivanagar,4381.0,S
6,Haryana,6.0,76,Yamunanagar,71.0,6475,Sadhaura St,0.0,S
9,Uttar Pradesh,9.0,186,Unnao,156.0,814,Safipur,814.0,S
20,Jharkhand,20.0,328,Garhwa,346.0,2505,Sagma,2505.0,S
10,Bihar,10.0,193,Bhojpur,231.0,1434,Sahar,1434.0,S
8,Rajasthan,8.0,92,Bhilwara,122.0,633,Sahara,633.0,S
10,Bihar,10.0,224,Vaishali,220.0,1282,Sahdai Buzurg,1282.0,S
21,Odisha,21.0,362,Khordha,386.0,3040,Saheednagar,3040.0,S
9,Uttar Pradesh,9.0,148,Gorakhpur,188.0,949,Sahjanwa,949.0,S
2,Himachal Pradesh,2.0,20,Kullu,26.0,119,Sainj,119.0,S
27,Maharashtra,27.0,471,Bhandara,506.0,4040,Sakoli,4040.0,S
13,Nagaland,13.0,615,Longleng,268.0,1834,Sakshi,1834.0,S
19,West Bengal,19.0,318,Paschim Medinipur,344.0,2452,Salbani,2452.0,S
9,Uttar Pradesh,9.0,137,Deoria,190.0,962,Salempur,962.0,S
33,Tamil Nadu,33.0,584,Salem,608.0,5971,Salem West,0.0,S
29,Karnataka,29.0,545,Mysuru,577.0,7230,Saligrama,0.0,S
3,Punjab,3.0,41,Patiala,48.0,250,Samana,250.0,S
17,Meghalaya,17.0,273,East Garo Hills,294.0,1974,Samanda,1974.0,S
21,Odisha,21.0,371,Sambalpur,372.0,2799,Sambalpur (M),2799.0,S
10,Bihar,10.0,201,Katihar,212.0,1154,Sameli,1154.0,S
19,West Bengal,19.0,303,North 24 Parganas,337.0,2334,Sandeshkhali - I,2334.0,S
9,Uttar Pradesh,9.0,150,Hardoi,155.0,813,Sandila,813.0,S
36,Telangana,0.0,522,Warangal,540.0,4705,Sangem,4705.0,S
33,Tamil Nadu,33.0,729,Kallakurichi,0.0,5733,Sankarapuram,5733.0,S
24,Gujarat,24.0,668,Chhotaudepur,0.0,3904,Sankheda,3904.0,S
22,Chhattisgarh,22.0,380,Jashpur,402.0,7234,Sanna,0.0,S
23,Madhya Pradesh,23.0,410,Indore,439.0,3542,Sanwer,3542.0,S
29,Karnataka,29.0,545,Mysuru,577.0,7098,Saraguru,0.0,S
36,Telangana,0.0,681,Jagitial,0.0,4396,Sarangapur,4396.0,S
2,Himachal Pradesh,2.0,23,Shimla,33.0,6960,Sarawati Nagar,0.0,S
19,West Bengal,19.0,305,Bankura,339.0,2377,Sarenga,2377.0,S
7,Delhi,7.0,670,South East,0.0,6081,Sarita Vihar,0.0,U
22,Chhattisgarh,22.0,763,Sarangarh-Bilaigarh,0.0,7244,Sariya,0.0,S
12,Arunachal Pradesh,12.0,233,Kurung Kumey,256.0,1712,Sarli Circle,1712.0,S
10,Bihar,10.0,209,Nalanda,229.0,1384,Sarmera,1384.0,S
18,Assam,18.0,280,Barpeta,303.0,2023,Sarthebari,2023.0,S
10,Bihar,10.0,215,Rohtas,234.0,1471,Sasaram,1471.0,S
9,Uttar Pradesh,9.0,163,Hathras,144.0,757,Sasni,757.0,S
27,Maharashtra,27.0,494,Satara,527.0,4262,Satara,4262.0,S
30,Goa,30.0,551,North Goa,585.0,5613,Satari,5613.0,S
20,Jharkhand,20.0,338,Palamu,358.0,2631,Satbarwa,2631.0,S
20,Jharkhand,20.0,334,Koderma,348.0,2526,Satgawan,2526.0,S
6,Haryana,6.0,69,Mahendragarh,84.0,6459,Satnali St,0.0,S
33,Tamil Nadu,33.0,597,Virudhunagar,625.0,5854,Sattur,5854.0,S
21,Odisha,21.0,369,Puri,387.0,3064,Satyabadi,3064.0,S
9,Uttar Pradesh,9.0,150,Hardoi,155.0,810,Sawayajpur,810.0,S
8,Rajasthan,8.0,117,Udaipur,130.0,7390,Sayra,0.0,S
22,Chhattisgarh,22.0,375,Bilaspur,406.0,7247,Seepat,0.0,S
28,Andhra Pradesh,28.0,743,Parvathipuram Manyam,0.0,4814,Seethanagaram,4814.0,S
23,Madhya Pradesh,23.0,414,Khargone (West Nimar),440.0,3548,Segaon,3548.0,S
8,Rajasthan,8.0,777,Salumbar,,6911,Semari,0.0,S
20,Jharkhand,20.0,336,Lohardaga,356.0,2602,Senha,2602.0,S
8,Rajasthan,8.0,772,Phalodi,,7147,Setrawa,0.0,S
23,Madhya Pradesh,23.0,391,Ashoknagar,459.0,3687,Shadhora,3687.0,S
29,Karnataka,29.0,538,Kalaburagi,579.0,7088,Shahabad,0.0,S
8,Rajasthan,8.0,89,Baran,128.0,675,Shahbad,675.0,S
23,Madhya Pradesh,23.0,425,Sagar,427.0,3447,Shahgarh,3447.0,S
23,Madhya Pradesh,23.0,420,Panna,426.0,3441,Shahnagar,3441.0,S
1,Jammu And Kashmir,1.0,11,Pulwama,12.0,6794,Shahoora,0.0,U
10,Bihar,10.0,193,Bhojpur,231.0,1421,Shahpur,1421.0,S
20,Jharkhand,20.0,323,Chatra,347.0,2514,Shaligram Ram Narayanpur(Hunterganj),2514.0,S
36,Telangana,0.0,518,Ranga Reddy,537.0,4543,Shamshabad,4543.0,S
13,Nagaland,13.0,247,Mon,261.0,1747,Shangnyu,1747.0,S
8,Rajasthan,8.0,778,Jodhpur (Gramin),,6927,Shekhala,0.0,S
23,Madhya Pradesh,23.0,431,Sheopur,418.0,3382,Sheopur,3382.0,S
8,Rajasthan,8.0,778,Jodhpur (Gramin),,571,Shergarh,571.0,S
29,Karnataka,29.0,547,Shivamogga,568.0,5517,Shikarpur,5517.0,S
9,Uttar Pradesh,9.0,134,Bulandshahr,142.0,750,Shikarpur,750.0,S
29,Karnataka,29.0,537,Gadag,561.0,5471,Shirhatti,5471.0,S
23,Madhya Pradesh,23.0,432,Shivpuri,423.0,3408,Shivpuri,3408.0,S
18,Assam,18.0,300,Sivasagar,311.0,2071,Sibsagar,2071.0,S
8,Rajasthan,8.0,96,Churu,102.0,6931,Sidhmukh,0.0,S
10,Bihar,10.0,197,Gopalganj,217.0,1227,Sidhwalia,1227.0,S
9,Uttar Pradesh,9.0,156,Kanpur Dehat,163.0,847,Sikandra,847.0,S
9,Uttar Pradesh,9.0,163,Hathras,144.0,758,Sikandra Rao,758.0,S
18,Assam,18.0,292,Karbi Anglong,314.0,2091,Silonijan,2091.0,S
8,Rajasthan,8.0,99,Dungarpur,124.0,649,Simalwara,649.0,S
21,Odisha,21.0,346,Baleshwar,377.0,2908,Similia,2908.0,S
27,Maharashtra,27.0,472,Buldhana,500.0,3986,Sindkhed Raja,3986.0,S
28,Andhra Pradesh,28.0,502,Ananthapuramu,553.0,5325,Singanamala,5325.0,S
1,Jammu And Kashmir,1.0,3,Baramulla,8.0,7204,Singhpora,0.0,U
21,Odisha,21.0,346,Baleshwar,377.0,2894,Singla,2894.0,S
24,Gujarat,24.0,461,Vadodara,486.0,3908,Sinor,3908.0,S
36,Telangana,0.0,691,Sangareddy,0.0,6279,Sirgapoor,0.0,S
27,Maharashtra,27.0,475,Gadchiroli,508.0,4063,Sironcha,4063.0,S
29,Karnataka,29.0,528,Ballari,565.0,5499,Siruguppa,5499.0,S
20,Jharkhand,20.0,331,Gumla,366.0,2708,Sisai,2708.0,S
22,Chhattisgarh,22.0,389,Surguja,401.0,3252,Sitapur,3252.0,S
33,Tamil Nadu,33.0,733,Tenkasi,0.0,5870,Sivagiri,5870.0,S
10,Bihar,10.0,222,Siwan,218.0,1230,Siwan,1230.0,S
6,Haryana,6.0,59,Bhiwani,81.0,400,Siwani,400.0,S
23,Madhya Pradesh,23.0,413,Katni,450.0,6977,Sleemnabad,0.0,S
12,Arunachal Pradesh,12.0,239,Tirap,254.0,1685,Soha Circle,1685.0,S
23,Madhya Pradesh,23.0,409,Narmadapuram,449.0,3617,Sohagpur,3617.0,S
21,Odisha,21.0,347,Bargarh,370.0,2761,Sohela,2761.0,S
28,Andhra Pradesh,28.0,503,Chittoor,554.0,5412,Somala,5412.0,S
10,Bihar,10.0,221,Sitamarhi,206.0,1066,Sonbarsa,1066.0,S
10,Bihar,10.0,216,Saharsa,214.0,1177,Sonbarsa,1177.0,S
10,Bihar,10.0,611,Arwal,240.0,1545,Sonbhadra Banshi Suryapur,1545.0,S
17,Meghalaya,17.0,273,East Garo Hills,294.0,1973,Songsak,1973.0,S
6,Haryana,6.0,75,Sonipat,76.0,380,Sonipat,380.0,S
1,Jammu And Kashmir,1.0,3,Baramulla,8.0,32,Sopore,32.0,U
21,Odisha,21.0,361,Kendujhar,375.0,2855,Soso,2855.0,S
2,Himachal Pradesh,2.0,21,Lahaul And Spiti,25.0,116,Spiti,116.0,S
8,Rajasthan,8.0,93,Bikaner,101.0,480,Sridungargarh,480.0,S
18,Assam,18.0,281,Bongaigaon,319.0,2112,Srijangram,2112.0,S
5,Uttarakhand,5.0,52,Pauri Garhwal,61.0,306,Srinagar,306.0,S
1,Jammu And Kashmir,1.0,13,Srinagar,10.0,43,Srinagar (North),43.0,U
33,Tamil Nadu,33.0,591,Tiruchirappalli,614.0,5778,Srirangam,5778.0,S
24,Gujarat,24.0,444,Dangs,489.0,6024,Subir,0.0,S
27,Maharashtra,27.0,491,Raigad,520.0,4180,Sudhagad,4180.0,S
22,Chhattisgarh,22.0,644,Balodabazar-Bhatapara,0.0,7249,Suhela,0.0,S
28,Andhra Pradesh,28.0,752,Tirupati,0.0,5197,Sullurpeta,5197.0,S
9,Uttar Pradesh,9.0,185,Sultanpur,179.0,915,Sultanpur,915.0,S
29,Karnataka,29.0,534,Dakshina Kannada,575.0,5565,Sulya,5565.0,S
8,Rajasthan,8.0,103,Jaisalmer,114.0,7143,Sum,0.0,S
8,Rajasthan,8.0,111,Pali,118.0,604,Sumerpur,604.0,S
21,Odisha,21.0,363,Koraput,398.0,3216,Sunabeda,3216.0,S
21,Odisha,21.0,373,Sundargarh,374.0,2809,Sundargarh,2809.0,S
20,Jharkhand,20.0,330,Godda,351.0,2563,Sundarpahari,2563.0,S
2,Himachal Pradesh,2.0,23,Shimla,33.0,180,Sunni,180.0,S
27,Maharashtra,27.0,487,Nashik,516.0,4142,Surgana,4142.0,S
19,West Bengal,19.0,307,Birbhum,334.0,2260,Suri - II,2260.0,S
13,Nagaland,13.0,251,Zunheboto,263.0,1769,Suruhuto,1769.0,S
36,Telangana,0.0,696,Suryapet,0.0,4638,Suryapet,4638.0,S
19,West Bengal,19.0,317,Purba Medinipur,345.0,2482,Sutahata,2482.0,S
23,Madhya Pradesh,23.0,423,Ratlam,434.0,3503,Tal,3503.0,S
8,Rajasthan,8.0,94,Bundi,121.0,6033,Talera,0.0,S
12,Arunachal Pradesh,12.0,677,Kra Daadi,0.0,1716,Tali Adc,1716.0,S
28,Andhra Pradesh,28.0,505,East Godavari,545.0,4950,Tallapudi,4950.0,S
28,Andhra Pradesh,28.0,746,Kakinada,0.0,4930,Tallarevu,4930.0,S
21,Odisha,21.0,362,Khordha,386.0,3048,Tamando,3048.0,S
33,Tamil Nadu,33.0,730,Chengalpattu,0.0,5703,Tambaram,5703.0,S
9,Uttar Pradesh,9.0,160,Kushinagar,189.0,958,Tamkuhi Raj,958.0,S
36,Telangana,0.0,501,Adilabad,532.0,4305,Tamsi,4305.0,S
18,Assam,18.0,756,Tamulpur,0.0,2144,Tamulpur,2144.0,S
9,Uttar Pradesh,9.0,176,Rampur,136.0,724,Tanda,724.0,S
36,Telangana,0.0,698,Vikarabad,0.0,4534,Tandur,4534.0,S
20,Jharkhand,20.0,323,Chatra,347.0,2525,Tandwa,2525.0,S
21,Odisha,21.0,350,Cuttack,381.0,2955,Tangi,2955.0,S
21,Odisha,21.0,362,Khordha,386.0,3052,Tangi,3052.0,S
20,Jharkhand,20.0,343,West Singhbhum,368.0,2740,Tantnagar,2740.0,S
2,Himachal Pradesh,2.0,19,Kinnaur,34.0,6941,Tapri,0.0,S
24,Gujarat,24.0,440,Anand,482.0,3861,Tarapur,3861.0,S
19,West Bengal,19.0,320,Nadia,336.0,2301,Tehatta - I,2301.0,S
19,West Bengal,19.0,320,Nadia,336.0,2302,Tehatta - II,2302.0,S
28,Andhra Pradesh,28.0,519,Srikakulam,542.0,4789,Tekkali,4789.0,S
36,Telangana,0.0,513,Medak,535.0,4469,Tekmal,4469.0,S
28,Andhra Pradesh,28.0,506,Guntur,548.0,5078,Tenali,5078.0,S
18,Assam,18.0,301,Sonitpur,306.0,2043,Tezpur,2043.0,S
12,Arunachal Pradesh,12.0,234,Lohit,259.0,1729,Tezu Hq,1729.0,S
2,Himachal Pradesh,2.0,22,Mandi,27.0,7184,Thachi,0.0,S
10,Bihar,10.0,211,Pashchim Champaran,203.0,1023,Thakrahan,1023.0,S
21,Odisha,21.0,365,Mayurbhanj,376.0,2871,Thakurmunda,2871.0,S
19,West Bengal,19.0,304,South 24 Parganas,343.0,2412,Thakurpukur Mahestola,2412.0,S
8,Rajasthan,8.0,87,Alwar,104.0,501,Thanagazi,501.0,S
22,Chhattisgarh,22.0,650,Bemetara,0.0,3314,Thankhamariya,3314.0,S
24,Gujarat,24.0,441,Banas Kantha,469.0,3733,Tharad,3733.0,S
36,Telangana,0.0,689,Jangoan,0.0,6257,Tharigoppula,0.0,S
28,Andhra Pradesh,28.0,503,Chittoor,554.0,5418,Thavanampalle,5418.0,S
28,Andhra Pradesh,28.0,521,Vizianagaram,543.0,4821,Therlam,4821.0,S
20,Jharkhand,20.0,342,Simdega,367.0,2723,Thethaitangar,2723.0,S
23,Madhya Pradesh,23.0,393,Barwani,441.0,3556,Thikri,3556.0,S
36,Telangana,0.0,508,Karimnagar,534.0,4438,Thimmapur LMD,4438.0,S
33,Tamil Nadu,33.0,586,Thanjavur,620.0,5813,Thiruvaiyaru,5813.0,S
33,Tamil Nadu,33.0,589,Thiruvallur,602.0,5698,Thiruvallur,5698.0,S
32,Kerala,32.0,565,Thiruvananthapuram,601.0,5691,Thiruvananthapuram,5691.0,S
36,Telangana,0.0,692,Siddipet,0.0,4463,Thoguta,4463.0,S
28,Andhra Pradesh,28.0,504,Y.S.R.,551.0,5221,Thondur,5221.0,S
28,Andhra Pradesh,28.0,510,Krishna,547.0,5025,Thotlavalluru,5025.0,S
14,Manipur,14.0,259,Thoubal,276.0,1877,Thoubal,1877.0,S
32,Kerala,32.0,566,Thrissur,594.0,5654,Thrissur,5654.0,S
36,Telangana,0.0,696,Suryapet,0.0,4620,Thungaturthy,4620.0,S
2,Himachal Pradesh,2.0,18,Kangra,24.0,108,Thural,108.0,S
21,Odisha,21.0,348,Bhadrak,378.0,2917,Tihidi,2917.0,S
10,Bihar,10.0,196,Gaya,236.0,1488,Tikari,1488.0,S
12,Arunachal Pradesh,12.0,229,Changlang,253.0,6581,Tikhak Rima Putok Circle,0.0,S
22,Chhattisgarh,22.0,387,Raipur,410.0,3334,Tilda,3334.0,S
27,Maharashtra,27.0,468,Amravati,503.0,4008,Tiosa,4008.0,S
15,Mizoram,15.0,267,Siaha,288.0,1920,Tipa,1920.0,S
14,Manipur,14.0,715,Pherzawl,0.0,1868,Tipaimukh,1868.0,S
33,Tamil Nadu,33.0,594,Thoothukkudi,627.0,5868,Tiruchendur,5868.0,S
33,Tamil Nadu,33.0,591,Tiruchirappalli,614.0,6620,Tiruchirappalli East,0.0,S
33,Tamil Nadu,33.0,730,Chengalpattu,0.0,5958,Tiruporur,0.0,S
32,Kerala,32.0,562,Malappuram,592.0,5644,Tirur,5644.0,S
33,Tamil Nadu,33.0,568,Chennai,603.0,5982,Tiruvottiyur,0.0,S
9,Uttar Pradesh,9.0,155,Kannauj,160.0,835,Tirwa,835.0,S
36,Telangana,0.0,699,Kumuram Bheem Asifabad,0.0,4333,Tiryani,4333.0,S
20,Jharkhand,20.0,329,Giridih,349.0,2533,Tisri,2533.0,S
21,Odisha,21.0,345,Balangir,393.0,3152,Titlagarh,3152.0,S
13,Nagaland,13.0,247,Mon,261.0,1756,Tobu,1756.0,S
8,Rajasthan,8.0,116,Tonk,120.0,618,Tonk,618.0,S
12,Arunachal Pradesh,12.0,237,Papum Pare,248.0,1600,Toru Circle,1600.0,S
6,Haryana,6.0,59,Bhiwani,81.0,399,Tosham,399.0,S
1,Jammu And Kashmir,1.0,8,Kupwara,1.0,6784,Trehgam,0.0,U
32,Kerala,32.0,563,Palakkad,593.0,7176,Tribal Taluk Office Attappadi,0.0,S
28,Andhra Pradesh,28.0,753,Annamayya,0.0,5238,T.Sundupalle,5238.0,S
1,Jammu And Kashmir,1.0,623,Bandipora,9.0,6812,Tulail,0.0,U
13,Nagaland,13.0,246,Mokokchung,262.0,1760,Tuli,1760.0,S
27,Maharashtra,27.0,488,Dharashiv,525.0,4241,Tuljapur,4241.0,S
22,Chhattisgarh,22.0,644,Balodabazar-Bhatapara,0.0,7295,Tundara,0.0,S
24,Gujarat,24.0,641,Tapi,493.0,3943,Uchchhal,3943.0,S
22,Chhattisgarh,22.0,389,Surguja,401.0,3249,Udaypur,3249.0,S
18,Assam,18.0,706,Majuli,0.0,7114,Ujani Majuli Circle,0.0,S
10,Bihar,10.0,217,Samastipur,221.0,1298,Ujiarpur,1298.0,S
5,Uttarakhand,5.0,54,Rudra Prayag,58.0,290,Ukhimath,290.0,S
29,Karnataka,29.0,534,Dakshina Kannada,575.0,7197,Ullala,0.0,S
19,West Bengal,19.0,313,Howrah,341.0,2406,Uluberia - II,2406.0,S
33,Tamil Nadu,33.0,729,Kallakurichi,0.0,5735,Ulundurpettai,5735.0,S
24,Gujarat,24.0,459,Surat,492.0,3934,Umarpada,3934.0,S
24,Gujarat,24.0,451,Mahesana,471.0,3753,Unjha,3753.0,S
20,Jharkhand,20.0,338,Palamu,358.0,2623,Untari Road,2623.0,S
36,Telangana,0.0,694,Nagarkurnool,0.0,4580,Uppununthala,4580.0,S
22,Chhattisgarh,22.0,636,Bijapur,417.0,3377,Usur,3377.0,S
33,Tamil Nadu,33.0,634,Tiruppur,633.0,6616,Uthukuli,0.0,S
36,Telangana,0.0,721,Narayanpet,0.0,4571,Utkoor,4571.0,S
21,Odisha,21.0,362,Khordha,386.0,3046,Uttara P.S,3046.0,S
24,Gujarat,24.0,458,Sabar Kantha,472.0,3762,Vadali,3762.0,S
28,Andhra Pradesh,28.0,752,Tirupati,0.0,5399,Vadamalapet,5399.0,S
24,Gujarat,24.0,461,Vadodara,486.0,3899,Vaghodia,3899.0,S
27,Maharashtra,27.0,469,Chhatrapati Sambhajinagar,515.0,4139,Vaijapur,4139.0,S
33,Tamil Nadu,33.0,732,Tirupathur,0.0,5718,Vaniyambadi,5718.0,S
9,Uttar Pradesh,9.0,187,Varanasi,197.0,996,Varanasi Sadar,996.0,S
36,Telangana,0.0,516,Nizamabad,533.0,4376,Varni,4376.0,S
28,Andhra Pradesh,28.0,506,Guntur,548.0,5080,Vatticherukuru,5080.0,S
33,Tamil Nadu,33.0,584,Salem,608.0,5742,Vazhapadi,5742.0,S
33,Tamil Nadu,33.0,733,Tenkasi,0.0,5872,Veerakeralamputhur,5872.0,S
28,Andhra Pradesh,28.0,749,Ntr,0.0,4994,Veerullapadu,4994.0,S
24,Gujarat,24.0,438,Ahmedabad,474.0,6514,Vejalpur,0.0,S
28,Andhra Pradesh,28.0,748,Eluru,0.0,4734,Velairpadu,4734.0,S
36,Telangana,0.0,694,Nagarkurnool,0.0,4565,Veldanda,4565.0,S
28,Andhra Pradesh,28.0,755,Nandyal,0.0,5282,Velugodu,5282.0,S
28,Andhra Pradesh,28.0,750,Bapatla,0.0,5087,Vemuru,5087.0,S
28,Andhra Pradesh,28.0,503,Chittoor,554.0,5424,Venkatagirikota,5424.0,S
28,Andhra Pradesh,28.0,749,Ntr,0.0,5011,Vijayawada (Rural),5011.0,S
23,Madhya Pradesh,23.0,431,Sheopur,418.0,3380,Vijaypur,3380.0,S
5,Uttarakhand,5.0,49,Dehradun,60.0,303,Vikas Nagar,303.0,S
33,Tamil Nadu,33.0,575,Kanniyakumari,629.0,5881,Vilavancode,5881.0,S
34,Puducherry,34.0,600,Puducherry,635.0,5911,Villianur,5911.0,U
33,Tamil Nadu,33.0,597,Virudhunagar,625.0,5850,Virudhunagar,5850.0,S
19,West Bengal,19.0,305,Bankura,339.0,2369,Vishnupur,2369.0,S
7,Delhi,7.0,671,Shahdara,0.0,440,Vivek Vihar,440.0,U
28,Andhra Pradesh,28.0,510,Krishna,547.0,5027,Vuyyuru,5027.0,S
24,Gujarat,24.0,641,Tapi,493.0,3945,Vyara,3945.0,S
22,Chhattisgarh,22.0,649,Balrampur-Ramanujganj,0.0,3238,Wadrafnagar,3238.0,S
27,Maharashtra,27.0,470,Beed,523.0,4220,Wadwani,4220.0,S
14,Manipur,14.0,711,Kakching,0.0,6486,Waikhong,0.0,S
12,Arunachal Pradesh,12.0,628,Anjaw,260.0,1742,Walong Circle,1742.0,S
24,Gujarat,24.0,673,Morbi,0.0,3801,Wankaner,3801.0,S
23,Madhya Pradesh,23.0,392,Balaghat,457.0,3669,Waraseoni,3669.0,S
10,Bihar,10.0,210,Nawada,237.0,1513,Warisaliganj,1513.0,S
10,Bihar,10.0,217,Samastipur,221.0,1285,Warisnagar,1285.0,S
27,Maharashtra,27.0,473,Chandrapur,509.0,4064,Warora,4064.0,S
1,Jammu And Kashmir,1.0,620,Kishtwar,18.0,6766,Warwan,0.0,U
27,Maharashtra,27.0,499,Washim,502.0,3999,Washim,3999.0,S
7,Delhi,7.0,81,North East,92.0,6082,Yamuna Vihar,0.0,U
11,Sikkim,11.0,227,Namchi,243.0,6400,Yangang,0.0,S
29,Karnataka,29.0,527,Belagavi,555.0,7195,Yaragatti,0.0,S
1,Jammu And Kashmir,1.0,622,Kulgam,15.0,6781,Yaripora,0.0,U
12,Arunachal Pradesh,12.0,229,Changlang,253.0,6579,Yatdam Circle,0.0,S
12,Arunachal Pradesh,12.0,236,Lower Subansiri,255.0,1698,Yazali Circle,1698.0,S
29,Karnataka,29.0,531,Chamarajanagara,578.0,5578,Yelandur,5578.0,S
28,Andhra Pradesh,28.0,752,Tirupati,0.0,5377,Yerpedu,5377.0,S
28,Andhra Pradesh,28.0,504,Y.S.R.,551.0,5223,Yerraguntla,5223.0,S
15,Mizoram,15.0,266,Mamit,281.0,1896,Zawlnuam,1896.0,S
21,Odisha,21.0,360,Kendrapara,379.0,2925,Aali,2925.0,S
8,Rajasthan,8.0,772,Phalodi,,7146,Aau,0.0,S
27,Maharashtra,27.0,468,Amravati,503.0,4004,Achalpur,4004.0,S
36,Telangana,0.0,512,Mahabubnagar,538.0,4586,Addakal,4586.0,S
28,Andhra Pradesh,28.0,745,Alluri Sitharama Raju,0.0,4887,Addateegala,4887.0,S
10,Bihar,10.0,200,Kaimur (Bhabua),233.0,1456,Adhaura,1456.0,S
36,Telangana,0.0,501,Adilabad,532.0,4306,Adilabad Urban,4306.0,S
28,Andhra Pradesh,28.0,754,Sri Sathya Sai,0.0,5354,Agali,5354.0,S
33,Tamil Nadu,33.0,575,Kanniyakumari,629.0,5884,Agastheeswaram,5884.0,S
13,Nagaland,13.0,251,Zunheboto,263.0,1771,Aghunato,1771.0,S
8,Rajasthan,8.0,104,Jalore,116.0,586,Ahore,586.0,S
15,Mizoram,15.0,261,Aizawl,283.0,1904,Aibawk,1904.0,S
1,Jammu And Kashmir,1.0,623,Bandipora,9.0,6810,Ajas,0.0,U
23,Madhya Pradesh,23.0,420,Panna,426.0,3435,Ajaygarh,3435.0,S
3,Punjab,3.0,27,Amritsar,49.0,255,Ajnala,255.0,S
9,Uttar Pradesh,9.0,156,Kanpur Dehat,163.0,845,Akbarpur,845.0,S
10,Bihar,10.0,210,Nawada,237.0,1519,Akbarpur,1519.0,S
8,Rajasthan,8.0,105,Jhalawar,129.0,680,Aklera,680.0,S
9,Uttar Pradesh,9.0,138,Etah,201.0,1007,Aliganj,1007.0,S
8,Rajasthan,8.0,116,Tonk,120.0,7371,Aligarh,0.0,S
19,West Bengal,19.0,664,Alipurduar,0.0,2174,Alipurduar - II,2174.0,S
29,Karnataka,29.0,536,Dharwad,562.0,7081,Alnavar,0.0,S
28,Andhra Pradesh,28.0,754,Sri Sathya Sai,0.0,5361,Amadagur,5361.0,S
28,Andhra Pradesh,28.0,747,Dr. B.R. Ambedkar Konaseema,0.0,4941,Amalapuram,4941.0,S
36,Telangana,0.0,693,Wanaparthy,0.0,6290,Amarchintha,0.0,S
23,Madhya Pradesh,23.0,399,Chhindwara,455.0,3648,Amarwara,3648.0,S
10,Bihar,10.0,196,Gaya,236.0,1499,Amas,1499.0,S
6,Haryana,6.0,58,Ambala,70.0,359,Ambala,359.0,S
32,Kerala,32.0,554,Alappuzha,598.0,5674,Ambalappuzha,5674.0,S
9,Uttar Pradesh,9.0,640,Amethi,0.0,914,Amethi,914.0,S
31,Lakshadweep,31.0,553,Lakshadweep District,587.0,5620,Amini,5620.0,U
24,Gujarat,24.0,441,Banas Kantha,469.0,3736,Amirgadh,3736.0,S
22,Chhattisgarh,22.0,645,Gariyaband,0.0,7307,Amlipadar,0.0,S
24,Gujarat,24.0,439,Amreli,480.0,3843,Amreli,3843.0,S
20,Jharkhand,20.0,343,West Singhbhum,368.0,2734,Anandpur,2734.0,S
8,Rajasthan,8.0,88,Banswara,125.0,6061,Anandpuri,0.0,S
28,Andhra Pradesh,28.0,502,Ananthapuramu,553.0,5330,Anantapur,5330.0,S
36,Telangana,0.0,696,Suryapet,0.0,6302,Ananthagiri,0.0,S
28,Andhra Pradesh,28.0,515,Sri Potti Sriramulu Nellore,550.0,5173,Ananthasagaram,5173.0,S
10,Bihar,10.0,222,Siwan,218.0,1243,Andar,1243.0,S
33,Tamil Nadu,33.0,588,Theni,624.0,5846,Andipatti,5846.0,S
29,Karnataka,29.0,525,Bengaluru Urban,572.0,5545,Anekal,5545.0,S
12,Arunachal Pradesh,12.0,230,Dibang Valley,257.0,1720,Anelih,1720.0,S
23,Madhya Pradesh,23.0,393,Barwani,441.0,3557,Anjad,3557.0,S
24,Gujarat,24.0,449,Kachchh,468.0,3725,Anjar,3725.0,S
33,Tamil Nadu,33.0,573,Erode,610.0,5969,Anthiyur,0.0,S
23,Madhya Pradesh,23.0,390,Anuppur,461.0,3694,Anuppur,3694.0,S
13,Nagaland,13.0,244,Dimapur,265.0,1793,Aquqhnaqua,1793.0,S
29,Karnataka,29.0,546,Raichur,559.0,7403,Arakera,0.0,S
33,Tamil Nadu,33.0,731,Ranipet,0.0,5715,Arakonam,5715.0,S
33,Tamil Nadu,33.0,582,Pudukkottai,621.0,5826,Aranthangi,5826.0,S
28,Andhra Pradesh,28.0,517,Prakasam,549.0,5116,Ardhaveedu,5116.0,S
33,Tamil Nadu,33.0,610,Ariyalur,616.0,5787,Ariyalur,5787.0,S
22,Chhattisgarh,22.0,646,Balod,0.0,7253,Arjunda,0.0,S
27,Maharashtra,27.0,475,Gadchiroli,508.0,4053,Armori,4053.0,S
33,Tamil Nadu,33.0,597,Virudhunagar,625.0,5853,Aruppukkottai,5853.0,S
10,Bihar,10.0,611,Arwal,240.0,1542,Arwal,1542.0,S
36,Telangana,0.0,507,Hyderabad,536.0,4506,Asif Nagar,4506.0,S
21,Odisha,21.0,354,Ganjam,388.0,3078,Asika,3078.0,S
8,Rajasthan,8.0,92,Bhilwara,122.0,627,Asind,627.0,S
36,Telangana,0.0,690,Bhadradri Kothagudem,0.0,4749,Aswaraopeta,4749.0,S
10,Bihar,10.0,212,Patna,230.0,1415,Athmalgola,1415.0,S
28,Andhra Pradesh,28.0,749,Ntr,0.0,4998,Atlapragada Konduru,4998.0,S
28,Andhra Pradesh,28.0,515,Sri Potti Sriramulu Nellore,550.0,5164,Atmakur,5164.0,S
36,Telangana,0.0,696,Suryapet,0.0,4622,Atmakur (S),4622.0,S
27,Maharashtra,27.0,493,Sangli,531.0,4300,Atpadi,4300.0,S
29,Karnataka,29.0,529,Bidar,558.0,5456,Aurad,5456.0,S
10,Bihar,10.0,201,Katihar,212.0,1148,Azamnagar,1148.0,S
18,Assam,18.0,618,Kamrup Metro,322.0,2127,Azara,2127.0,S
6,Haryana,6.0,68,Kurukshetra,72.0,6454,Babain St,0.0,S
10,Bihar,10.0,191,Begusarai,222.0,1310,Bachhwara,1310.0,S
21,Odisha,21.0,356,Jajapur,382.0,2982,Badachana,2982.0,S
21,Odisha,21.0,350,Cuttack,381.0,2946,Badamba,2946.0,S
29,Karnataka,29.0,524,Bagalkote,556.0,5446,Badami,5446.0,S
21,Odisha,21.0,365,Mayurbhanj,376.0,2866,Badampahar,2866.0,S
28,Andhra Pradesh,28.0,521,Vizianagaram,543.0,4820,Badangi,4820.0,S
23,Madhya Pradesh,23.0,432,Shivpuri,423.0,3412,Badarwas,3412.0,S
23,Madhya Pradesh,23.0,431,Sheopur,418.0,3383,Badoda,3383.0,S
2,Himachal Pradesh,2.0,22,Mandi,27.0,186,Bagachnogi,186.0,S
17,Meghalaya,17.0,277,South Garo Hills,295.0,1977,Baghmara,1977.0,S
20,Jharkhand,20.0,325,Dhanbad,354.0,2582,Baghmara-Cum-Katras,2582.0,S
9,Uttar Pradesh,9.0,124,Baghpat,139.0,736,Baghpat,736.0,S
23,Madhya Pradesh,23.0,402,Dewas,437.0,3529,Bagli,3529.0,S
12,Arunachal Pradesh,12.0,243,West Siang,250.0,6588,Bagra Circle,0.0,S
10,Bihar,10.0,203,Kishanganj,210.0,1125,Bahadurganj,1125.0,S
6,Haryana,6.0,64,Jhajjar,83.0,408,Bahadurgarh,408.0,S
23,Madhya Pradesh,23.0,433,Sidhi,462.0,6072,Bahari,0.0,S
9,Uttar Pradesh,9.0,130,Bareilly,150.0,784,Baheri,784.0,S
9,Uttar Pradesh,9.0,125,Bahraich,180.0,921,Bahraich,921.0,S
21,Odisha,21.0,350,Cuttack,381.0,2947,Baidyeswar,2947.0,S
10,Bihar,10.0,221,Sitamarhi,206.0,1063,Bairgania,1063.0,S
9,Uttar Pradesh,9.0,126,Ballia,193.0,980,Bairia,980.0,S
5,Uttarakhand,5.0,56,Udam Singh Nagar,67.0,348,Bajpur,348.0,S
19,West Bengal,19.0,312,Hooghly,338.0,2345,Balagarh,2345.0,S
36,Telangana,0.0,512,Mahabubnagar,538.0,4557,Balanagar,4557.0,S
36,Telangana,0.0,518,Ranga Reddy,537.0,6323,Balapur,0.0,S
2,Himachal Pradesh,2.0,22,Mandi,27.0,131,Baldwara,131.0,S
20,Jharkhand,20.0,325,Dhanbad,354.0,2586,Baliapur,2586.0,S
28,Andhra Pradesh,28.0,743,Parvathipuram Manyam,0.0,4815,Balijipeta,4815.0,S
27,Maharashtra,27.0,473,Chandrapur,509.0,4074,Ballarpur,4074.0,S
22,Chhattisgarh,22.0,646,Balod,0.0,3321,Balod,3321.0,S
9,Uttar Pradesh,9.0,127,Balrampur,182.0,925,Balrampur,925.0,S
6,Haryana,6.0,63,Hisar,80.0,6442,Balsamand St,0.0,S
20,Jharkhand,20.0,335,Latehar,359.0,2640,Balumath,2640.0,S
19,West Bengal,19.0,310,Dakshin Dinajpur,331.0,2204,Balurghat,2204.0,S
21,Odisha,21.0,361,Kendujhar,375.0,2838,Bamebari,2838.0,S
22,Chhattisgarh,22.0,379,Janjgir-Champa,405.0,7265,Bamhnidih,0.0,S
23,Madhya Pradesh,23.0,417,Morena,419.0,7112,Bamor,0.0,S
21,Odisha,21.0,346,Baleshwar,377.0,2901,Bampada,2901.0,S
9,Uttar Pradesh,9.0,128,Banda,170.0,871,Banda,871.0,S
8,Rajasthan,8.0,780,Shahpura,,630,Banera,630.0,S
1,Jammu And Kashmir,1.0,621,Ramban,17.0,66,Banihal,66.0,U
10,Bihar,10.0,213,Purbi Champaran,204.0,1037,Bankatwa,1037.0,S
23,Madhya Pradesh,23.0,409,Narmadapuram,449.0,3619,Bankhedi,3619.0,S
10,Bihar,10.0,214,Purnia,211.0,1128,Banmankhi,1128.0,S
20,Jharkhand,20.0,342,Simdega,367.0,2727,Bano,2727.0,S
9,Uttar Pradesh,9.0,126,Ballia,193.0,979,Bansdih,979.0,S
9,Uttar Pradesh,9.0,148,Gorakhpur,188.0,952,Bansgaon,952.0,S
8,Rajasthan,8.0,782,Kotputli-Behror,,500,Bansur,500.0,S
8,Rajasthan,8.0,88,Banswara,125.0,652,Banswara,652.0,S
8,Rajasthan,8.0,778,Jodhpur (Gramin),,6047,Baori,0.0,S
28,Andhra Pradesh,28.0,750,Bapatla,0.0,5093,Bapatla,5093.0,S
19,West Bengal,19.0,321,Purulia,340.0,2394,Barabazar,2394.0,S
10,Bihar,10.0,204,Lakhisarai,227.0,1365,Barahiya,1365.0,S
18,Assam,18.0,616,Baksa,324.0,5935,Barama Pt,0.0,S
22,Chhattisgarh,22.0,763,Sarangarh-Bilaigarh,0.0,3271,Baramkela,3271.0,S
8,Rajasthan,8.0,89,Baran,128.0,672,Baran,672.0,S
19,West Bengal,19.0,303,North 24 Parganas,337.0,2325,Barasat - I,2325.0,S
1,Jammu And Kashmir,1.0,625,Shopian,13.0,6798,Barbugh,0.0,U
21,Odisha,21.0,347,Bargarh,370.0,2766,Bargarh Sadar,2766.0,S
10,Bihar,10.0,212,Patna,230.0,1417,Barh,1417.0,S
9,Uttar Pradesh,9.0,137,Deoria,190.0,961,Barhaj,961.0,S
10,Bihar,10.0,214,Purnia,211.0,1129,Barhara,1129.0,S
19,West Bengal,19.0,305,Bankura,339.0,2363,Barjora,2363.0,S
8,Rajasthan,8.0,90,Barmer,115.0,7131,Barmer Gramin,0.0,S
3,Punjab,3.0,605,Barnala,54.0,275,Barnala,275.0,S
22,Chhattisgarh,22.0,383,Korba,404.0,7233,Barpali,0.0,S
27,Maharashtra,27.0,496,Solapur,526.0,4246,Barshi,4246.0,S
27,Maharashtra,27.0,467,Akola,501.0,3994,Barshitakli,3994.0,S
23,Madhya Pradesh,23.0,414,Khargone (West Nimar),440.0,3545,Barwaha,3545.0,S
24,Gujarat,24.0,676,Botad,0.0,3786,Barwala,3786.0,S
10,Bihar,10.0,222,Siwan,218.0,1234,Basantpur,1234.0,S
12,Arunachal Pradesh,12.0,724,Leparada,0.0,1636,Basar Adc,1636.0,S
20,Jharkhand,20.0,330,Godda,351.0,2560,Bashant Rai*,2560.0,S
36,Telangana,0.0,698,Vikarabad,0.0,4535,Basheerabad,4535.0,S
19,West Bengal,19.0,303,North 24 Parganas,337.0,2330,Basirhat - II,2330.0,S
18,Assam,18.0,616,Baksa,324.0,2143,Baska,2143.0,S
6,Haryana,6.0,63,Hisar,80.0,6408,Bass,0.0,S
8,Rajasthan,8.0,783,Jaipur (Gramin),,549,Bassi,549.0,S
3,Punjab,3.0,30,Fatehgarh Sahib,40.0,220,Bassi Pathana,220.0,S
22,Chhattisgarh,22.0,374,Bastar,414.0,3362,Bastanar,3362.0,S
5,Uttarakhand,5.0,54,Rudra Prayag,58.0,6334,Basukedar,0.0,S
8,Rajasthan,8.0,97,Dausa,109.0,533,Baswa,533.0,S
3,Punjab,3.0,32,Gurdaspur,35.0,203,Batala,203.0,S
21,Odisha,21.0,349,Boudh,391.0,3130,Baudh Sadar,3130.0,S
10,Bihar,10.0,190,Banka,225.0,1355,Bausi,1355.0,S
24,Gujarat,24.0,438,Ahmedabad,474.0,3784,Bavla,3784.0,S
36,Telangana,0.0,688,Mahabubabad,0.0,4742,Bayyaram,4742.0,S
23,Madhya Pradesh,23.0,431,Sheopur,418.0,3381,Beerpur,3381.0,S
1,Jammu And Kashmir,1.0,2,Budgam,2.0,5,Beerwah,5.0,U
23,Madhya Pradesh,23.0,421,Raisen,446.0,3592,Begamganj,3592.0,S
8,Rajasthan,8.0,97,Dausa,109.0,7134,Behrawanda,0.0,S
19,West Bengal,19.0,319,Murshidabad,333.0,2244,Beldanga - I,2244.0,S
22,Chhattisgarh,22.0,650,Bemetara,0.0,3312,Bemetara,3312.0,S
20,Jharkhand,20.0,339,Ranchi,364.0,2695,Bero,2695.0,S
28,Andhra Pradesh,28.0,517,Prakasam,549.0,5131,Bestavaripeta,5131.0,S
8,Rajasthan,8.0,95,Chittorgarh,126.0,662,Bhadesar,662.0,S
8,Rajasthan,8.0,104,Jalore,116.0,7217,Bhadrajun,0.0,S
27,Maharashtra,27.0,473,Chandrapur,509.0,4070,Bhadravati,4070.0,S
19,West Bengal,19.0,319,Murshidabad,333.0,2232,Bhagawangola - II,2232.0,S
12,Arunachal Pradesh,12.0,242,West Kameng,246.0,6561,Bhalukpong Eac,0.0,S
27,Maharashtra,27.0,475,Gadchiroli,508.0,4061,Bhamragad,4061.0,S
8,Rajasthan,8.0,103,Jaisalmer,114.0,6040,Bhaniyana,0.0,S
9,Uttar Pradesh,9.0,131,Basti,185.0,937,Bhanpur,937.0,S
19,West Bengal,19.0,319,Murshidabad,333.0,2246,Bharatpur - II,2246.0,S
2,Himachal Pradesh,2.0,16,Chamba,23.0,92,Bharmour,92.0,S
22,Chhattisgarh,22.0,763,Sarangarh-Bilaigarh,0.0,7276,Bhatgaon,0.0,S
21,Odisha,21.0,347,Bargarh,370.0,2764,Bheden,2764.0,S
36,Telangana,0.0,501,Adilabad,532.0,6223,Bheempur,0.0,S
28,Andhra Pradesh,28.0,520,Visakhapatnam,544.0,4865,Bheemunipatnam,4865.0,S
1,Jammu And Kashmir,1.0,4,Doda,16.0,7203,Bhella,0.0,U
23,Madhya Pradesh,23.0,414,Khargone (West Nimar),440.0,3549,Bhikangaon,3549.0,S
5,Uttarakhand,5.0,45,Almora,64.0,325,Bhikiasain,325.0,S
23,Madhya Pradesh,23.0,407,Gwalior,421.0,3401,Bhitarwar,3401.0,S
9,Uttar Pradesh,9.0,121,Ambedkar Nagar,178.0,911,Bhiti,911.0,S
27,Maharashtra,27.0,497,Thane,517.0,4166,Bhiwandi,4166.0,S
9,Uttar Pradesh,9.0,166,Mainpuri,148.0,777,Bhogaon,777.0,S
21,Odisha,21.0,346,Baleshwar,377.0,2891,Bhograi,2891.0,S
2,Himachal Pradesh,2.0,17,Hamirpur,28.0,146,Bhoranj,146.0,S
2,Himachal Pradesh,2.0,17,Hamirpur,28.0,6885,Bhota,0.0,S
18,Assam,18.0,294,Kokrajhar,300.0,2002,Bhowraguri,2002.0,S
18,Assam,18.0,296,Marigaon,304.0,2027,Bhuragaon,2027.0,S
33,Tamil Nadu,33.0,570,Cuddalore,617.0,6645,Bhuvanagiri,0.0,S
23,Madhya Pradesh,23.0,399,Chhindwara,455.0,3657,Bichhua,3657.0,S
23,Madhya Pradesh,23.0,410,Indore,439.0,7013,Bicholi Hapsi,0.0,S
30,Goa,30.0,551,North Goa,585.0,5612,Bicholim,5612.0,S
8,Rajasthan,8.0,96,Churu,102.0,6426,Bidasar,0.0,S
9,Uttar Pradesh,9.0,122,Auraiya,162.0,841,Bidhuna,841.0,S
10,Bihar,10.0,209,Nalanda,229.0,1386,Bihar,1386.0,S
10,Bihar,10.0,197,Gopalganj,217.0,1216,Bijaipur,1216.0,S
1,Jammu And Kashmir,1.0,1,Anantnag,14.0,54,Bijbehara,54.0,U
18,Assam,18.0,612,Chirang,320.0,2115,Bijni (Pt),2115.0,S
9,Uttar Pradesh,9.0,132,Bijnor,134.0,713,Bijnor,713.0,S
22,Chhattisgarh,22.0,375,Bilaspur,406.0,3297,Bilha,3297.0,S
1,Jammu And Kashmir,1.0,7,Kathua,7.0,27,Billawar,27.0,U
27,Maharashtra,27.0,485,Nanded,511.0,4105,Biloli,4105.0,S
21,Odisha,21.0,356,Jajapur,382.0,2984,Binjharpur,2984.0,S
5,Uttarakhand,5.0,52,Pauri Garhwal,61.0,6354,Bironkhal,0.0,S
10,Bihar,10.0,206,Madhubani,207.0,1092,Bisfi,1092.0,S
1,Jammu And Kashmir,1.0,5,Jammu,21.0,81,Bishnah,81.0,U
20,Jharkhand,20.0,331,Gumla,366.0,2706,Bishunpur,2706.0,S
21,Odisha,21.0,373,Sundargarh,374.0,2818,Bisra,2818.0,S
9,Uttar Pradesh,9.0,183,Sitapur,154.0,806,Biswan,806.0,S
10,Bihar,10.0,217,Samastipur,221.0,1303,Bithan,1303.0,S
20,Jharkhand,20.0,330,Godda,351.0,2557,Boarijor,2557.0,S
33,Tamil Nadu,33.0,588,Theni,624.0,5842,Bodinayakanur,5842.0,S
22,Chhattisgarh,22.0,375,Bilaspur,406.0,7250,Bodri,0.0,S
27,Maharashtra,27.0,478,Jalgaon,499.0,3964,Bodvad,3964.0,S
18,Assam,18.0,291,Kamrup,321.0,2124,Boko,2124.0,S
20,Jharkhand,20.0,342,Simdega,367.0,2722,Bolba,2722.0,S
8,Rajasthan,8.0,113,Sawai Madhopur,108.0,529,Bonli,529.0,S
36,Telangana,0.0,697,Yadadri Bhuvanagiri,0.0,4630,B Pochampally,4630.0,S
21,Odisha,21.0,354,Ganjam,388.0,3093,Brahmapur Sadar,3093.0,S
9,Uttar Pradesh,9.0,133,Budaun,149.0,782,Budaun,782.0,S
1,Jammu And Kashmir,1.0,2,Budgam,2.0,7,Budgam,7.0,U
19,West Bengal,19.0,304,South 24 Parganas,343.0,2413,Budge Budge - I,2413.0,S
8,Rajasthan,8.0,106,Jhunjhunu,103.0,489,Buhana,489.0,S
28,Andhra Pradesh,28.0,502,Ananthapuramu,553.0,5329,Bukkaraya Samudram,5329.0,S
27,Maharashtra,27.0,472,Buldhana,500.0,3984,Buldana,3984.0,S
12,Arunachal Pradesh,12.0,242,West Kameng,246.0,6847,Buragaon Eac,0.0,S
23,Madhya Pradesh,23.0,398,Chhatarpur,425.0,3434,Buxwaha,3434.0,S
19,West Bengal,19.0,304,South 24 Parganas,343.0,2421,Canning - II,2421.0,S
28,Andhra Pradesh,28.0,511,Kurnool,552.0,5256,C.Belagal,5256.0,S
1,Jammu And Kashmir,1.0,2,Budgam,2.0,8,Chadoora,8.0,U
10,Bihar,10.0,200,Kaimur (Bhabua),233.0,1452,Chainpur,1452.0,S
20,Jharkhand,20.0,338,Palamu,358.0,2634,Chainpur,2634.0,S
5,Uttarakhand,5.0,52,Pauri Garhwal,61.0,6036,Chakisain,0.0,S
20,Jharkhand,20.0,343,West Singhbhum,368.0,2731,Chakradharpur,2731.0,S
21,Odisha,21.0,354,Ganjam,388.0,3087,Chamakhandi,3087.0,S
3,Punjab,3.0,42,Rupnagar,51.0,265,Chamkaur Sahib,265.0,S
5,Uttarakhand,5.0,47,Chamoli,57.0,285,Chamoli,285.0,S
21,Odisha,21.0,361,Kendujhar,375.0,2839,Champua,2839.0,S
8,Rajasthan,8.0,778,Jodhpur (Gramin),,7374,Chamu,0.0,S
24,Gujarat,24.0,455,Patan,470.0,3750,Chanasma,3750.0,S
19,West Bengal,19.0,316,Malda,332.0,2211,Chanchal - II,2211.0,S
21,Odisha,21.0,366,Nabarangpur,397.0,3190,Chandahandi,3190.0,S
21,Odisha,21.0,362,Khordha,386.0,3038,Chandaka,3038.0,S
36,Telangana,0.0,514,Nalgonda,539.0,4652,Chandampeta,4652.0,S
20,Jharkhand,20.0,322,Bokaro,355.0,2596,Chandankiyari,2596.0,S
9,Uttar Pradesh,9.0,659,Sambhal,0.0,722,Chandausi,722.0,S
21,Odisha,21.0,373,Sundargarh,374.0,2824,Chandiposh,2824.0,S
28,Andhra Pradesh,28.0,752,Tirupati,0.0,5384,Chandragiri,5384.0,S
21,Odisha,21.0,370,Rayagada,396.0,3174,Chandrapur,3174.0,S
36,Telangana,0.0,690,Bhadradri Kothagudem,0.0,4747,Chandrugonda,4747.0,S
27,Maharashtra,27.0,468,Amravati,503.0,4005,Chandurbazar,4005.0,S
13,Nagaland,13.0,250,Wokha,264.0,1780,Changpang,1780.0,S
10,Bihar,10.0,211,Pashchim Champaran,203.0,1025,Chanpatia,1025.0,S
18,Assam,18.0,285,Dhubri,301.0,6019,Chapar Pt,2010.0,S
19,West Bengal,19.0,320,Nadia,336.0,2305,Chapra,2305.0,S
36,Telangana,0.0,694,Nagarkurnool,0.0,6293,Charakonda,0.0,S
20,Jharkhand,20.0,323,Chatra,347.0,2518,Chatra,2518.0,S
10,Bihar,10.0,194,Buxar,232.0,1438,Chaugain,1438.0,S
23,Madhya Pradesh,23.0,399,Chhindwara,455.0,3650,Chaurai,3650.0,S
32,Kerala,32.0,566,Thrissur,594.0,5653,Chavakkad,5653.0,S
10,Bihar,10.0,224,Vaishali,220.0,1273,Chehra Kalan,1273.0,S
29,Karnataka,29.0,630,Chikkaballapura,582.0,7407,Chelur,0.0,S
10,Bihar,10.0,191,Begusarai,222.0,1307,Cheria Bariarpur,1307.0,S
13,Nagaland,13.0,765,Shamator,0.0,1827,Chessore,1827.0,S
12,Arunachal Pradesh,12.0,241,Upper Subansiri,249.0,1614,Chetam Peer Yapu Circle,1614.0,S
13,Nagaland,13.0,248,Phek,266.0,1807,Chetheba,1807.0,S
8,Rajasthan,8.0,93,Bikaner,101.0,479,Chhatargarh,479.0,S
20,Jharkhand,20.0,338,Palamu,358.0,2620,Chhatarpur,2620.0,S
8,Rajasthan,8.0,89,Baran,128.0,677,Chhipabarod,677.0,S
8,Rajasthan,8.0,629,Pratapgarh,131.0,698,Chhoti Sadri,698.0,S
36,Telangana,0.0,508,Karimnagar,534.0,4442,Chigurumamidi,4442.0,S
14,Manipur,14.0,257,Senapati,272.0,6483,Chilivai Phaibung,0.0,S
36,Telangana,0.0,513,Medak,535.0,6274,Chilpched,0.0,S
28,Andhra Pradesh,28.0,517,Prakasam,549.0,5128,Chimakurthy,5128.0,S
14,Manipur,14.0,260,Ukhrul,279.0,1887,Chingai,1887.0,S
33,Tamil Nadu,33.0,729,Kallakurichi,0.0,5977,Chinnasalem,0.0,S
19,West Bengal,19.0,312,Hooghly,338.0,2346,Chinsurah - Magra,2346.0,S
36,Telangana,0.0,696,Suryapet,0.0,6303,Chinthalapalem,0.0,S
28,Andhra Pradesh,28.0,745,Alluri Sitharama Raju,0.0,4849,Chinthapalli,4849.0,S
36,Telangana,0.0,514,Nalgonda,539.0,4650,Chinthapally,4650.0,S
32,Kerala,32.0,565,Thiruvananthapuram,601.0,5689,Chirayinkeezhu,5689.0,S
2,Himachal Pradesh,2.0,23,Shimla,33.0,192,Chirgaon,192.0,S
22,Chhattisgarh,22.0,760,Manendragarh-Chirmiri-Bharatpur(M C B),0.0,7268,Chirmiri,0.0,S
29,Karnataka,29.0,538,Kalaburagi,579.0,5585,Chittapur,5585.0,S
28,Andhra Pradesh,28.0,503,Chittoor,554.0,5421,Chittoor,5421.0,S
36,Telangana,0.0,514,Nalgonda,539.0,4633,Chityal,4633.0,S
17,Meghalaya,17.0,277,South Garo Hills,295.0,1975,Chokpot,1975.0,S
8,Rajasthan,8.0,783,Jaipur (Gramin),,541,Chomu,541.0,S
27,Maharashtra,27.0,478,Jalgaon,499.0,3960,Chopda,3960.0,S
8,Rajasthan,8.0,768,Didwana-Kuchaman,,7364,Choti Khatu,0.0,S
28,Andhra Pradesh,28.0,503,Chittoor,554.0,5413,Chowdepalle,5413.0,S
13,Nagaland,13.0,248,Phek,266.0,1806,Chozuba,1806.0,S
21,Odisha,21.0,350,Cuttack,381.0,2968,Cuttack (M.Corp.) P.S,2968.0,S
24,Gujarat,24.0,461,Vadodara,486.0,3905,Dabhoi,3905.0,S
17,Meghalaya,17.0,278,West Garo Hills,293.0,1963,Dadenggiri,1963.0,S
38,The Dadra And Nagar Haveli And Daman And Diu,,465,Dadra And Nagar Haveli,496.0,3949,Dadra & Nagar Haveli,3949.0,U
10,Bihar,10.0,214,Purnia,211.0,1141,Dagarua,1141.0,S
6,Haryana,6.0,72,Rewari,85.0,6464,Dahina St,0.0,S
21,Odisha,21.0,361,Kendujhar,375.0,2852,Daitari,2852.0,S
12,Arunachal Pradesh,12.0,233,Kurung Kumey,256.0,1714,Damin Circle,1714.0,S
23,Madhya Pradesh,23.0,400,Damoh,428.0,3458,Damoh,3458.0,S
29,Karnataka,29.0,550,Uttara Kannada,563.0,7064,Dandeli,0.0,S
10,Bihar,10.0,201,Katihar,212.0,1150,Dandkhora,1150.0,S
19,West Bengal,19.0,318,Paschim Medinipur,344.0,2467,Dantan - I,2467.0,S
24,Gujarat,24.0,441,Banas Kantha,469.0,3735,Dantiwada,3735.0,S
12,Arunachal Pradesh,12.0,241,Upper Subansiri,249.0,1615,Daporijo Hq,1615.0,S
10,Bihar,10.0,222,Siwan,218.0,1246,Daraundha,1246.0,S
22,Chhattisgarh,22.0,389,Surguja,401.0,7261,Darima,0.0,S
22,Chhattisgarh,22.0,383,Korba,404.0,7266,Darri,0.0,S
28,Andhra Pradesh,28.0,517,Prakasam,549.0,5114,Darsi,5114.0,S
22,Chhattisgarh,22.0,646,Balod,0.0,3320,Daundilohara,3320.0,S
10,Bihar,10.0,215,Rohtas,234.0,1459,Dawath,1459.0,S
6,Haryana,6.0,60,Faridabad,88.0,6415,Dayalpur St,0.0,S
12,Arunachal Pradesh,12.0,231,East Kameng,247.0,7021,Debeyar Co Circle,0.0,S
27,Maharashtra,27.0,485,Nanded,511.0,4110,Deglur,4110.0,S
8,Rajasthan,8.0,115,Sirohi,117.0,7154,Deldar,0.0,S
8,Rajasthan,8.0,112,Rajsamand,123.0,6935,Delwara,0.0,S
27,Maharashtra,27.0,498,Wardha,504.0,4020,Deoli,4020.0,S
9,Uttar Pradesh,9.0,137,Deoria,190.0,959,Deoria,959.0,S
12,Arunachal Pradesh,12.0,235,Lower Dibang Valley,258.0,6569,Desali Circle,0.0,S
24,Gujarat,24.0,461,Vadodara,486.0,6035,Desar,0.0,S
19,West Bengal,19.0,317,Purba Medinipur,345.0,2489,Deshopran,2489.0,S
5,Uttarakhand,5.0,53,Pithoragarh,62.0,6424,Devalthal,0.0,S
28,Andhra Pradesh,28.0,744,Anakapalli,0.0,4859,Devarapalli,4859.0,S
23,Madhya Pradesh,23.0,420,Panna,426.0,3437,Devendranagar,3437.0,S
20,Jharkhand,20.0,324,Deoghar,350.0,2549,Devipur,2549.0,S
5,Uttarakhand,5.0,55,Tehri Garhwal,59.0,294,Devprayag,294.0,S
5,Uttarakhand,5.0,47,Chamoli,57.0,6347,Dewal,0.0,S
20,Jharkhand,20.0,327,East Singhbum,357.0,2611,Dhalbhumgarh,2611.0,S
10,Bihar,10.0,214,Purnia,211.0,1132,Dhamdaha,1132.0,S
22,Chhattisgarh,22.0,377,Dhamtari,412.0,3346,Dhamtari,3346.0,S
24,Gujarat,24.0,462,Valsad,491.0,3928,Dharampur,3928.0,S
33,Tamil Nadu,33.0,634,Tiruppur,633.0,5902,Dharapuram,5902.0,S
5,Uttarakhand,5.0,53,Pithoragarh,62.0,316,Dharchula,316.0,S
5,Uttarakhand,5.0,51,Nainital,66.0,341,Dhari,341.0,S
33,Tamil Nadu,33.0,571,Dharmapuri,630.0,5888,Dharmapuri,5888.0,S
21,Odisha,21.0,356,Jajapur,382.0,2979,Dharmasala,2979.0,S
28,Andhra Pradesh,28.0,754,Sri Sathya Sai,0.0,5336,Dharmavaram,5336.0,S
18,Assam,18.0,301,Sonitpur,306.0,2041,Dhekiajuli (Pt),2041.0,S
23,Madhya Pradesh,23.0,413,Katni,450.0,3626,Dhimarkheda,3626.0,S
18,Assam,18.0,297,Nagaon,305.0,2034,Dhing,2034.0,S
2,Himachal Pradesh,2.0,18,Kangra,24.0,109,Dhira,109.0,S
28,Andhra Pradesh,28.0,502,Ananthapuramu,553.0,5304,D.Hirehal,5304.0,S
24,Gujarat,24.0,457,Rajkot,476.0,3810,Dhoraji,3810.0,S
19,West Bengal,19.0,314,Jalpaiguri,328.0,2176,Dhupguri,2176.0,S
5,Uttarakhand,5.0,45,Almora,64.0,6342,Dhyari,0.0,S
36,Telangana,0.0,516,Nizamabad,533.0,4377,Dichpally,4377.0,S
5,Uttarakhand,5.0,53,Pithoragarh,62.0,317,Didihat,317.0,S
10,Bihar,10.0,203,Kishanganj,210.0,1122,Dighalbank,1122.0,S
10,Bihar,10.0,215,Rohtas,234.0,1458,Dinara,1458.0,S
27,Maharashtra,27.0,487,Nashik,516.0,4149,Dindori,4149.0,S
22,Chhattisgarh,22.0,383,Korba,404.0,7293,Dipka,0.0,S
37,Ladakh,0.0,9,Leh Ladakh,3.0,7231,Diskit,0.0,U
18,Assam,18.0,618,Kamrup Metro,322.0,2129,Dispur,2129.0,S
5,Uttarakhand,5.0,49,Dehradun,60.0,6335,Doiwala,0.0,S
36,Telangana,0.0,685,Kamareddy,0.0,4392,Domakonda,4392.0,S
20,Jharkhand,20.0,334,Koderma,348.0,2528,Domchanch,2528.0,S
28,Andhra Pradesh,28.0,517,Prakasam,549.0,5102,Donakonda,5102.0,S
36,Telangana,0.0,688,Mahabubabad,0.0,4722,Dornakal,4722.0,S
8,Rajasthan,8.0,769,Dudu,,6027,Dudu,0.0,S
28,Andhra Pradesh,28.0,506,Guntur,548.0,5076,Duggirala,5076.0,S
36,Telangana,0.0,690,Bhadradri Kothagudem,0.0,4729,Dummugudem,4729.0,S
10,Bihar,10.0,221,Sitamarhi,206.0,1074,Dumra,1074.0,S
37,Ladakh,0.0,9,Leh Ladakh,3.0,7158,Durbuk,0.0,U
5,Uttarakhand,5.0,45,Almora,64.0,329,Dwarahat,329.0,S
20,Jharkhand,20.0,325,Dhanbad,354.0,6201,Egarkund,0.0,S
1,Jammu And Kashmir,1.0,13,Srinagar,10.0,6803,Eidgah,0.0,U
36,Telangana,0.0,686,Hanumakonda,0.0,4449,Elkathurthy,4449.0,S
6,Haryana,6.0,74,Sirsa,79.0,392,Ellenabad,392.0,S
28,Andhra Pradesh,28.0,748,Eluru,0.0,4966,Eluru,4966.0,S
13,Nagaland,13.0,250,Wokha,264.0,1790,Englan,1790.0,S
33,Tamil Nadu,33.0,594,Thoothukkudi,627.0,6633,Eral,0.0,S
33,Tamil Nadu,33.0,573,Erode,610.0,5753,Erode,5753.0,S
9,Uttar Pradesh,9.0,139,Etawah,161.0,838,Etawah,838.0,S
36,Telangana,0.0,518,Ranga Reddy,537.0,4559,Farooqnagar,4559.0,S
8,Rajasthan,8.0,103,Jaisalmer,114.0,576,Fatehgarh,576.0,S
9,Uttar Pradesh,9.0,142,Fatehpur,172.0,878,Fatehpur,878.0,S
10,Bihar,10.0,196,Gaya,236.0,1508,Fatehpur,1508.0,S
10,Bihar,10.0,212,Patna,230.0,1411,Fatwah,1411.0,S
3,Punjab,3.0,651,Fazilka,0.0,237,Fazilka,237.0,S
9,Uttar Pradesh,9.0,119,Aligarh,143.0,753,Gabhana,753.0,S
23,Madhya Pradesh,23.0,418,Narsimhapur,452.0,3635,Gadarwara,3635.0,S
27,Maharashtra,27.0,475,Gadchiroli,508.0,4057,Gadchiroli,4057.0,S
27,Maharashtra,27.0,480,Kolhapur,530.0,4293,Gadhinglaj,4293.0,S
8,Rajasthan,8.0,90,Barmer,115.0,6906,Gadraroad,0.0,S
36,Telangana,0.0,695,Jogulamba Gadwal,0.0,4603,Gadwal,4603.0,S
23,Madhya Pradesh,23.0,421,Raisen,446.0,3591,Gairatganj,3591.0,S
5,Uttarakhand,5.0,55,Tehri Garhwal,59.0,6372,Gaja,0.0,S
28,Andhra Pradesh,28.0,521,Vizianagaram,543.0,4825,Gajapathinagaram,4825.0,S
8,Rajasthan,8.0,100,Ganganagar,99.0,7376,Gajsinghpur,0.0,S
36,Telangana,0.0,692,Siddipet,0.0,4483,Gajwel,4483.0,S
2,Himachal Pradesh,2.0,17,Hamirpur,28.0,142,Galore,142.0,S
19,West Bengal,19.0,306,Purba Bardhaman,335.0,2288,Galsi - II,2288.0,S
28,Andhra Pradesh,28.0,749,Ntr,0.0,4996,Gampalagudem,4996.0,S
36,Telangana,0.0,685,Kamareddy,0.0,4382,Gandhari,4382.0,S
36,Telangana,0.0,518,Ranga Reddy,537.0,6320,Gandipet,0.0,S
8,Rajasthan,8.0,88,Banswara,125.0,6610,Gangadtalai,0.0,S
8,Rajasthan,8.0,100,Ganganagar,99.0,458,Ganganagar,458.0,S
19,West Bengal,19.0,310,Dakshin Dinajpur,331.0,2201,Gangarampur,2201.0,S
28,Andhra Pradesh,28.0,745,Alluri Sitharama Raju,0.0,4894,Gangavaram,4894.0,S
11,Sikkim,11.0,225,Gangtok,244.0,1553,Gangtok,1553.0,S
21,Odisha,21.0,353,Gajapati,389.0,3108,Garabandha,3108.0,S
10,Bihar,10.0,193,Bhojpur,231.0,1431,Garhani,1431.0,S
20,Jharkhand,20.0,328,Garhwa,346.0,2509,Garhwa,2509.0,S
23,Madhya Pradesh,23.0,416,Mandsaur,433.0,3494,Garoth,3494.0,S
17,Meghalaya,17.0,277,South Garo Hills,295.0,1976,Gasuapara,1976.0,S
19,West Bengal,19.0,316,Malda,332.0,2214,Gazole,2214.0,S
12,Arunachal Pradesh,12.0,719,Lower Siang,0.0,1638,Gensi Eac,1638.0,S
36,Telangana,0.0,687,Jayashankar Bhupalapally,0.0,4683,Ghanpur (Mulug),4683.0,S
36,Telangana,0.0,689,Jangoan,0.0,4676,Ghanpur (Station),4676.0,S
6,Haryana,6.0,67,Karnal,74.0,374,Gharaunda,374.0,S
27,Maharashtra,27.0,500,Yavatmal,510.0,4089,Ghatanji,4089.0,S
20,Jharkhand,20.0,327,East Singhbum,357.0,2607,Ghatshila,2607.0,S
9,Uttar Pradesh,9.0,145,Ghaziabad,140.0,739,Ghaziabad,739.0,S
24,Gujarat,24.0,454,Panch Mahals,484.0,3887,Ghoghamba,3887.0,S
9,Uttar Pradesh,9.0,184,Sonbhadra,200.0,1004,Ghorawal,1004.0,S
10,Bihar,10.0,199,Jehanabad,239.0,1539,Ghoshi,1539.0,S
22,Chhattisgarh,22.0,376,Dakshin Bastar Dantewada,416.0,3370,Gidam,3370.0,S
3,Punjab,3.0,39,Sri Muktsar Sahib,44.0,240,Gidderbaha,240.0,S
10,Bihar,10.0,198,Jamui,238.0,1531,Gidhaur,1531.0,S
33,Tamil Nadu,33.0,596,Viluppuram,607.0,5728,Gingee,5728.0,S
12,Arunachal Pradesh,12.0,241,Upper Subansiri,249.0,6551,Gite Ripa Circle,0.0,S
19,West Bengal,19.0,311,Uttar Dinajpur,330.0,2193,Goalpokher - I,2193.0,S
24,Gujarat,24.0,454,Panch Mahals,484.0,3885,Godhra,3885.0,S
19,West Bengal,19.0,312,Hooghly,338.0,2339,Goghat - II,2339.0,S
8,Rajasthan,8.0,117,Udaipur,130.0,686,Gogunda,686.0,S
10,Bihar,10.0,189,Aurangabad,235.0,1478,Goh,1478.0,S
6,Haryana,6.0,75,Sonipat,76.0,378,Gohana,378.0,S
21,Odisha,21.0,354,Ganjam,388.0,3095,Golanthara,3095.0,S
28,Andhra Pradesh,28.0,505,East Godavari,545.0,4951,Gopalapuram,4951.0,S
10,Bihar,10.0,192,Bhagalpur,224.0,1334,Gopalpur,1334.0,S
28,Andhra Pradesh,28.0,504,Y.S.R.,551.0,5211,Gopavaram,5211.0,S
20,Jharkhand,20.0,326,Dumka,362.0,2669,Gopikandar,2669.0,S
9,Uttar Pradesh,9.0,148,Gorakhpur,188.0,950,Gorakhpur,950.0,S
28,Andhra Pradesh,28.0,755,Nandyal,0.0,5287,Gospadu,5287.0,S
21,Odisha,21.0,370,Rayagada,396.0,3184,Gudari,3184.0,S
21,Odisha,21.0,359,Kandhamal,390.0,3114,G.Udayagiri,3114.0,S
28,Andhra Pradesh,28.0,754,Sri Sathya Sai,0.0,5352,Gudibanda,5352.0,S
29,Karnataka,29.0,630,Chikkaballapura,582.0,5597,Gudibanda,5597.0,S
28,Andhra Pradesh,28.0,503,Chittoor,554.0,5431,Gudipala,5431.0,S
36,Telangana,0.0,688,Mahabubabad,0.0,4711,Gudur,4711.0,S
33,Tamil Nadu,33.0,568,Chennai,603.0,7169,Guindy,0.0,S
29,Karnataka,29.0,524,Bagalkote,556.0,7061,Guledgudda,0.0,S
20,Jharkhand,20.0,331,Gumla,366.0,2712,Gumla,2712.0,S
28,Andhra Pradesh,28.0,743,Parvathipuram Manyam,0.0,4808,Gummalakshmipuram,4808.0,S
23,Madhya Pradesh,23.0,406,Guna,458.0,6609,Guna Nagar,0.0,S
1,Jammu And Kashmir,1.0,626,Ganderbal,11.0,6806,Gund,0.0,U
36,Telangana,0.0,514,Nalgonda,539.0,4651,Gundlapally,4651.0,S
29,Karnataka,29.0,531,Chamarajanagara,578.0,5576,Gundlupet,5576.0,S
9,Uttar Pradesh,9.0,659,Sambhal,0.0,778,Gunnaur,778.0,S
28,Andhra Pradesh,28.0,506,Guntur,548.0,6833,Guntur East,0.0,S
21,Odisha,21.0,370,Rayagada,396.0,3183,Gunupur,3183.0,S
28,Andhra Pradesh,28.0,751,Palnadu,0.0,5044,Gurajala,5044.0,S
21,Odisha,21.0,353,Gajapati,389.0,3106,Gurandi,3106.0,S
3,Punjab,3.0,32,Gurdaspur,35.0,202,Gurdaspur,202.0,S
23,Madhya Pradesh,23.0,424,Rewa,430.0,3481,Gurh,3481.0,S
28,Andhra Pradesh,28.0,521,Vizianagaram,543.0,4828,Gurla,4828.0,S
29,Karnataka,29.0,635,Yadgir,580.0,7094,Gurumitkal,0.0,S
18,Assam,18.0,618,Kamrup Metro,322.0,2128,Guwahati,2128.0,S
23,Madhya Pradesh,23.0,437,Vidisha,443.0,3577,Gyaraspur,3577.0,S
12,Arunachal Pradesh,12.0,231,East Kameng,247.0,1588,Gyawe Purang Circle,1588.0,S
27,Maharashtra,27.0,485,Nanded,511.0,4098,Hadgaon,4098.0,S
2,Himachal Pradesh,2.0,19,Kinnaur,34.0,194,Hangrang,194.0,S
10,Bihar,10.0,195,Darbhanga,215.0,1190,Hanumannagar,1190.0,S
2,Himachal Pradesh,2.0,18,Kangra,24.0,97,Harchakian,97.0,S
23,Madhya Pradesh,23.0,408,Harda,448.0,3608,Harda,3608.0,S
19,West Bengal,19.0,319,Murshidabad,333.0,2242,Hariharpara,2242.0,S
19,West Bengal,19.0,320,Nadia,336.0,2315,Haringhata,2315.0,S
10,Bihar,10.0,206,Madhubani,207.0,1081,Harlakhi,1081.0,S
29,Karnataka,29.0,631,Ramanagara,584.0,7196,Harohalli,0.0,S
23,Madhya Pradesh,23.0,399,Chhindwara,455.0,3649,Harrai,3649.0,S
10,Bihar,10.0,189,Aurangabad,235.0,1477,Haspura,1477.0,S
21,Odisha,21.0,373,Sundargarh,374.0,2817,Hatibari,2817.0,S
23,Madhya Pradesh,23.0,402,Dewas,437.0,3530,Hatpiplya,3530.0,S
29,Karnataka,29.0,540,Haveri,564.0,5492,Haveri,5492.0,S
12,Arunachal Pradesh,12.0,628,Anjaw,260.0,1736,Hayuliang Adc,1736.0,S
27,Maharashtra,27.0,485,Nanded,511.0,4097,Himayatnagar,4097.0,S
8,Rajasthan,8.0,94,Bundi,121.0,622,Hindoli,622.0,S
27,Maharashtra,27.0,498,Wardha,504.0,4021,Hinganghat,4021.0,S
29,Karnataka,29.0,533,Chitradurga,566.0,5508,Hiriyur,5508.0,S
15,Mizoram,15.0,726,Hnahthial,0.0,1915,Hnahthial,1915.0,S
23,Madhya Pradesh,23.0,409,Narmadapuram,449.0,7045,Hoshangabad Nagar,0.0,S
13,Nagaland,13.0,247,Mon,261.0,1746,Hunta,1746.0,S
32,Kerala,32.0,556,Idukki,596.0,5942,Idukki,0.0,S
36,Telangana,0.0,683,Rajanna Sircilla,0.0,4436,Illanthakunta,4436.0,S
36,Telangana,0.0,516,Nizamabad,533.0,6236,Indalwai,0.0,S
27,Maharashtra,27.0,490,Pune,521.0,4200,Indapur,4200.0,S
23,Madhya Pradesh,23.0,401,Datia,422.0,3404,Indergarh,3404.0,S
23,Madhya Pradesh,23.0,410,Indore,439.0,3543,Indore,3543.0,S
10,Bihar,10.0,198,Jamui,238.0,1525,Islamnagar Aliganj,1525.0,S
2,Himachal Pradesh,2.0,26,Una,29.0,6889,Ispur,0.0,S
27,Maharashtra,27.0,479,Jalna,514.0,4126,Jafrabad,4126.0,S
24,Gujarat,24.0,439,Amreli,480.0,3848,Jafrabad,3848.0,S
20,Jharkhand,20.0,343,West Singhbhum,368.0,2743,Jagannathpur,2743.0,S
28,Andhra Pradesh,28.0,746,Kakinada,0.0,4898,Jaggampeta,4898.0,S
36,Telangana,0.0,681,Jagitial,0.0,4414,Jagitial,4414.0,S
36,Telangana,0.0,681,Jagitial,0.0,6211,Jagitial Rural,0.0,S
8,Rajasthan,8.0,780,Shahpura,,636,Jahazpur,636.0,S
22,Chhattisgarh,22.0,762,Sakti,0.0,3286,Jaijaipur,3286.0,S
19,West Bengal,19.0,321,Purulia,340.0,2378,Jaipur,2378.0,S
8,Rajasthan,8.0,103,Jaisalmer,114.0,574,Jaisalmer,574.0,S
21,Odisha,21.0,356,Jajapur,382.0,2978,Jajpur Sadar,2978.0,S
3,Punjab,3.0,651,Fazilka,0.0,236,Jalalabad,236.0,S
9,Uttar Pradesh,9.0,121,Ambedkar Nagar,178.0,909,Jalalpur,909.0,S
10,Bihar,10.0,218,Saran,219.0,1256,Jalalpur,1256.0,S
10,Bihar,10.0,207,Munger,226.0,1358,Jamalpur,1358.0,S
12,Arunachal Pradesh,12.0,238,Tawang,245.0,1561,Jang Adc,1561.0,S
21,Odisha,21.0,362,Khordha,386.0,3050,Jankia,3050.0,S
21,Odisha,21.0,344,Anugul,384.0,3012,Jarapada,3012.0,S
22,Chhattisgarh,22.0,647,Mungeli,0.0,7311,Jarhagaon,0.0,S
21,Odisha,21.0,365,Mayurbhanj,376.0,2867,Jashipur,2867.0,S
8,Rajasthan,8.0,93,Bikaner,101.0,7365,Jasrasar,0.0,S
9,Uttar Pradesh,9.0,139,Etawah,161.0,836,Jaswantnagar,836.0,S
8,Rajasthan,8.0,104,Jalore,116.0,6044,Jaswantpura,0.0,S
21,Odisha,21.0,362,Khordha,386.0,3049,Jatani,3049.0,S
9,Uttar Pradesh,9.0,152,Jaunpur,194.0,984,Jaunpur,984.0,S
27,Maharashtra,27.0,665,Palghar,0.0,4160,Jawhar,4160.0,S
10,Bihar,10.0,199,Jehanabad,239.0,1536,Jehanabad,1536.0,S
21,Odisha,21.0,363,Koraput,398.0,3209,Jeypore,3209.0,S
10,Bihar,10.0,206,Madhubani,207.0,1097,Jhanjharpur,1097.0,S
21,Odisha,21.0,357,Jharsuguda,371.0,2776,Jharsuguda,2776.0,S
23,Madhya Pradesh,23.0,414,Khargone (West Nimar),440.0,3553,Jhiranya,3553.0,S
36,Telangana,0.0,518,Ranga Reddy,537.0,6322,Jilled Chowdergudem,0.0,S
36,Telangana,0.0,691,Sangareddy,0.0,4493,Jinnaram,4493.0,S
17,Meghalaya,17.0,276,Ri Bhoi,297.0,1986,Jirang,1986.0,S
27,Maharashtra,27.0,473,Chandrapur,509.0,4076,Jiwati,4076.0,S
11,Sikkim,11.0,227,Namchi,243.0,6399,Jorethang,0.0,S
8,Rajasthan,8.0,767,Deeg,,7381,Jurhara,0.0,S
21,Odisha,21.0,354,Ganjam,388.0,3080,Kabisuryanagar,3080.0,S
8,Rajasthan,8.0,780,Shahpura,,7366,Kachola,0.0,S
33,Tamil Nadu,33.0,733,Tenkasi,0.0,6639,Kadayanallur,0.0,S
27,Maharashtra,27.0,480,Kolhapur,530.0,4290,Kagal,4290.0,S
16,Tripura,16.0,655,Unakoti,0.0,6682,Kailashahar,0.0,S
20,Jharkhand,20.0,336,Lohardaga,356.0,2600,Kairo,2600.0,S
21,Odisha,21.0,363,Koraput,398.0,3206,Kakiriguma,3206.0,S
28,Andhra Pradesh,28.0,506,Guntur,548.0,5083,Kakumanu,5083.0,S
18,Assam,18.0,617,Udalguri,326.0,6427,Kalaigaon,0.0,S
12,Arunachal Pradesh,12.0,242,West Kameng,246.0,1570,Kalaktang Adc,1570.0,S
27,Maharashtra,27.0,484,Nagpur,505.0,4025,Kalameshwar,4025.0,S
27,Maharashtra,27.0,477,Hingoli,512.0,4114,Kalamnuri,4114.0,S
23,Madhya Pradesh,23.0,430,Shajapur,436.0,3523,Kalapipal,3523.0,S
33,Tamil Nadu,33.0,593,Tiruvannamalai,606.0,5959,Kalasapakkam,0.0,S
19,West Bengal,19.0,316,Malda,332.0,2220,Kaliachak - I,2220.0,S
19,West Bengal,19.0,311,Uttar Dinajpur,330.0,2198,Kaliaganj,2198.0,S
21,Odisha,21.0,356,Jajapur,382.0,2971,Kaliapani,2971.0,S
28,Andhra Pradesh,28.0,753,Annamayya,0.0,5387,Kalikiri,5387.0,S
19,West Bengal,19.0,702,Kalimpong,0.0,2156,Kalimpong -I,2156.0,S
9,Uttar Pradesh,9.0,173,Pilibhit,151.0,6866,Kalinagar,0.0,S
21,Odisha,21.0,356,Jajapur,382.0,2972,Kalinganagar,2972.0,S
9,Uttar Pradesh,9.0,151,Jalaun,165.0,853,Kalpi,853.0,S
5,Uttarakhand,5.0,49,Dehradun,60.0,302,Kalsi,302.0,S
36,Telangana,0.0,694,Nagarkurnool,0.0,4576,Kalwakurthy,4576.0,S
27,Maharashtra,27.0,497,Thane,517.0,4168,Kalyan,4168.0,S
21,Odisha,21.0,370,Rayagada,396.0,3176,Kalyanasingpur,3176.0,S
24,Gujarat,24.0,674,Devbhumi Dwarka,0.0,3819,Kalyanpur,3819.0,S
21,Odisha,21.0,352,Dhenkanal,383.0,2988,Kamakshyanagar,2988.0,S
21,Odisha,21.0,346,Baleshwar,377.0,2892,Kamarda,2892.0,S
28,Andhra Pradesh,28.0,748,Eluru,0.0,4954,Kamavarapukota,4954.0,S
36,Telangana,0.0,514,Nalgonda,539.0,4656,Kanagal,4656.0,S
5,Uttarakhand,5.0,53,Pithoragarh,62.0,6425,Kanalichhina,0.0,S
32,Kerala,32.0,555,Ernakulam,595.0,5661,Kanayannur,5661.0,S
33,Tamil Nadu,33.0,596,Viluppuram,607.0,6651,Kandachipuram,0.0,S
20,Jharkhand,20.0,328,Garhwa,346.0,2498,Kandi,2498.0,S
5,Uttarakhand,5.0,55,Tehri Garhwal,59.0,6360,Kandisaur,0.0,S
36,Telangana,0.0,518,Ranga Reddy,537.0,4545,Kandukur,4545.0,S
12,Arunachal Pradesh,12.0,719,Lower Siang,0.0,6572,Kangku Circle,0.0,S
28,Andhra Pradesh,28.0,517,Prakasam,549.0,5136,Kanigiri,5136.0,S
21,Odisha,21.0,344,Anugul,384.0,3003,Kaniha,3003.0,S
6,Haryana,6.0,69,Mahendragarh,84.0,6458,Kanina,0.0,S
21,Odisha,21.0,352,Dhenkanal,383.0,2989,Kankadahad,2989.0,S
27,Maharashtra,27.0,495,Sindhudurg,529.0,4277,Kankavli,4277.0,S
28,Andhra Pradesh,28.0,510,Krishna,547.0,5023,Kankipadu,5023.0,S
8,Rajasthan,8.0,117,Udaipur,130.0,6929,Kanod,0.0,S
22,Chhattisgarh,22.0,380,Jashpur,402.0,3256,Kansabel,3256.0,S
21,Odisha,21.0,345,Balangir,393.0,3149,Kantabanji,3149.0,S
8,Rajasthan,8.0,109,Kota,127.0,6054,Kanwas,0.0,S
8,Rajasthan,8.0,95,Chittorgarh,126.0,660,Kapasan,660.0,S
21,Odisha,21.0,365,Mayurbhanj,376.0,2885,Kaptipada,2885.0,S
22,Chhattisgarh,22.0,386,Raigarh,403.0,7348,Kapu,0.0,S
3,Punjab,3.0,35,Kapurthala,36.0,206,Kapurthala,206.0,S
34,Puducherry,34.0,598,Karaikal,637.0,5914,Karaikal,5914.0,U
33,Tamil Nadu,33.0,585,Sivaganga,622.0,5830,Karaikkudi,5830.0,S
36,Telangana,0.0,690,Bhadradri Kothagudem,0.0,6269,Karakagudem,0.0,S
23,Madhya Pradesh,23.0,432,Shivpuri,423.0,3410,Karera,3410.0,S
9,Uttar Pradesh,9.0,166,Mainpuri,148.0,776,Karhal,776.0,S
19,West Bengal,19.0,320,Nadia,336.0,2299,Karimpur - I,2299.0,S
23,Madhya Pradesh,23.0,436,Umaria,431.0,6533,Karkeli,0.0,S
9,Uttar Pradesh,9.0,136,Chitrakoot,171.0,875,Karwi,875.0,S
32,Kerala,32.0,558,Kasaragod,588.0,5630,Kasaragod,5630.0,S
2,Himachal Pradesh,2.0,25,Solan,31.0,164,Kasauli,164.0,S
1,Jammu And Kashmir,1.0,4,Doda,16.0,6748,Kashtigarh,0.0,U
23,Madhya Pradesh,23.0,414,Khargone (West Nimar),440.0,3547,Kasrawad,3547.0,S
23,Madhya Pradesh,23.0,392,Balaghat,457.0,3667,Katangi,3667.0,S
36,Telangana,0.0,681,Jagitial,0.0,4418,Kathlapur,4418.0,S
10,Bihar,10.0,201,Katihar,212.0,1151,Katihar,1151.0,S
27,Maharashtra,27.0,484,Nagpur,505.0,4024,Katol,4024.0,S
10,Bihar,10.0,208,Muzaffarpur,216.0,1208,Katra,1208.0,S
19,West Bengal,19.0,306,Purba Bardhaman,335.0,2282,Katwa - II,2282.0,S
31,Lakshadweep,31.0,553,Lakshadweep District,587.0,5625,Kavaratti,5625.0,U
1,Jammu And Kashmir,1.0,3,Baramulla,8.0,6829,Kawarhama,0.0,U
15,Mizoram,15.0,266,Mamit,281.0,7342,Kawrtethawveng,0.0,S
12,Arunachal Pradesh,12.0,679,Siang,0.0,1646,Kebang Circle,1646.0,S
21,Odisha,21.0,361,Kendujhar,375.0,2844,Kendujhar Sadar,2844.0,S
10,Bihar,10.0,195,Darbhanga,215.0,1183,Keotiranway,1183.0,S
36,Telangana,0.0,688,Mahabubabad,0.0,4717,Kesamudram,4717.0,S
10,Bihar,10.0,194,Buxar,232.0,1439,Kesath,1439.0,S
22,Chhattisgarh,22.0,643,Kondagaon,0.0,3355,Keshkal,3355.0,S
24,Gujarat,24.0,448,Junagadh,479.0,3831,Keshod,3831.0,S
8,Rajasthan,8.0,94,Bundi,121.0,625,Keshoraipatan,625.0,S
23,Madhya Pradesh,23.0,425,Sagar,427.0,3452,Kesli,3452.0,S
28,Andhra Pradesh,28.0,747,Dr. B.R. Ambedkar Konaseema,0.0,4929,K Gangavaram,4929.0,S
3,Punjab,3.0,609,Tarn Taran,50.0,261,Khadur Sahib,261.0,S
1,Jammu And Kashmir,1.0,2,Budgam,2.0,4,Khag,4.0,U
10,Bihar,10.0,198,Jamui,238.0,1532,Khaira,1532.0,S
22,Chhattisgarh,22.0,759,Khairagarh-Chhuikhadan-Gandai,0.0,3303,Khairagarh,3303.0,S
23,Madhya Pradesh,23.0,392,Balaghat,457.0,3670,Khairlanji,3670.0,S
8,Rajasthan,8.0,770,Khairthal-Tijara,,7207,Khairthal,0.0,S
10,Bihar,10.0,206,Madhubani,207.0,1089,Khajauli,1089.0,S
21,Odisha,21.0,359,Kandhamal,390.0,3113,Khajuripada,3113.0,S
8,Rajasthan,8.0,93,Bikaner,101.0,478,Khajuwala,478.0,S
24,Gujarat,24.0,439,Amreli,480.0,3847,Khambha,3847.0,S
36,Telangana,0.0,680,Nirmal,0.0,4347,Khanapur,4347.0,S
27,Maharashtra,27.0,493,Sangli,531.0,4299,Khanapur,4299.0,S
36,Telangana,0.0,522,Warangal,540.0,4709,Khanapur,4709.0,S
23,Madhya Pradesh,23.0,405,Khandwa (East Nimar),466.0,3716,Khandwa,3716.0,S
24,Gujarat,24.0,669,Mahisagar,0.0,3879,Khanpur,3879.0,S
21,Odisha,21.0,345,Balangir,393.0,3145,Khaprakhol,3145.0,S
19,West Bengal,19.0,318,Paschim Medinipur,344.0,2460,Kharagpur - I,2460.0,S
1,Jammu And Kashmir,1.0,5,Jammu,21.0,6704,Kharah Balli,0.0,U
20,Jharkhand,20.0,328,Garhwa,346.0,2495,Kharaundhi,2495.0,S
1,Jammu And Kashmir,1.0,621,Ramban,17.0,6759,Khari,0.0,U
6,Haryana,6.0,75,Sonipat,76.0,381,Kharkhoda,381.0,S
23,Madhya Pradesh,23.0,402,Dewas,437.0,3531,Khategaon,3531.0,S
24,Gujarat,24.0,450,Kheda,483.0,3874,Kheda,3874.0,S
19,West Bengal,19.0,317,Purba Medinipur,345.0,2486,Khejuri - I,2486.0,S
19,West Bengal,19.0,317,Purba Medinipur,345.0,2487,Khejuri - II,2487.0,S
12,Arunachal Pradesh,12.0,231,East Kameng,247.0,6605,Khenawa Circle,0.0,S
6,Haryana,6.0,63,Hisar,80.0,6419,Kheri Jalab St,0.0,S
1,Jammu And Kashmir,1.0,3,Baramulla,8.0,6828,Khoie,0.0,U
21,Odisha,21.0,362,Khordha,386.0,3036,Khordha,3036.0,S
21,Odisha,21.0,362,Khordha,386.0,3037,Khordha Sadar,3037.0,S
14,Manipur,14.0,714,Noney,0.0,6038,Khoupum,0.0,S
23,Madhya Pradesh,23.0,422,Rajgarh,442.0,6993,Khujner,0.0,S
5,Uttarakhand,5.0,56,Udam Singh Nagar,67.0,349,Kichha,349.0,S
33,Tamil Nadu,33.0,583,Ramanathapuram,626.0,6654,Kilakarai,0.0,S
31,Lakshadweep,31.0,553,Lakshadweep District,587.0,5623,Kiltan,5623.0,U
12,Arunachal Pradesh,12.0,237,Papum Pare,248.0,1605,Kimin Sdo,1605.0,S
9,Uttar Pradesh,9.0,118,Agra,146.0,767,Kiraoli,767.0,S
5,Uttarakhand,5.0,55,Tehri Garhwal,59.0,6361,Kirtinagar,0.0,S
10,Bihar,10.0,203,Kishanganj,210.0,1127,Kishanganj,1127.0,S
8,Rajasthan,8.0,89,Baran,128.0,674,Kishanganj,674.0,S
21,Odisha,21.0,371,Sambalpur,372.0,2793,Kisinda,2793.0,S
29,Karnataka,29.0,527,Belagavi,555.0,7043,Kittur,0.0,S
10,Bihar,10.0,215,Rohtas,234.0,1457,Kochas,1457.0,S
32,Kerala,32.0,555,Ernakulam,595.0,5660,Kochi,5660.0,S
36,Telangana,0.0,698,Vikarabad,0.0,4549,Kodangal,4549.0,S
20,Jharkhand,20.0,334,Koderma,348.0,2527,Koderma,2527.0,S
21,Odisha,21.0,366,Nabarangpur,397.0,3194,Kodinga,3194.0,S
33,Tamil Nadu,33.0,573,Erode,610.0,6637,Kodumudi,0.0,S
36,Telangana,0.0,692,Siddipet,0.0,4443,Koheda,4443.0,S
22,Chhattisgarh,22.0,637,Narayanpur,415.0,7321,Kohkameta,0.0,S
21,Odisha,21.0,373,Sundargarh,374.0,2826,Koida,2826.0,S
9,Uttar Pradesh,9.0,119,Aligarh,143.0,755,Koil,755.0,S
29,Karnataka,29.0,542,Kolar,581.0,5591,Kolar,5591.0,S
29,Karnataka,29.0,542,Kolar,581.0,7002,Kolar Gold Field,0.0,S
36,Telangana,0.0,694,Nagarkurnool,0.0,4609,Kollapur,4609.0,S
33,Tamil Nadu,33.0,580,Namakkal,609.0,6625,Kolli Hills,0.0,S
22,Chhattisgarh,22.0,385,Mahasamund,411.0,7322,Komakhan,0.0,S
12,Arunachal Pradesh,12.0,243,West Siang,250.0,6586,Kombo Circle,0.0,S
36,Telangana,0.0,692,Siddipet,0.0,6284,Komuravelli,0.0,S
22,Chhattisgarh,22.0,643,Kondagaon,0.0,3357,Kondagaon,3357.0,S
36,Telangana,0.0,692,Siddipet,0.0,4462,Kondapak,4462.0,S
33,Tamil Nadu,33.0,590,Thiruvarur,619.0,6627,Koothanallur,0.0,S
27,Maharashtra,27.0,466,Ahmednagar,522.0,4203,Kopargaon,4203.0,S
12,Arunachal Pradesh,12.0,719,Lower Siang,0.0,6574,Kora Circle,0.0,S
27,Maharashtra,27.0,473,Chandrapur,509.0,4075,Korpana,4075.0,S
28,Andhra Pradesh,28.0,511,Kurnool,552.0,5251,Kosigi,5251.0,S
22,Chhattisgarh,22.0,760,Manendragarh-Chirmiri-Bharatpur(M C B),0.0,7275,Kotadol,0.0,S
28,Andhra Pradesh,28.0,746,Kakinada,0.0,4889,Kotananduru,4889.0,S
28,Andhra Pradesh,28.0,747,Dr. B.R. Ambedkar Konaseema,0.0,4927,Kothapeta,4927.0,S
2,Himachal Pradesh,2.0,18,Kangra,24.0,6896,Kotla,0.0,S
23,Madhya Pradesh,23.0,390,Anuppur,461.0,3693,Kotma,3693.0,S
8,Rajasthan,8.0,780,Shahpura,,635,Kotri,635.0,S
7,Delhi,7.0,77,Central,95.0,435,Kotwali,435.0,U
1,Jammu And Kashmir,1.0,3,Baramulla,8.0,36,Kreeri,36.0,U
2,Himachal Pradesh,2.0,25,Solan,31.0,163,Krishangarh,163.0,S
19,West Bengal,19.0,320,Nadia,336.0,2306,Krishnagar - II,2306.0,S
36,Telangana,0.0,680,Nirmal,0.0,4338,Kubeer,4338.0,S
29,Karnataka,29.0,738,Vijayanagar,0.0,5502,Kudligi,5502.0,S
10,Bihar,10.0,200,Kaimur (Bhabua),233.0,1448,Kudra,1448.0,S
24,Gujarat,24.0,641,Tapi,493.0,6169,Kukarmunda,0.0,S
20,Jharkhand,20.0,341,Saraikela Kharsawan,369.0,2750,Kukru,2750.0,S
33,Tamil Nadu,33.0,576,Karur,613.0,5771,Kulithalai,5771.0,S
9,Uttar Pradesh,9.0,165,Mahoba,169.0,868,Kulpahar,868.0,S
8,Rajasthan,8.0,112,Rajsamand,123.0,642,Kumbhalgarh,642.0,S
23,Madhya Pradesh,23.0,406,Guna,458.0,3681,Kumbhraj,3681.0,S
32,Kerala,32.0,566,Thrissur,594.0,6598,Kunnamkulam,0.0,S
32,Kerala,32.0,559,Kollam,600.0,5685,Kunnathur,5685.0,S
28,Andhra Pradesh,28.0,511,Kurnool,552.0,7183,Kurnool Urban,0.0,S
10,Bihar,10.0,188,Araria,209.0,1117,Kursakatta,1117.0,S
10,Bihar,10.0,611,Arwal,240.0,1546,Kurtha,1546.0,S
29,Karnataka,29.0,541,Kodagu,576.0,7124,Kushalanagar,0.0,S
10,Bihar,10.0,195,Darbhanga,215.0,1198,Kusheshwar Asthan Purbi,1198.0,S
19,West Bengal,19.0,310,Dakshin Dinajpur,331.0,2200,Kushmundi,2200.0,S
36,Telangana,0.0,509,Khammam,541.0,4755,Kusumanchi,4755.0,S
33,Tamil Nadu,33.0,735,Mayiladuthurai,0.0,5797,Kuthalam,5797.0,S
32,Kerala,32.0,554,Alappuzha,598.0,5675,Kuttanad,5675.0,S
21,Odisha,21.0,357,Jharsuguda,371.0,2778,Laikera,2778.0,S
23,Madhya Pradesh,23.0,428,Seoni,456.0,3659,Lakhnadon,3659.0,S
10,Bihar,10.0,198,Jamui,238.0,1529,Lakshmipur,1529.0,S
18,Assam,18.0,289,Hailakandi,318.0,2108,Lala,2108.0,S
23,Madhya Pradesh,23.0,392,Balaghat,457.0,3671,Lalbarra,3671.0,S
9,Uttar Pradesh,9.0,174,Pratapgarh,173.0,880,Lalganj,880.0,S
10,Bihar,10.0,224,Vaishali,220.0,1270,Lalganj,1270.0,S
1,Jammu And Kashmir,1.0,8,Kupwara,1.0,6792,Lalpora,0.0,U
24,Gujarat,24.0,447,Jamnagar,477.0,3818,Lalpur,3818.0,S
5,Uttarakhand,5.0,45,Almora,64.0,6368,Lamgada,0.0,S
23,Madhya Pradesh,23.0,392,Balaghat,457.0,3676,Lanji,3676.0,S
1,Jammu And Kashmir,1.0,14,Udhampur,19.0,6737,Latti,0.0,U
22,Chhattisgarh,22.0,644,Balodabazar-Bhatapara,0.0,7246,Lavan,0.0,S
19,West Bengal,19.0,702,Kalimpong,0.0,7050,Lavaold,0.0,S
23,Madhya Pradesh,23.0,398,Chhatarpur,425.0,3425,Lavkush Nagar,3425.0,S
20,Jharkhand,20.0,323,Chatra,347.0,2517,Lawalaung,2517.0,S
12,Arunachal Pradesh,12.0,666,Longding,0.0,1689,Lawnu Circle,1689.0,S
12,Arunachal Pradesh,12.0,678,Namsai,0.0,1735,Lekang Mahadevpur Circle,1735.0,S
28,Andhra Pradesh,28.0,754,Sri Sathya Sai,0.0,5365,Lepakshi,5365.0,S
21,Odisha,21.0,373,Sundargarh,374.0,2805,Lephripara,2805.0,S
23,Madhya Pradesh,23.0,434,Tikamgarh,424.0,6536,Lidhora,0.0,S
12,Arunachal Pradesh,12.0,719,Lower Siang,0.0,1640,Likabali Sdo,1640.0,S
24,Gujarat,24.0,439,Amreli,480.0,3842,Lilia,3842.0,S
14,Manipur,14.0,259,Thoubal,276.0,1876,Lilong,1876.0,S
24,Gujarat,24.0,460,Surendranagar,475.0,3797,Limbdi,3797.0,S
36,Telangana,0.0,685,Kamareddy,0.0,4388,Lingampet,4388.0,S
28,Andhra Pradesh,28.0,515,Sri Potti Sriramulu Nellore,550.0,5150,Lingasamudram,5150.0,S
36,Telangana,0.0,680,Nirmal,0.0,4342,Lokeswaram,4342.0,S
27,Maharashtra,27.0,472,Buldhana,500.0,3987,Lonar,3987.0,S
16,Tripura,16.0,269,Dhalai,291.0,6692,Longtharai Valley,0.0,S
22,Chhattisgarh,22.0,647,Mungeli,0.0,3290,Lormi,3290.0,S
13,Nagaland,13.0,250,Wokha,264.0,1786,Lotsu,1786.0,S
24,Gujarat,24.0,669,Mahisagar,0.0,3882,Lunawada,3882.0,S
8,Rajasthan,8.0,93,Bikaner,101.0,475,Lunkaransar,475.0,S
21,Odisha,21.0,358,Kalahandi,395.0,3160,Madanpur Rampur,3160.0,S
19,West Bengal,19.0,664,Alipurduar,0.0,2170,Madarihat,2170.0,S
29,Karnataka,29.0,544,Mandya,573.0,5551,Maddur,5551.0,S
36,Telangana,0.0,518,Ranga Reddy,537.0,4564,Madgul,4564.0,S
10,Bihar,10.0,205,Madhepura,213.0,1161,Madhepura,1161.0,S
9,Uttar Pradesh,9.0,151,Jalaun,165.0,851,Madhogarh,851.0,S
9,Uttar Pradesh,9.0,168,Mau,192.0,972,Madhuban,972.0,S
10,Bihar,10.0,206,Madhubani,207.0,1093,Madhubani,1093.0,S
10,Bihar,10.0,211,Pashchim Champaran,203.0,1021,Madhubani,1021.0,S
20,Jharkhand,20.0,324,Deoghar,350.0,2550,Madhupur,2550.0,S
33,Tamil Nadu,33.0,569,Coimbatore,632.0,5986,Madukkari,0.0,S
33,Tamil Nadu,33.0,578,Madurai,623.0,5960,Madurai East,0.0,S
36,Telangana,0.0,512,Mahabubnagar,538.0,6258,Mahabubnagar Rural,0.0,S
27,Maharashtra,27.0,500,Yavatmal,510.0,4087,Mahagaon,4087.0,S
9,Uttar Pradesh,9.0,125,Bahraich,180.0,920,Mahasi,920.0,S
34,Puducherry,34.0,599,Mahe,636.0,5913,Mahe,5913.0,U
20,Jharkhand,20.0,337,Pakur,353.0,2577,Maheshpur,2577.0,S
19,West Bengal,19.0,317,Purba Medinipur,345.0,2475,Mahisadal,2475.0,S
18,Assam,18.0,708,Charaideo,0.0,2075,Mahmora,2075.0,S
10,Bihar,10.0,224,Vaishali,220.0,1283,Mahnar,1283.0,S
24,Gujarat,24.0,450,Kheda,483.0,3877,Mahudha,3877.0,S
21,Odisha,21.0,373,Sundargarh,374.0,2831,Mahulapada,2831.0,S
21,Odisha,21.0,365,Mayurbhanj,376.0,2887,Mahuldiha,2887.0,S
17,Meghalaya,17.0,740,Eastern West Khasi Hills,0.0,1982,Mairang,1982.0,S
27,Maharashtra,27.0,470,Beed,523.0,4219,Majalgaon,4219.0,S
2,Himachal Pradesh,2.0,18,Kangra,24.0,6919,Majheen,0.0,S
23,Madhya Pradesh,23.0,426,Satna,429.0,3462,Majhgawan,3462.0,S
20,Jharkhand,20.0,328,Garhwa,346.0,2499,Majhiaon,2499.0,S
10,Bihar,10.0,218,Saran,219.0,1262,Maker,1262.0,S
36,Telangana,0.0,516,Nizamabad,533.0,4367,Makloor,4367.0,S
8,Rajasthan,8.0,113,Sawai Madhopur,108.0,528,Malarna Doongar,528.0,S
29,Karnataka,29.0,544,Mandya,573.0,5552,Malavalli,5552.0,S
27,Maharashtra,27.0,487,Nashik,516.0,4146,Malegaon,4146.0,S
24,Gujarat,24.0,672,Arvalli,0.0,3771,Malpur,3771.0,S
33,Tamil Nadu,33.0,591,Tiruchirappalli,614.0,5776,Manachanallur,5776.0,S
23,Madhya Pradesh,23.0,419,Neemuch,432.0,3491,Manasa,3491.0,S
19,West Bengal,19.0,321,Purulia,340.0,2395,Manbazar - I,2395.0,S
36,Telangana,0.0,518,Ranga Reddy,537.0,4547,Manchal,4547.0,S
12,Arunachal Pradesh,12.0,628,Anjaw,260.0,1737,Manchal Circle,1737.0,S
28,Andhra Pradesh,28.0,747,Dr. B.R. Ambedkar Konaseema,0.0,4920,Mandapeta,4920.0,S
28,Andhra Pradesh,28.0,748,Eluru,0.0,5015,Mandavalli,5015.0,S
8,Rajasthan,8.0,97,Dausa,109.0,6914,Mandawar,0.0,S
2,Himachal Pradesh,2.0,22,Mandi,27.0,133,Mandi,133.0,S
24,Gujarat,24.0,449,Kachchh,468.0,3729,Mandvi,3729.0,S
6,Haryana,6.0,62,Gurugram,86.0,419,Manesar,419.0,S
6,Haryana,6.0,72,Rewari,85.0,6466,Manethi St,0.0,S
36,Telangana,0.0,720,Mulugu,0.0,4686,Mangapet,4686.0,S
13,Nagaland,13.0,765,Shamator,0.0,1828,Mangko,1828.0,S
19,West Bengal,19.0,306,Purba Bardhaman,335.0,2278,Mangolkote,2278.0,S
10,Bihar,10.0,218,Saran,219.0,1255,Manjhi,1255.0,S
9,Uttar Pradesh,9.0,147,Gonda,183.0,931,Mankapur,931.0,S
12,Arunachal Pradesh,12.0,229,Changlang,253.0,1673,Manmao Eac,1673.0,S
33,Tamil Nadu,33.0,590,Thiruvarur,619.0,5808,Mannargudi,5808.0,S
8,Rajasthan,8.0,105,Jhalawar,129.0,681,Manohar Thana,681.0,S
36,Telangana,0.0,691,Sangareddy,0.0,4451,Manoor,4451.0,S
23,Madhya Pradesh,23.0,436,Umaria,431.0,3484,Manpur,3484.0,S
27,Maharashtra,27.0,479,Jalna,514.0,4132,Mantha,4132.0,S
36,Telangana,0.0,682,Peddapalli,0.0,4401,Manthani,4401.0,S
28,Andhra Pradesh,28.0,511,Kurnool,552.0,5250,Mantralayam,5250.0,S
28,Andhra Pradesh,28.0,515,Sri Potti Sriramulu Nellore,550.0,5183,Manubolu,5183.0,S
29,Karnataka,29.0,546,Raichur,559.0,5462,Manvi,5462.0,S
10,Bihar,10.0,223,Supaul,208.0,1108,Marauna,1108.0,S
27,Maharashtra,27.0,500,Yavatmal,510.0,4092,Maregaon,4092.0,S
9,Uttar Pradesh,9.0,152,Jaunpur,194.0,985,Mariahu,985.0,S
9,Uttar Pradesh,9.0,170,Mirzapur,199.0,1002,Marihan,1002.0,S
22,Chhattisgarh,22.0,646,Balod,0.0,7297,Marri Bangla(Deori),0.0,S
28,Andhra Pradesh,28.0,517,Prakasam,549.0,5129,Marripudi,5129.0,S
21,Odisha,21.0,360,Kendrapara,379.0,2932,Marsaghai,2932.0,S
10,Bihar,10.0,212,Patna,230.0,1408,Masaurhi,1408.0,S
29,Karnataka,29.0,546,Raichur,559.0,7101,Maski,0.0,S
33,Tamil Nadu,33.0,568,Chennai,603.0,5701,Mathavaram,5701.0,S
9,Uttar Pradesh,9.0,167,Mathura,145.0,764,Mathura,764.0,S
19,West Bengal,19.0,304,South 24 Parganas,343.0,2436,Mathurapur - II,2436.0,S
10,Bihar,10.0,191,Begusarai,222.0,1320,Matihani,1320.0,S
36,Telangana,0.0,696,Suryapet,0.0,4670,Mattampally,4670.0,S
27,Maharashtra,27.0,484,Nagpur,505.0,4029,Mauda,4029.0,S
9,Uttar Pradesh,9.0,149,Hamirpur,168.0,867,Maudaha,867.0,S
17,Meghalaya,17.0,274,East Khasi Hills,298.0,1991,Mawkynrew,1991.0,S
17,Meghalaya,17.0,658,South West Khasi Hills,0.0,1984,Mawkyrwat,1984.0,S
17,Meghalaya,17.0,274,East Khasi Hills,298.0,6541,Mawpat,0.0,S
17,Meghalaya,17.0,274,East Khasi Hills,298.0,1988,Mawphlang,1988.0,S
17,Meghalaya,17.0,274,East Khasi Hills,298.0,1990,Mawryngkneng,1990.0,S
35,Andaman And Nicobar Islands,35.0,632,North And Middle Andaman,639.0,5920,Mayabunder,5920.0,U
20,Jharkhand,20.0,323,Chatra,347.0,2521,Mayur Hand,2521.0,S
7,Delhi,7.0,78,East,93.0,6084,Mayur Vihar,0.0,U
12,Arunachal Pradesh,12.0,232,East Siang,251.0,1656,Mebo Adc,1656.0,S
23,Madhya Pradesh,23.0,412,Jhabua,464.0,3708,Meghnagar,3708.0,S
20,Jharkhand,20.0,330,Godda,351.0,2555,Meherma,2555.0,S
23,Madhya Pradesh,23.0,395,Bhind,420.0,3393,Mehgaon,3393.0,S
19,West Bengal,19.0,308,Cooch Behar,329.0,2180,Mekliganj,2180.0,S
36,Telangana,0.0,696,Suryapet,0.0,4671,Mellachervu,4671.0,S
33,Tamil Nadu,33.0,578,Madurai,623.0,5835,Melur,5835.0,S
19,West Bengal,19.0,306,Purba Bardhaman,335.0,2292,Memari - II,2292.0,S
24,Gujarat,24.0,448,Junagadh,479.0,3830,Mendarda,3830.0,S
1,Jammu And Kashmir,1.0,10,Poonch,5.0,18,Mendhar,18.0,U
12,Arunachal Pradesh,12.0,237,Papum Pare,248.0,1604,Mengio Eac,1604.0,S
28,Andhra Pradesh,28.0,521,Vizianagaram,543.0,4824,Mentada,4824.0,S
28,Andhra Pradesh,28.0,521,Vizianagaram,543.0,4822,Merakamudidam,4822.0,S
19,West Bengal,19.0,318,Paschim Medinipur,344.0,2453,Midnapore,2453.0,S
28,Andhra Pradesh,28.0,755,Nandyal,0.0,5267,Midthur,5267.0,S
9,Uttar Pradesh,9.0,140,Ayodhya,177.0,903,Milkipur,903.0,S
27,Maharashtra,27.0,493,Sangli,531.0,4302,Miraj,4302.0,S
19,West Bengal,19.0,309,Darjeeling,327.0,2160,Mirik,2160.0,S
10,Bihar,10.0,199,Jehanabad,239.0,1538,Modanganj,1538.0,S
24,Gujarat,24.0,672,Arvalli,0.0,3769,Modasa,3769.0,S
7,Delhi,7.0,80,North,91.0,432,Model Town,432.0,U
36,Telangana,0.0,512,Mahabubnagar,538.0,7187,Mohammadabad,0.0,S
20,Jharkhand,20.0,338,Palamu,358.0,2617,Mohammad Ganj,2617.0,S
19,West Bengal,19.0,318,Paschim Medinipur,344.0,2469,Mohanpur,2469.0,S
16,Tripura,16.0,272,West Tripura,289.0,6689,Mohanpur,0.0,S
6,Haryana,6.0,60,Faridabad,88.0,6435,Mohna St,0.0,S
27,Maharashtra,27.0,496,Solapur,526.0,4248,Mohol,4248.0,S
10,Bihar,10.0,212,Patna,230.0,1420,Mokameh,1420.0,S
29,Karnataka,29.0,533,Chitradurga,566.0,5503,Molakalmuru,5503.0,S
13,Nagaland,13.0,247,Mon,261.0,1757,Monyakshu,1757.0,S
2,Himachal Pradesh,2.0,19,Kinnaur,34.0,196,Morang,196.0,S
23,Madhya Pradesh,23.0,417,Morena,419.0,7047,Morena Nagar,0.0,S
19,West Bengal,19.0,317,Purba Medinipur,345.0,2476,Moyna,2476.0,S
36,Telangana,0.0,509,Khammam,541.0,4758,Mudigonda,4758.0,S
27,Maharashtra,27.0,485,Nanded,511.0,4101,Mudkhed,4101.0,S
33,Tamil Nadu,33.0,583,Ramanathapuram,626.0,5857,Mudukulathur,5857.0,S
21,Odisha,21.0,364,Malkangiri,399.0,3222,Mudulipada,3222.0,S
22,Chhattisgarh,22.0,386,Raigarh,403.0,7300,Mukdega,0.0,S
27,Maharashtra,27.0,473,Chandrapur,509.0,4072,Mul,4072.0,S
24,Gujarat,24.0,460,Surendranagar,475.0,3793,Muli,3793.0,S
28,Andhra Pradesh,28.0,747,Dr. B.R. Ambedkar Konaseema,0.0,4932,Mummidivaram,4932.0,S
24,Gujarat,24.0,449,Kachchh,468.0,3730,Mundra,3730.0,S
23,Madhya Pradesh,23.0,391,Ashoknagar,459.0,3688,Mungaoli,3688.0,S
19,West Bengal,19.0,319,Murshidabad,333.0,2237,Murshidabad Jiaganj,2237.0,S
27,Maharashtra,27.0,467,Akola,501.0,3992,Murtijapur,3992.0,S
21,Odisha,21.0,365,Mayurbhanj,376.0,2878,Muruda,2878.0,S
32,Kerala,32.0,555,Ernakulam,595.0,5662,Muvattupuzha,5662.0,S
21,Odisha,21.0,364,Malkangiri,399.0,3229,M.V. 79,3229.0,S
17,Meghalaya,17.0,274,East Khasi Hills,298.0,1989,Mylliem,1989.0,S
29,Karnataka,29.0,545,Mysuru,577.0,5572,Mysuru,5572.0,S
36,Telangana,0.0,696,Suryapet,0.0,4641,Nadigudem,4641.0,S
27,Maharashtra,27.0,466,Ahmednagar,522.0,4209,Nagar,4209.0,S
23,Madhya Pradesh,23.0,435,Ujjain,435.0,3509,Nagda,3509.0,S
36,Telangana,0.0,685,Kamareddy,0.0,4387,Nagireddypet,4387.0,S
19,West Bengal,19.0,314,Jalpaiguri,328.0,2169,Nagrakata,2169.0,S
1,Jammu And Kashmir,1.0,620,Kishtwar,18.0,6768,Nagseni,0.0,U
23,Madhya Pradesh,23.0,415,Mandla,454.0,3646,Nainpur,3646.0,S
28,Andhra Pradesh,28.0,744,Anakapalli,0.0,4880,Nakkapalli,4880.0,S
3,Punjab,3.0,34,Jalandhar,37.0,210,Nakodar,210.0,S
19,West Bengal,19.0,307,Birbhum,334.0,2251,Nalhati - I,2251.0,S
28,Andhra Pradesh,28.0,754,Sri Sathya Sai,0.0,5359,Nallachervu,5359.0,S
17,Meghalaya,17.0,275,West Jaintia Hills,299.0,7335,Namdong,0.0,S
19,West Bengal,19.0,317,Purba Medinipur,345.0,2474,Nanda Kumar,2474.0,S
21,Odisha,21.0,363,Koraput,398.0,3214,Nandapur,3214.0,S
28,Andhra Pradesh,28.0,519,Srikakulam,542.0,4782,Nandigam,4782.0,S
36,Telangana,0.0,518,Ranga Reddy,537.0,6321,Nandigama,0.0,S
3,Punjab,3.0,42,Rupnagar,51.0,263,Nangal,263.0,S
8,Rajasthan,8.0,97,Dausa,109.0,6053,Nangal Rajawatan,0.0,S
36,Telangana,0.0,692,Siddipet,0.0,4461,Nangnoor,4461.0,S
36,Telangana,0.0,691,Sangareddy,0.0,4452,Narayankhed,4452.0,S
18,Assam,18.0,295,Lakhimpur,307.0,2048,Narayanpur,2048.0,S
36,Telangana,0.0,697,Yadadri Bhuvanagiri,0.0,4648,Narayanpur,4648.0,S
8,Rajasthan,8.0,782,Kotputli-Behror,,6936,Narayanpur,0.0,S
5,Uttarakhand,5.0,55,Tehri Garhwal,59.0,299,Narendra Nagar,299.0,S
10,Bihar,10.0,213,Purbi Champaran,204.0,1036,Narkatia,1036.0,S
36,Telangana,0.0,689,Jangoan,0.0,4675,Narmetta,4675.0,S
10,Bihar,10.0,188,Araria,209.0,1112,Narpatganj,1112.0,S
23,Madhya Pradesh,23.0,418,Narsimhapur,452.0,3636,Narsimhapur,3636.0,S
28,Andhra Pradesh,28.0,744,Anakapalli,0.0,4854,Narsipatnam,4854.0,S
36,Telangana,0.0,684,Mancherial,0.0,6226,Naspur,0.0,S
23,Madhya Pradesh,23.0,437,Vidisha,443.0,3575,Nateran,3575.0,S
10,Bihar,10.0,192,Bhagalpur,224.0,1339,Nathnagar,1339.0,S
10,Bihar,10.0,216,Saharsa,214.0,1171,Nauhatta,1171.0,S
10,Bihar,10.0,222,Siwan,218.0,1229,Nautan,1229.0,S
29,Karnataka,29.0,536,Dharwad,562.0,5474,Navalgund,5474.0,S
20,Jharkhand,20.0,338,Palamu,358.0,2625,Nawa Bazar,2625.0,S
36,Telangana,0.0,512,Mahabubnagar,538.0,4556,Nawabpet,4556.0,S
10,Bihar,10.0,210,Nawada,237.0,1512,Nawada,1512.0,S
22,Chhattisgarh,22.0,379,Janjgir-Champa,405.0,3280,Nawagarh,3280.0,S
22,Chhattisgarh,22.0,650,Bemetara,0.0,3311,Nawagarh,3311.0,S
10,Bihar,10.0,194,Buxar,232.0,1445,Nawanagar,1445.0,S
27,Maharashtra,27.0,486,Nandurbar,497.0,3955,Nawapur,3955.0,S
19,West Bengal,19.0,309,Darjeeling,327.0,2163,Naxalbari,2163.0,S
8,Rajasthan,8.0,114,Sikar,111.0,7153,Nechwa,0.0,S
8,Rajasthan,8.0,782,Kotputli-Behror,,6380,Neemrana,0.0,S
36,Telangana,0.0,696,Suryapet,0.0,4665,Nereducherla,4665.0,S
27,Maharashtra,27.0,466,Ahmednagar,522.0,4206,Nevasa,4206.0,S
15,Mizoram,15.0,727,Saitual,0.0,1906,Ngopa,1906.0,S
21,Odisha,21.0,350,Cuttack,381.0,2967,Niali,2967.0,S
2,Himachal Pradesh,2.0,19,Kinnaur,34.0,198,Nichar,198.0,S
28,Andhra Pradesh,28.0,505,East Godavari,545.0,4960,Nidadavole,4960.0,S
21,Odisha,21.0,352,Dhenkanal,383.0,2992,Nihalprasad,2992.0,S
3,Punjab,3.0,38,Moga,42.0,231,Nihal Singhwala,231.0,S
33,Tamil Nadu,33.0,572,Dindigul,612.0,5767,Nilakkottai,5767.0,S
32,Kerala,32.0,562,Malappuram,592.0,5642,Nilambur,5642.0,S
6,Haryana,6.0,67,Karnal,74.0,370,Nilokheri,370.0,S
8,Rajasthan,8.0,97,Dausa,109.0,7211,Nirjharna,0.0,S
21,Odisha,21.0,350,Cuttack,381.0,2958,Nischintakoili,2958.0,S
13,Nagaland,13.0,764,Niuland,0.0,1792,Niuland,1792.0,S
23,Madhya Pradesh,23.0,722,Niwari,0.0,3415,Niwari,3415.0,S
9,Uttar Pradesh,9.0,123,Azamgarh,191.0,967,Nizamabad,967.0,S
28,Andhra Pradesh,28.0,750,Bapatla,0.0,5094,Nizampatnam,5094.0,S
8,Rajasthan,8.0,90,Barmer,115.0,7132,Nokhra,0.0,S
13,Nagaland,13.0,736,Noklak,0.0,1823,Nokhu,1823.0,S
18,Assam,18.0,291,Kamrup,321.0,2126,North Guwahati,2126.0,S
21,Odisha,21.0,354,Ganjam,388.0,3097,Nuagaon,3097.0,S
10,Bihar,10.0,200,Kaimur (Bhabua),233.0,1447,Nuaon,1447.0,S
5,Uttarakhand,5.0,51,Nainital,66.0,6350,Okhalkanda,0.0,S
24,Gujarat,24.0,674,Devbhumi Dwarka,0.0,3812,Okhamandal,3812.0,S
27,Maharashtra,27.0,488,Dharashiv,525.0,4243,Omarga,4243.0,S
19,West Bengal,19.0,305,Bankura,339.0,2370,Onda,2370.0,S
32,Kerala,32.0,563,Palakkad,593.0,5647,Ottappalam,5647.0,S
34,Puducherry,34.0,600,Puducherry,635.0,5910,Oulgaret,5910.0,U
28,Andhra Pradesh,28.0,752,Tirupati,0.0,5189,Ozili,5189.0,S
18,Assam,18.0,298,Nalbari,323.0,2133,Pachim Nalbari,2133.0,S
22,Chhattisgarh,22.0,375,Bilaspur,406.0,7349,Pachpedi,0.0,S
2,Himachal Pradesh,2.0,22,Mandi,27.0,123,Padhar,123.0,S
20,Jharkhand,20.0,338,Palamu,358.0,2627,Padwa,2627.0,S
20,Jharkhand,20.0,337,Pakur,353.0,2576,Pakaur,2576.0,S
32,Kerala,32.0,563,Palakkad,593.0,5649,Palakkad,5649.0,S
28,Andhra Pradesh,28.0,519,Srikakulam,542.0,4775,Palasa,4775.0,S
9,Uttar Pradesh,9.0,161,Lalitpur,167.0,6881,Pali,0.0,S
12,Arunachal Pradesh,12.0,677,Kra Daadi,0.0,1703,Palin Circle,1703.0,S
20,Jharkhand,20.0,331,Gumla,366.0,2717,Palkot,2717.0,S
1,Jammu And Kashmir,1.0,11,Pulwama,12.0,48,Pampore,48.0,U
2,Himachal Pradesh,2.0,18,Kangra,24.0,6899,Panchrukhi,0.0,S
19,West Bengal,19.0,704,Paschim Bardhaman,0.0,2273,Pandabeswar,2273.0,S
21,Odisha,21.0,361,Kendujhar,375.0,2849,Pandapara,2849.0,S
10,Bihar,10.0,206,Madhubani,207.0,1094,Pandaul,1094.0,S
23,Madhya Pradesh,23.0,405,Khandwa (East Nimar),466.0,3718,Pandhana,3718.0,S
36,Telangana,0.0,693,Wanaparthy,0.0,4601,Pangal,4601.0,S
12,Arunachal Pradesh,12.0,666,Longding,0.0,1692,Pangchao Sdo,1692.0,S
2,Himachal Pradesh,2.0,16,Chamba,23.0,83,Pangi,83.0,S
12,Arunachal Pradesh,12.0,679,Siang,0.0,1645,Pangin Eac,1645.0,S
6,Haryana,6.0,71,Panipat,75.0,375,Panipat,375.0,S
16,Tripura,16.0,270,North Tripura,292.0,6678,Panisagar,0.0,S
1,Jammu And Kashmir,1.0,13,Srinagar,10.0,6804,Panthachowk,0.0,U
33,Tamil Nadu,33.0,587,The Nilgiris,611.0,5754,Panthalur,5754.0,S
27,Maharashtra,27.0,491,Raigad,520.0,4173,Panvel,4173.0,S
36,Telangana,0.0,513,Medak,535.0,4455,Papannapet,4455.0,S
33,Tamil Nadu,33.0,571,Dharmapuri,630.0,5887,Pappireddipatti,5887.0,S
10,Bihar,10.0,196,Gaya,236.0,1496,Paraiya,1496.0,S
28,Andhra Pradesh,28.0,744,Anakapalli,0.0,4870,Paravada,4870.0,S
8,Rajasthan,8.0,768,Didwana-Kuchaman,,564,Parbatsar,564.0,S
10,Bihar,10.0,202,Khagaria,223.0,1328,Parbatta,1328.0,S
12,Arunachal Pradesh,12.0,235,Lower Dibang Valley,258.0,6841,Parbuk Sdo,0.0,S
1,Jammu And Kashmir,1.0,5,Jammu,21.0,6705,Pargwal,0.0,U
27,Maharashtra,27.0,470,Beed,523.0,4224,Parli,4224.0,S
10,Bihar,10.0,213,Purbi Champaran,204.0,1053,Patahi,1053.0,S
22,Chhattisgarh,22.0,378,Durg,409.0,3318,Patan,3318.0,S
21,Odisha,21.0,361,Kendujhar,375.0,2843,Patana,2843.0,S
10,Bihar,10.0,216,Saharsa,214.0,1176,Patarghat,1176.0,S
3,Punjab,3.0,662,Pathankot,0.0,201,Pathankot,201.0,S
23,Madhya Pradesh,23.0,437,Vidisha,443.0,6971,Pathari,0.0,S
27,Maharashtra,27.0,489,Parbhani,513.0,4120,Pathri,4120.0,S
3,Punjab,3.0,41,Patiala,48.0,253,Patiala,253.0,S
21,Odisha,21.0,345,Balangir,393.0,3144,Patnagarh,3144.0,S
10,Bihar,10.0,217,Samastipur,221.0,1292,Patori,1292.0,S
3,Punjab,3.0,41,Patiala,48.0,251,Patran,251.0,S
20,Jharkhand,20.0,607,Ramgarh,361.0,2660,Patratu,2660.0,S
9,Uttar Pradesh,9.0,174,Pratapgarh,173.0,883,Patti,883.0,S
5,Uttarakhand,5.0,52,Pauri Garhwal,61.0,307,Pauri,307.0,S
23,Madhya Pradesh,23.0,420,Panna,426.0,3440,Pawai,3440.0,S
3,Punjab,3.0,36,Ludhiana,41.0,226,Payal,226.0,S
12,Arunachal Pradesh,12.0,241,Upper Subansiri,249.0,1612,Payeng Circle,1612.0,S
12,Arunachal Pradesh,12.0,679,Siang,0.0,6607,Payum Circle,0.0,S
28,Andhra Pradesh,28.0,506,Guntur,548.0,5075,Pedakakani,5075.0,S
28,Andhra Pradesh,28.0,746,Kakinada,0.0,4915,Pedapudi,4915.0,S
36,Telangana,0.0,514,Nalgonda,539.0,4658,Pedda Adesherlapally,4658.0,S
28,Andhra Pradesh,28.0,511,Kurnool,552.0,5253,Pedda Kadubur,5253.0,S
28,Andhra Pradesh,28.0,502,Ananthapuramu,553.0,5311,Peddavaduguru,5311.0,S
36,Telangana,0.0,514,Nalgonda,539.0,4659,Peddavoora,4659.0,S
28,Andhra Pradesh,28.0,752,Tirupati,0.0,5195,Pellakur,5195.0,S
27,Maharashtra,27.0,491,Raigad,520.0,4176,Pen,4176.0,S
28,Andhra Pradesh,28.0,753,Annamayya,0.0,5244,Penagalur,5244.0,S
36,Telangana,0.0,699,Kumuram Bheem Asifabad,0.0,6313,Penchicalpet,0.0,S
28,Andhra Pradesh,28.0,504,Y.S.R.,551.0,5232,Pendlimarry,5232.0,S
22,Chhattisgarh,22.0,734,Gaurela-Pendra-Marwahi,0.0,3287,Pendra Road,3287.0,S
33,Tamil Nadu,33.0,571,Dharmapuri,630.0,5889,Pennagaram,5889.0,S
13,Nagaland,13.0,613,Peren,271.0,1857,Peren,1857.0,S
33,Tamil Nadu,33.0,588,Theni,624.0,5843,Periyakulam,5843.0,S
33,Tamil Nadu,33.0,573,Erode,610.0,5752,Perundurai,5752.0,S
8,Rajasthan,8.0,772,Phalodi,,567,Phalodi,567.0,S
12,Arunachal Pradesh,12.0,233,Kurung Kumey,256.0,1707,Phassang Circle,1707.0,S
3,Punjab,3.0,34,Jalandhar,37.0,211,Phillaur,211.0,S
8,Rajasthan,8.0,780,Shahpura,,6067,Phooliya Kalan,0.0,S
13,Nagaland,13.0,248,Phek,266.0,1804,Phor,1804.0,S
21,Odisha,21.0,359,Kandhamal,390.0,3112,Phulabani Town,3112.0,S
18,Assam,18.0,292,Karbi Anglong,314.0,2090,Phuloni,2090.0,S
12,Arunachal Pradesh,12.0,725,Shi Yomi,0.0,6590,Pidi Circle,0.0,S
28,Andhra Pradesh,28.0,751,Palnadu,0.0,5047,Piduguralla,5047.0,S
28,Andhra Pradesh,28.0,753,Annamayya,0.0,5386,Pileru,5386.0,S
23,Madhya Pradesh,23.0,409,Narmadapuram,449.0,3618,Pipariya,3618.0,S
10,Bihar,10.0,211,Pashchim Champaran,203.0,1020,Piprasi,1020.0,S
12,Arunachal Pradesh,12.0,677,Kra Daadi,0.0,1715,Pipsorang Circle,1715.0,S
29,Karnataka,29.0,545,Mysuru,577.0,5569,Piriyapatna,5569.0,S
23,Madhya Pradesh,23.0,403,Dhar,438.0,7042,Pithampur,0.0,S
28,Andhra Pradesh,28.0,746,Kakinada,0.0,4911,Pithapuram,4911.0,S
5,Uttarakhand,5.0,53,Pithoragarh,62.0,320,Pithoragarh,320.0,S
21,Odisha,21.0,364,Malkangiri,399.0,3228,Podia,3228.0,S
12,Arunachal Pradesh,12.0,233,Kurung Kumey,256.0,6845,Polosang Circle,0.0,S
32,Kerala,32.0,562,Malappuram,592.0,5646,Ponnani,5646.0,S
19,West Bengal,19.0,317,Purba Medinipur,345.0,2477,Potashpur - I,2477.0,S
20,Jharkhand,20.0,327,East Singhbum,357.0,2608,Potka,2608.0,S
1,Jammu And Kashmir,1.0,627,Reasi,20.0,6742,Pouni,0.0,U
10,Bihar,10.0,201,Katihar,212.0,1149,Pranpur,1149.0,S
9,Uttar Pradesh,9.0,174,Pratapgarh,173.0,882,Pratapgarh,882.0,S
20,Jharkhand,20.0,323,Chatra,347.0,2515,Pratappur,2515.0,S
7,Delhi,7.0,78,East,93.0,441,Preet Vihar,441.0,U
23,Madhya Pradesh,23.0,722,Niwari,0.0,3417,Prithvipur,3417.0,S
33,Tamil Nadu,33.0,576,Karur,613.0,6676,Pugalur,0.0,S
28,Andhra Pradesh,28.0,753,Annamayya,0.0,5247,Pullampeta,5247.0,S
1,Jammu And Kashmir,1.0,11,Pulwama,12.0,51,Pulwama,51.0,U
32,Kerala,32.0,559,Kollam,600.0,5947,Punalur,0.0,S
19,West Bengal,19.0,321,Purulia,340.0,2388,Puncha,2388.0,S
21,Odisha,21.0,369,Puri,387.0,3070,Puri (M),3070.0,S
19,West Bengal,19.0,321,Purulia,340.0,2387,Purulia - I,2387.0,S
17,Meghalaya,17.0,274,East Khasi Hills,298.0,1995,Pynursla,1995.0,S
1,Jammu And Kashmir,1.0,622,Kulgam,15.0,6193,Qaimoh,0.0,U
36,Telangana,0.0,700,Medchal Malkajgiri,0.0,4518,Qutballapur,4518.0,S
11,Sikkim,11.0,225,Gangtok,244.0,7177,Rabdang,0.0,S
27,Maharashtra,27.0,480,Kolhapur,530.0,4289,Radhanagari,4289.0,S
33,Tamil Nadu,33.0,592,Tirunelveli,628.0,5880,Radhapuram,5880.0,S
23,Madhya Pradesh,23.0,406,Guna,458.0,3679,Raghogarh,3679.0,S
23,Madhya Pradesh,23.0,426,Satna,429.0,7111,Raghurajnagar (Nagriya),0.0,S
23,Madhya Pradesh,23.0,425,Sagar,427.0,3448,Rahatgarh,3448.0,S
22,Chhattisgarh,22.0,386,Raigarh,403.0,3267,Raigarh,3267.0,S
21,Odisha,21.0,366,Nabarangpur,397.0,3187,Raighar,3187.0,S
8,Rajasthan,8.0,112,Rajsamand,123.0,644,Railmagra,644.0,S
19,West Bengal,19.0,306,Purba Bardhaman,335.0,2298,Raina - II,2298.0,S
8,Rajasthan,8.0,105,Jhalawar,129.0,6925,Raipur,0.0,S
28,Andhra Pradesh,28.0,505,East Godavari,545.0,4907,Rajamahendravaram Rural,4907.0,S
33,Tamil Nadu,33.0,597,Virudhunagar,625.0,5847,Rajapalayam,5847.0,S
23,Madhya Pradesh,23.0,398,Chhatarpur,425.0,3430,Rajnagar,3430.0,S
19,West Bengal,19.0,307,Birbhum,334.0,2258,Rajnagar,2258.0,S
28,Andhra Pradesh,28.0,751,Palnadu,0.0,5059,Rajupalem,5059.0,S
28,Andhra Pradesh,28.0,503,Chittoor,554.0,5428,Ramakuppam,5428.0,S
36,Telangana,0.0,697,Yadadri Bhuvanagiri,0.0,4632,Ramannapet,4632.0,S
36,Telangana,0.0,513,Medak,535.0,4457,Ramayampet,4457.0,S
17,Meghalaya,17.0,279,West Khasi Hills,296.0,7333,Rambrai,0.0,S
20,Jharkhand,20.0,338,Palamu,358.0,6325,Ramgarh,0.0,S
20,Jharkhand,20.0,326,Dumka,362.0,2668,Ramgarh,2668.0,S
20,Jharkhand,20.0,607,Ramgarh,361.0,2662,Ramgarh,2662.0,S
10,Bihar,10.0,213,Purbi Champaran,204.0,1033,Ramgarhwa,1033.0,S
5,Uttarakhand,5.0,51,Nainital,66.0,343,Ramnagar,343.0,S
28,Andhra Pradesh,28.0,745,Alluri Sitharama Raju,0.0,4895,Rampachodavaram,4895.0,S
23,Madhya Pradesh,23.0,426,Satna,429.0,3466,Rampur Baghelan,3466.0,S
19,West Bengal,19.0,307,Birbhum,334.0,2253,Rampurhat - I,2253.0,S
19,West Bengal,19.0,307,Birbhum,334.0,2254,Rampurhat - II,2254.0,S
23,Madhya Pradesh,23.0,433,Sidhi,462.0,3697,Rampur Naikin,3697.0,S
8,Rajasthan,8.0,90,Barmer,115.0,583,Ramsar,583.0,S
19,West Bengal,19.0,320,Nadia,336.0,2312,Ranaghat - I,2312.0,S
21,Odisha,21.0,367,Nayagarh,385.0,3033,Ranapur,3033.0,S
24,Gujarat,24.0,456,Porbandar,478.0,3823,Ranavav,3823.0,S
35,Andaman And Nicobar Islands,35.0,632,North And Middle Andaman,639.0,5921,Rangat,5921.0,U
10,Bihar,10.0,188,Araria,209.0,1115,Raniganj,1115.0,S
8,Rajasthan,8.0,779,Sanchore,,591,Raniwara,591.0,S
24,Gujarat,24.0,676,Botad,0.0,3785,Ranpur,3785.0,S
9,Uttar Pradesh,9.0,156,Kanpur Dehat,163.0,843,Rasulabad,843.0,S
23,Madhya Pradesh,23.0,423,Ratlam,434.0,7009,Ratlam Nagar,0.0,S
21,Odisha,21.0,373,Sundargarh,374.0,2832,Raurkela (M),2832.0,S
28,Andhra Pradesh,28.0,753,Annamayya,0.0,5239,Rayachoti,5239.0,S
13,Nagaland,13.0,248,Phek,266.0,1813,Razieba,1813.0,S
28,Andhra Pradesh,28.0,747,Dr. B.R. Ambedkar Konaseema,0.0,4937,Razole,4937.0,S
36,Telangana,0.0,687,Jayashankar Bhupalapally,0.0,4690,Regonda,4690.0,S
23,Madhya Pradesh,23.0,408,Harda,448.0,3611,Rehatgaon,3611.0,S
21,Odisha,21.0,344,Anugul,384.0,3002,Rengali Damsite,3002.0,S
2,Himachal Pradesh,2.0,22,Mandi,27.0,6952,Rewalsar,0.0,S
10,Bihar,10.0,221,Sitamarhi,206.0,1070,Riga,1070.0,S
8,Rajasthan,8.0,117,Udaipur,130.0,694,Rishabhdeo,694.0,S
23,Madhya Pradesh,23.0,413,Katni,450.0,3621,Rithi,3621.0,S
10,Bihar,10.0,210,Nawada,237.0,1517,Roh,1517.0,S
10,Bihar,10.0,215,Rohtas,234.0,1475,Rohtas,1475.0,S
28,Andhra Pradesh,28.0,754,Sri Sathya Sai,0.0,5353,Rolla,5353.0,S
23,Madhya Pradesh,23.0,395,Bhind,420.0,3396,Ron,3396.0,S
29,Karnataka,29.0,537,Gadag,561.0,5469,Ron,5469.0,S
17,Meghalaya,17.0,277,South Garo Hills,295.0,1978,Rongara,1978.0,S
2,Himachal Pradesh,2.0,24,Sirmaur,32.0,176,Ronhat,176.0,S
10,Bihar,10.0,217,Samastipur,221.0,1300,Rosera,1300.0,S
8,Rajasthan,8.0,91,Bharatpur,105.0,7389,Rudawal,0.0,S
28,Andhra Pradesh,28.0,755,Nandyal,0.0,5297,Rudravaram,5297.0,S
21,Odisha,21.0,361,Kendujhar,375.0,2836,Rugudi,2836.0,S
12,Arunachal Pradesh,12.0,242,West Kameng,246.0,6560,Rupa Sdo,0.0,S
28,Andhra Pradesh,28.0,744,Anakapalli,0.0,4861,Sabbavaram,4861.0,S
8,Rajasthan,8.0,99,Dungarpur,124.0,6062,Sabla,0.0,S
16,Tripura,16.0,271,South Tripura,290.0,6688,Sabroom,0.0,S
21,Odisha,21.0,369,Puri,387.0,3066,Sadar,3066.0,S
18,Assam,18.0,302,Tinsukia,309.0,2059,Sadiya,2059.0,S
23,Madhya Pradesh,23.0,425,Sagar,427.0,3449,Sagar,3449.0,S
8,Rajasthan,8.0,99,Dungarpur,124.0,648,Sagwara,648.0,S
14,Manipur,14.0,717,Kamjong,0.0,6499,Sahamphung,0.0,S
9,Uttar Pradesh,9.0,133,Budaun,149.0,781,Sahaswan,781.0,S
9,Uttar Pradesh,9.0,633,Kasganj,202.0,1011,Sahawar,1011.0,S
10,Bihar,10.0,208,Muzaffarpur,216.0,1199,Sahebganj,1199.0,S
10,Bihar,10.0,191,Begusarai,222.0,1318,Sahebpur Kamal,1318.0,S
9,Uttar Pradesh,9.0,146,Ghazipur,195.0,988,Saidpur,988.0,S
19,West Bengal,19.0,307,Birbhum,334.0,2261,Sainthia,2261.0,S
9,Uttar Pradesh,9.0,135,Chandauli,196.0,992,Sakaldiha,992.0,S
7,Delhi,7.0,83,South,98.0,6079,Saket,0.0,U
29,Karnataka,29.0,539,Hassan,574.0,5553,Sakleshpur,5553.0,S
10,Bihar,10.0,208,Muzaffarpur,216.0,1214,Sakra,1214.0,S
27,Maharashtra,27.0,474,Dhule,498.0,3958,Sakri,3958.0,S
33,Tamil Nadu,33.0,584,Salem,608.0,5970,Salem South,0.0,S
10,Bihar,10.0,216,Saharsa,214.0,1179,Salkhua,1179.0,S
19,West Bengal,19.0,305,Bankura,339.0,2356,Saltora,2356.0,S
28,Andhra Pradesh,28.0,746,Kakinada,0.0,4910,Samalkota,4910.0,S
6,Haryana,6.0,73,Rohtak,82.0,406,Sampla,406.0,S
22,Chhattisgarh,22.0,649,Balrampur-Ramanujganj,0.0,7242,Samri,0.0,S
27,Maharashtra,27.0,498,Wardha,504.0,4022,Samudrapur,4022.0,S
23,Madhya Pradesh,23.0,414,Khargone (West Nimar),440.0,6997,Sanawad,0.0,S
19,West Bengal,19.0,303,North 24 Parganas,337.0,2335,Sandeshkhali - II,2335.0,S
27,Maharashtra,27.0,492,Ratnagiri,528.0,4272,Sangameshwar,4272.0,S
2,Himachal Pradesh,2.0,19,Kinnaur,34.0,199,Sangla,199.0,S
27,Maharashtra,27.0,472,Buldhana,500.0,3976,Sangrampur,3976.0,S
12,Arunachal Pradesh,12.0,233,Kurung Kumey,256.0,1705,Sangram Sdo,1705.0,S
13,Nagaland,13.0,249,Tuensang,267.0,1819,Sangsangnyu,1819.0,S
30,Goa,30.0,552,South Goa,586.0,5618,Sanguem,5618.0,S
28,Andhra Pradesh,28.0,755,Nandyal,0.0,5300,Sanjamala,5300.0,S
10,Bihar,10.0,215,Rohtas,234.0,1465,Sanjhauli,1465.0,S
8,Rajasthan,8.0,110,Nagaur,112.0,7149,Sanjhu,0.0,S
33,Tamil Nadu,33.0,733,Tenkasi,0.0,5871,Sankarankoil,5871.0,S
22,Chhattisgarh,22.0,375,Bilaspur,406.0,7235,Sankari,0.0,S
28,Andhra Pradesh,28.0,517,Prakasam,549.0,5138,Santhanuthala Padu,5138.0,S
19,West Bengal,19.0,320,Nadia,336.0,2311,Santipur,2311.0,S
18,Assam,18.0,708,Charaideo,0.0,7054,Sapekhati,0.0,S
8,Rajasthan,8.0,108,Karauli,107.0,525,Sapotra,525.0,S
22,Chhattisgarh,22.0,379,Janjgir-Champa,405.0,7274,Saragaon,0.0,S
23,Madhya Pradesh,23.0,638,Singrauli,463.0,6986,Sarai,0.0,S
10,Bihar,10.0,217,Samastipur,221.0,1295,Sarairanjan,1295.0,S
10,Bihar,10.0,208,Muzaffarpur,216.0,1202,Saraiya,1202.0,S
36,Telangana,0.0,680,Nirmal,0.0,4336,Sarangapur,4336.0,S
23,Madhya Pradesh,23.0,422,Rajgarh,442.0,3567,Sarangpur,3567.0,S
23,Madhya Pradesh,23.0,403,Dhar,438.0,3533,Sardarpur,3533.0,S
8,Rajasthan,8.0,96,Churu,102.0,483,Sardarshahar,483.0,S
8,Rajasthan,8.0,98,Dholpur,106.0,6389,Sarmathura,0.0,S
37,Ladakh,0.0,9,Leh Ladakh,3.0,7160,Saspol,0.0,U
23,Madhya Pradesh,23.0,398,Chhatarpur,425.0,7397,Satai,0.0,S
10,Bihar,10.0,216,Saharsa,214.0,1172,Satar Kataiya,1172.0,S
28,Andhra Pradesh,28.0,752,Tirupati,0.0,5402,Satyavedu,5402.0,S
12,Arunachal Pradesh,12.0,231,East Kameng,247.0,1591,Sawa Circle,1591.0,S
8,Rajasthan,8.0,781,Kekri,,6660,Sawar,0.0,S
13,Nagaland,13.0,245,Kohima,270.0,1850,Sechu-Zubza,1850.0,S
28,Andhra Pradesh,28.0,743,Parvathipuram Manyam,0.0,4770,Seethampeta,4770.0,S
12,Arunachal Pradesh,12.0,241,Upper Subansiri,249.0,6553,Segi Gusar Circle,0.0,S
23,Madhya Pradesh,23.0,427,Sehore,445.0,3582,Sehore,3582.0,S
23,Madhya Pradesh,23.0,427,Sehore,445.0,7008,Sehore Nagar,0.0,S
17,Meghalaya,17.0,278,West Garo Hills,293.0,1962,Selsella,1962.0,S
27,Maharashtra,27.0,489,Parbhani,513.0,4116,Selu,4116.0,S
23,Madhya Pradesh,23.0,424,Rewa,430.0,3475,Semaria,3475.0,S
33,Tamil Nadu,33.0,580,Namakkal,609.0,6632,Sendamangalam,0.0,S
33,Tamil Nadu,33.0,610,Ariyalur,616.0,5785,Sendurai,5785.0,S
27,Maharashtra,27.0,477,Hingoli,512.0,4111,Sengaon,4111.0,S
23,Madhya Pradesh,23.0,409,Narmadapuram,449.0,3612,Seoni Malwa,3612.0,S
8,Rajasthan,8.0,98,Dholpur,106.0,517,Sepau,517.0,S
28,Andhra Pradesh,28.0,502,Ananthapuramu,553.0,5332,Settur,5332.0,S
36,Telangana,0.0,518,Ranga Reddy,537.0,4542,Shabad,4542.0,S
27,Maharashtra,27.0,486,Nandurbar,497.0,3953,Shahade,3953.0,S
10,Bihar,10.0,192,Bhagalpur,224.0,1341,Shahkund,1341.0,S
29,Karnataka,29.0,635,Yadgir,580.0,5588,Shahpur,5588.0,S
37,Ladakh,0.0,6,Kargil,4.0,6192,Shakar Chiktan,0.0,U
17,Meghalaya,17.0,279,West Khasi Hills,296.0,7338,Shallang,0.0,S
5,Uttarakhand,5.0,46,Bageshwar,63.0,6367,Shama,0.0,S
9,Uttar Pradesh,9.0,660,Shamli,0.0,707,Shamli,707.0,S
24,Gujarat,24.0,454,Panch Mahals,484.0,3883,Shehera,3883.0,S
10,Bihar,10.0,219,Sheikhpura,228.0,1374,Sheikhpura,1374.0,S
33,Tamil Nadu,33.0,733,Tenkasi,0.0,5874,Shenkottai,5874.0,S
37,Ladakh,0.0,6,Kargil,4.0,7305,Shergole,0.0,U
27,Maharashtra,27.0,480,Kolhapur,530.0,4286,Shirol,4286.0,S
27,Maharashtra,27.0,474,Dhule,498.0,3956,Shirpur,3956.0,S
29,Karnataka,29.0,547,Shivamogga,568.0,5520,Shivamogga,5520.0,S
33,Tamil Nadu,33.0,577,Krishnagiri,631.0,6641,Shoolagiri,0.0,S
8,Rajasthan,8.0,108,Karauli,107.0,7148,Shrimahaveer Ji,0.0,S
23,Madhya Pradesh,23.0,430,Shajapur,436.0,3522,Shujalpur,3522.0,S
9,Uttar Pradesh,9.0,134,Bulandshahr,142.0,747,Siana,747.0,S
36,Telangana,0.0,692,Siddipet,0.0,6281,Siddipet Rural,0.0,S
36,Telangana,0.0,692,Siddipet,0.0,4459,Siddipet Urban,4459.0,S
23,Madhya Pradesh,23.0,411,Jabalpur,451.0,3627,Sihora,3627.0,S
9,Uttar Pradesh,9.0,126,Ballia,193.0,976,Sikanderpur,976.0,S
10,Bihar,10.0,211,Pashchim Champaran,203.0,1026,Sikta,1026.0,S
10,Bihar,10.0,188,Araria,209.0,1118,Sikti,1118.0,S
10,Bihar,10.0,209,Nalanda,229.0,1395,Silao,1395.0,S
27,Maharashtra,27.0,469,Chhatrapati Sambhajinagar,515.0,4135,Sillod,4135.0,S
12,Arunachal Pradesh,12.0,237,Papum Pare,248.0,6843,Silsango Circle,0.0,S
10,Bihar,10.0,216,Saharsa,214.0,1178,Simri Bakhtiarpur,1178.0,S
21,Odisha,21.0,368,Nuapada,394.0,3158,Sinapali,3158.0,S
29,Karnataka,29.0,530,Vijayapura,557.0,5451,Sindgi,5451.0,S
8,Rajasthan,8.0,775,Balotra,,6052,Sindhari,0.0,S
27,Maharashtra,27.0,474,Dhule,498.0,3957,Sindkhede,3957.0,S
33,Tamil Nadu,33.0,585,Sivaganga,622.0,5995,Singampunari,0.0,S
10,Bihar,10.0,217,Samastipur,221.0,1301,Singhia,1301.0,S
24,Gujarat,24.0,445,Dahod,485.0,6480,Singvad,0.0,S
29,Karnataka,29.0,548,Tumakuru,571.0,5533,Sira,5533.0,S
9,Uttar Pradesh,9.0,158,Kaushambi,174.0,885,Sirathu,885.0,S
36,Telangana,0.0,683,Rajanna Sircilla,0.0,4435,Sircilla,4435.0,S
23,Madhya Pradesh,23.0,437,Vidisha,443.0,3571,Sironj,3571.0,S
28,Andhra Pradesh,28.0,755,Nandyal,0.0,5286,Sirvel,5286.0,S
29,Karnataka,29.0,546,Raichur,559.0,7097,Sirwar,0.0,S
23,Madhya Pradesh,23.0,416,Mandsaur,433.0,3498,Sitamau,3498.0,S
33,Tamil Nadu,33.0,597,Virudhunagar,625.0,5849,Sivakasi,5849.0,S
28,Andhra Pradesh,28.0,504,Y.S.R.,551.0,5204,S.Mydukur,5204.0,S
28,Andhra Pradesh,28.0,503,Chittoor,554.0,5394,Sodam,5394.0,S
23,Madhya Pradesh,23.0,429,Shahdol,460.0,3691,Sohagpur,3691.0,S
17,Meghalaya,17.0,274,East Khasi Hills,298.0,6542,Sohiong,0.0,S
6,Haryana,6.0,62,Gurugram,86.0,420,Sohna,420.0,S
20,Jharkhand,20.0,339,Ranchi,364.0,2689,Sonahatu,2689.0,S
22,Chhattisgarh,22.0,644,Balodabazar-Bhatapara,0.0,7296,Sonakhan,0.0,S
19,West Bengal,19.0,305,Bankura,339.0,2364,Sonamukhi,2364.0,S
18,Assam,18.0,618,Kamrup Metro,322.0,2130,Sonapur,2130.0,S
18,Assam,18.0,708,Charaideo,0.0,2074,Sonari,2074.0,S
24,Gujarat,24.0,641,Tapi,493.0,3944,Songadh,3944.0,S
21,Odisha,21.0,346,Baleshwar,377.0,2907,Soro,2907.0,S
33,Tamil Nadu,33.0,594,Thoothukkudi,627.0,5867,Srivaikuntam,5867.0,S
8,Rajasthan,8.0,629,Pratapgarh,131.0,7150,Suhagpura,0.0,S
8,Rajasthan,8.0,96,Churu,102.0,486,Sujangarh,486.0,S
23,Madhya Pradesh,23.0,421,Raisen,446.0,6532,Sultanpur,0.0,S
36,Telangana,0.0,682,Peddapalli,0.0,4425,Sulthanabad,4425.0,S
33,Tamil Nadu,33.0,569,Coimbatore,632.0,5896,Sulur,5896.0,S
37,Ladakh,0.0,9,Leh Ladakh,3.0,11,Sumoor,11.0,U
10,Bihar,10.0,223,Supaul,208.0,1109,Supaul,1109.0,S
22,Chhattisgarh,22.0,648,Surajpur,0.0,3242,Surajpur,3242.0,S
10,Bihar,10.0,221,Sitamarhi,206.0,1068,Sursand,1068.0,S
24,Gujarat,24.0,675,Gir Somnath,0.0,3836,Sutrapada,3836.0,S
5,Uttarakhand,5.0,45,Almora,64.0,6330,Syalde,0.0,S
28,Andhra Pradesh,28.0,506,Guntur,548.0,5056,Tadikonda,5056.0,S
28,Andhra Pradesh,28.0,502,Ananthapuramu,553.0,5313,Tadipatri,5313.0,S
37,Ladakh,0.0,6,Kargil,4.0,7306,Taisuru,0.0,U
9,Uttar Pradesh,9.0,139,Etawah,161.0,6158,Takha,0.0,S
2,Himachal Pradesh,2.0,23,Shimla,33.0,6963,Taklech,0.0,S
32,Kerala,32.0,566,Thrissur,594.0,5652,Talappilly,5652.0,S
8,Rajasthan,8.0,771,Gangapurcity,,7225,Talawara,0.0,S
29,Karnataka,29.0,530,Vijayapura,557.0,7073,Talikoti,0.0,S
24,Gujarat,24.0,458,Sabar Kantha,472.0,3768,Talod,3768.0,S
27,Maharashtra,27.0,486,Nandurbar,497.0,3952,Talode,3952.0,S
28,Andhra Pradesh,28.0,754,Sri Sathya Sai,0.0,5340,Talupula,5340.0,S
14,Manipur,14.0,258,Tamenglong,273.0,1864,Tamenglong West,1864.0,S
23,Madhya Pradesh,23.0,399,Chhindwara,455.0,3647,Tamia,3647.0,S
21,Odisha,21.0,373,Sundargarh,374.0,2822,Tangarapali,2822.0,S
10,Bihar,10.0,196,Gaya,236.0,1506,Tan Kuppa,1506.0,S
6,Haryana,6.0,604,Nuh,87.0,421,Taoru,421.0,S
12,Arunachal Pradesh,12.0,677,Kra Daadi,0.0,1711,Tarak Lengdi Cicle,1711.0,S
23,Madhya Pradesh,23.0,435,Ujjain,435.0,3512,Tarana,3512.0,S
21,Odisha,21.0,354,Ganjam,388.0,3071,Tarasingi,3071.0,S
20,Jharkhand,20.0,338,Palamu,358.0,2629,Tarhasi,2629.0,S
29,Karnataka,29.0,532,Chikkamagaluru,570.0,5528,Tarikere,5528.0,S
1,Jammu And Kashmir,1.0,12,Rajouri,6.0,6775,Taryath,0.0,U
27,Maharashtra,27.0,493,Sangli,531.0,4301,Tasgaon,4301.0,S
8,Rajasthan,8.0,774,Beawar,,6656,Tatgarh,0.0,S
12,Arunachal Pradesh,12.0,725,Shi Yomi,0.0,6589,Tato Eac,0.0,S
12,Arunachal Pradesh,12.0,238,Tawang,245.0,1559,Tawang Hq,1559.0,S
8,Rajasthan,8.0,87,Alwar,104.0,7113,Tehla,0.0,S
5,Uttarakhand,5.0,55,Tehri Garhwal,59.0,297,Tehri,297.0,S
13,Nagaland,13.0,613,Peren,271.0,1856,Tening,1856.0,S
18,Assam,18.0,290,Jorhat,312.0,2079,Teok,2079.0,S
10,Bihar,10.0,207,Munger,226.0,1363,Tetiha Bambor,1363.0,S
5,Uttarakhand,5.0,52,Pauri Garhwal,61.0,308,Thailisain,308.0,S
1,Jammu And Kashmir,1.0,627,Reasi,20.0,6745,Thakrakote,0.0,U
2,Himachal Pradesh,2.0,18,Kangra,24.0,7289,Thakurdwara,0.0,S
9,Uttar Pradesh,9.0,171,Moradabad,135.0,717,Thakurdwara,717.0,S
10,Bihar,10.0,203,Kishanganj,210.0,1123,Thakurganj,1123.0,S
21,Odisha,21.0,344,Anugul,384.0,3019,Thakurgarh,3019.0,S
23,Madhya Pradesh,23.0,412,Jhabua,464.0,3706,Thandla,3706.0,S
36,Telangana,0.0,683,Rajanna Sircilla,0.0,6217,Thangallapalli,0.0,S
33,Tamil Nadu,33.0,586,Thanjavur,620.0,5814,Thanjavur,5814.0,S
14,Manipur,14.0,715,Pherzawl,0.0,1869,Thanlon,1869.0,S
10,Bihar,10.0,197,Gopalganj,217.0,1223,Thawe,1223.0,S
15,Mizoram,15.0,261,Aizawl,283.0,1905,Thingsulthliah,1905.0,S
33,Tamil Nadu,33.0,578,Madurai,623.0,5962,Thirupparankundram,0.0,S
33,Tamil Nadu,33.0,585,Sivaganga,622.0,5965,Thiruppuvanam,0.0,S
28,Andhra Pradesh,28.0,746,Kakinada,0.0,4901,Thondangi,4901.0,S
28,Andhra Pradesh,28.0,752,Tirupati,0.0,5379,Thottambedu,5379.0,S
2,Himachal Pradesh,2.0,23,Shimla,33.0,190,Tikar,190.0,S
12,Arunachal Pradesh,12.0,235,Lower Dibang Valley,258.0,1726,Tinali Paglam Circle,1726.0,S
12,Arunachal Pradesh,12.0,724,Leparada,0.0,1635,Tirbin Eac,1635.0,S
27,Maharashtra,27.0,476,Gondia,507.0,4044,Tirora,4044.0,S
33,Tamil Nadu,33.0,591,Tiruchirappalli,614.0,5779,Tiruchirappalli West,5779.0,S
33,Tamil Nadu,33.0,730,Chengalpattu,0.0,5709,Tirukalukundram,5709.0,S
36,Telangana,0.0,507,Hyderabad,536.0,4499,Tirumalgiri,4499.0,S
33,Tamil Nadu,33.0,732,Tirupathur,0.0,5720,Tirupathur,5720.0,S
32,Kerala,32.0,562,Malappuram,592.0,5645,Tirurangadi,5645.0,S
33,Tamil Nadu,33.0,589,Thiruvallur,602.0,5696,Tiruttani,5696.0,S
28,Andhra Pradesh,28.0,749,Ntr,0.0,4997,Tiruvuru,4997.0,S
30,Goa,30.0,551,North Goa,585.0,5611,Tiswadi,5611.0,S
13,Nagaland,13.0,247,Mon,261.0,1745,Tizit,1745.0,S
15,Mizoram,15.0,261,Aizawl,283.0,1901,Tlangnuam,1901.0,S
8,Rajasthan,8.0,781,Kekri,,619,Todaraisingh,619.0,S
6,Haryana,6.0,61,Fatehabad,78.0,387,Tohana,387.0,S
22,Chhattisgarh,22.0,642,Sukma,0.0,7317,Tongpal,0.0,S
20,Jharkhand,20.0,325,Dhanbad,354.0,2581,Topchanchi,2581.0,S
20,Jharkhand,20.0,606,Khunti,365.0,2701,Torpa,2701.0,S
1,Jammu And Kashmir,1.0,11,Pulwama,12.0,50,Tral,50.0,U
10,Bihar,10.0,223,Supaul,208.0,1111,Tribeniganj,1111.0,S
13,Nagaland,13.0,757,Tseminyu,0.0,1844,Tsogin,1844.0,S
28,Andhra Pradesh,28.0,750,Bapatla,0.0,5085,Tsunduru,5085.0,S
13,Nagaland,13.0,246,Mokokchung,262.0,5990,Tsurangkong,0.0,S
13,Nagaland,13.0,249,Tuensang,267.0,1817,Tuensang Sadar,1817.0,S
28,Andhra Pradesh,28.0,511,Kurnool,552.0,5293,Tuggali,5293.0,S
1,Jammu And Kashmir,1.0,626,Ganderbal,11.0,6807,Tullamulla Khirbhawani,0.0,U
21,Odisha,21.0,359,Kandhamal,390.0,3121,Tumudibandha,3121.0,S
9,Uttar Pradesh,9.0,143,Firozabad,147.0,771,Tundla,771.0,S
8,Rajasthan,8.0,783,Jaipur (Gramin),,7142,Tunga,0.0,S
29,Karnataka,29.0,548,Tumakuru,571.0,5540,Turuvekere,5540.0,S
21,Odisha,21.0,345,Balangir,393.0,3143,Tushura,3143.0,S
6,Haryana,6.0,65,Jind,77.0,6413,Uchana,0.0,S
10,Bihar,10.0,197,Gopalganj,217.0,1222,Uchkagaon,1222.0,S
2,Himachal Pradesh,2.0,21,Lahaul And Spiti,25.0,114,Udaipur,114.0,S
28,Andhra Pradesh,28.0,515,Sri Potti Sriramulu Nellore,550.0,5154,Udayagiri,5154.0,S
33,Tamil Nadu,33.0,587,The Nilgiris,611.0,5756,Udhagamandalam,5756.0,S
1,Jammu And Kashmir,1.0,14,Udhampur,19.0,72,Udhampur,72.0,U
23,Madhya Pradesh,23.0,435,Ujjain,435.0,7046,Ujjain Nagar,0.0,S
14,Manipur,14.0,260,Ukhrul,279.0,1888,Ukhrul,1888.0,S
28,Andhra Pradesh,28.0,515,Sri Potti Sriramulu Nellore,550.0,5152,Ulavapadu,5152.0,S
21,Odisha,21.0,372,Sonepur,392.0,3136,Ulunda,3136.0,S
27,Maharashtra,27.0,500,Yavatmal,510.0,4086,Umarkhed,4086.0,S
24,Gujarat,24.0,443,Bhavnagar,481.0,3853,Umrala,3853.0,S
27,Maharashtra,27.0,484,Nagpur,505.0,4034,Umred,4034.0,S
23,Madhya Pradesh,23.0,399,Chhindwara,455.0,3653,Umreth,3653.0,S
27,Maharashtra,27.0,485,Nanded,511.0,4103,Umri,4103.0,S
36,Telangana,0.0,695,Jogulamba Gadwal,0.0,6299,Undavelly,0.0,S
28,Andhra Pradesh,28.0,510,Krishna,547.0,5013,Unguturu,5013.0,S
36,Telangana,0.0,700,Medchal Malkajgiri,0.0,4524,Uppal,4524.0,S
27,Maharashtra,27.0,491,Raigad,520.0,4172,Uran,4172.0,S
1,Jammu And Kashmir,1.0,3,Baramulla,8.0,37,Uri,37.0,U
24,Gujarat,24.0,461,Vadodara,486.0,6529,Vadodara East,0.0,S
24,Gujarat,24.0,461,Vadodara,486.0,6528,Vadodara West,0.0,S
24,Gujarat,24.0,442,Bharuch,488.0,3915,Vagra,3915.0,S
28,Andhra Pradesh,28.0,519,Srikakulam,542.0,4781,Vajrapukotturu,4781.0,S
28,Andhra Pradesh,28.0,752,Tirupati,0.0,5192,Vakadu,5192.0,S
33,Tamil Nadu,33.0,590,Thiruvarur,619.0,5803,Valangaiman,5803.0,S
28,Andhra Pradesh,28.0,504,Y.S.R.,551.0,5225,Vallur,5225.0,S
33,Tamil Nadu,33.0,569,Coimbatore,632.0,5900,Valparai,5900.0,S
14,Manipur,14.0,715,Pherzawl,0.0,6507,Vangai Range,0.0,S
24,Gujarat,24.0,450,Kheda,483.0,6034,Vaso,0.0,S
32,Kerala,32.0,561,Kozhikode,591.0,5638,Vatakara,5638.0,S
28,Andhra Pradesh,28.0,751,Palnadu,0.0,5041,Veldurthy,5041.0,S
32,Kerala,32.0,558,Kasaragod,588.0,5933,Vellarikkundu,0.0,S
36,Telangana,0.0,720,Mulugu,0.0,4724,Venkatapuram,4724.0,S
33,Tamil Nadu,33.0,570,Cuddalore,617.0,5953,Veppur,0.0,S
23,Madhya Pradesh,23.0,437,Vidisha,443.0,7017,Vidisha Nagar,0.0,S
10,Bihar,10.0,217,Samastipur,221.0,1296,Vidyapati Nagar,1296.0,S
24,Gujarat,24.0,451,Mahesana,471.0,3756,Vijapur,3756.0,S
29,Karnataka,29.0,530,Vijayapura,557.0,5449,Vijayapura,5449.0,S
8,Rajasthan,8.0,774,Beawar,,6661,Vijaynagar,0.0,S
24,Gujarat,24.0,458,Sabar Kantha,472.0,3761,Vijaynagar,3761.0,S
12,Arunachal Pradesh,12.0,229,Changlang,253.0,1679,Vijoynagar Eac,1679.0,S
33,Tamil Nadu,33.0,596,Viluppuram,607.0,5978,Vikravandi,0.0,S
33,Tamil Nadu,33.0,582,Pudukkottai,621.0,6614,Viralimalai,0.0,S
28,Andhra Pradesh,28.0,521,Vizianagaram,543.0,4836,Vizianagaram,4836.0,S
28,Andhra Pradesh,28.0,515,Sri Potti Sriramulu Nellore,550.0,5147,Voletivaripalem,5147.0,S
24,Gujarat,24.0,444,Dangs,489.0,6023,Waghai,0.0,S
12,Arunachal Pradesh,12.0,234,Lohit,259.0,1730,Wakro Circle,1730.0,S
33,Tamil Nadu,33.0,731,Ranipet,0.0,5714,Wallajah,5714.0,S
27,Maharashtra,27.0,493,Sangli,531.0,4296,Walwa,4296.0,S
36,Telangana,0.0,692,Siddipet,0.0,4485,Wargal,4485.0,S
6,Haryana,6.0,62,Gurugram,86.0,6420,Wazirabad St,0.0,S
36,Telangana,0.0,509,Khammam,541.0,4764,Wyra,4764.0,S
29,Karnataka,29.0,635,Yadgir,580.0,5589,Yadgir,5589.0,S
34,Puducherry,34.0,601,Yanam,634.0,5908,Yanam,5908.0,U
28,Andhra Pradesh,28.0,750,Bapatla,0.0,5107,Yeddana Pudi,5107.0,S
36,Telangana,0.0,698,Vikarabad,0.0,4536,Yelal,4536.0,S
36,Telangana,0.0,685,Kamareddy,0.0,4386,Yellareddy,4386.0,S
36,Telangana,0.0,509,Khammam,541.0,4767,Yerrupalem,4767.0,S
12,Arunachal Pradesh,12.0,240,Upper Siang,252.0,1663,Yingkiong Circle,1663.0,S
36,Telangana,0.0,689,Jangoan,0.0,4696,Zaffergadh,4696.0,S
36,Telangana,0.0,691,Sangareddy,0.0,4474,Zahirabad,4474.0,S
37,Ladakh,0.0,6,Kargil,4.0,15,Zanskar,15.0,U
27,Maharashtra,27.0,500,Yavatmal,510.0,4093,Zari-Jamani,4093.0,S
3,Punjab,3.0,31,Ferozepur,43.0,234,Zira,234.0,S
12,Arunachal Pradesh,12.0,236,Lower Subansiri,255.0,1695,Ziro Hq,1695.0,S
13,Nagaland,13.0,248,Phek,266.0,1810,Zuketsa,1810.0,S
